feature_ID,feature name,feature description,meta_feature_id,collection_id,feature URL,ID_in_collection,comments,number of languages
14,"Negation and tense, aspect, and mood marking","(By Philippe Maurer): ""Some APiCS languages do not allow the standard negator to co-occur with one or more tense, aspect, or mood markers. In some languages, the TAM marker is deleted, in other languages, the marker is replaced by another TAM marker, and in still other languages, the TAM marker is replaced by a special marker (or negator) which does not belong to the set of markers which occur in affirmative sentences.""",225,1,https://apics-online.info/parameters/50,50,(no deviation from Grammaticon concepts),
15,Gender agreement of adnominal adjectives,"(By Philippe Maurer): ""Gender may be subdivided into two types: sex-based distinctions vs. grammatical gender. Sex-based distinctions are probably found in all languages of the world; in Papiamentu (Caribbean, Ibero-Romance-based), for example, there is a contrast between mama ‘mother’ and tata ‘father’. This contrast, however, is a matter of lexical semantics. By contrast, grammatical gender requires syntactic evidence, called agreement. Agreement may be exhibited, for example, by verbs, adjectives, determiners, or numerals. An example of a language displaying agreement is French, as in _un grand clocher_ ‘a (m.) big (m.) church steeple’ vs. _une grande table_ ‘a (f.) big (f.) table’. In these examples, both the indefinite article and the adjective agree with their noun in gender.""",225,1,https://apics-online.info/parameters/40,40,"""Sex-based (lexical) distinctions"" such as ""father vs. mother"" are not treated as gender systems and are at most indirectly relevant for ""gender agreement"". In this APiCS chapter, ""agreement"" ecompasses not only concord within a nominal, but also cases like ""subject-verb agreement"" (though this seems to be extremely rare in the APiCS languages).",
20,Predicative adjectives,"(By Leon Stassen:) ""This map shows the distribution of the various options in the encoding of predicative adjectives, i.e. items which predicate a property of a subject. The basic distinction is between those languages in which predicative adjectives are encoded in a way that is parallel to predicative verbs, and those languages in which the encoding of predicative adjectives and verbs is different. An example of this latter, nonverbal, encoding of predicative adjectives is English..., [which] shows third person agreement in the present tense of its predicative verbs, but this option is not available for predicative adjectives: _*John tall-s_ is not acceptable in the language. On the other hand, Bororo (Macro-Gê; Mato Grosso, Brazil) offers an instance of verbal encoding of predicative adjectives; ... [where] the encoding of predicative verbs and of predicative “property words” is identical.""",12,3,https://wals.info/feature/118A,118A,"In Stassen's WALS feature, ""adjective"" is understood as ""property-denoting word"" (""an item which predicates a property of a subject""), independently of the strategy for encoding. This is very similar to the Grammaticon's definition of ""adjective"".",
22,Predicative noun phrases,"(By Susanne Maria Michaelis): ""This feature (based on WALS feature 120, by Leon Stassen) is about the presence or absence of a copula in clauses with predicative noun phrases with class-inclusion function . Thus we study how a situation like ‘Mary is a singer’ is expressed in the APiCS languages. In class-inclusion constructions, the predicative noun phrase (‘a singer’) is indefinite and non-referential. We are disregarding predicative noun phrases with identification function as in ‘My sister is the woman next to the singer’, where the predicative noun phrase is definite and referential. Moreover, we restrict our comparison to stative situations, i.e. we leave aside situations like ‘Mary became a singer’. ❡

A copula is defined as any overt element that occurs in such clauses apart from the subject and the predicative noun phrase and that does not normally occur in verbal clauses.""",225,1,https://apics-online.info/parameters/73,73,"""Class-inclusion construction"" is the same as Grammaticon's ""classificational clause"".",
25,Zero copula for predicate nominals,"(By Leon Stassen): ""This map shows the areal distribution of zero copula encoding for predicate nominals. That is, the map indicates whether a given language is like English, in which predicate nominals always require an overt copula..., or rather like Russian, in which omission of the copula is allowed for at least some constructions...""",16,3,https://wals.info/feature/120A,120A,"The Grammaticon's ""copula"" is a form, i.e. it is not ""zero"" by definition. Stassen's ""zero copula"" would be treated as absence of a copula. The notion of ""predicate nominal"" does not exist in Grammaticon, though the predicate of classificational clauses (a subtype of duonominal clauses) could be called ""nominal predicate"".",
28,Inclusive/exclusive distinction in independent pronouns,"(By Michael Cysouw): ""For speakers of English (or any other European language), both the inclusive and the exclusive pronouns are to be translated as we. The difference between the two depends on the intended meaning. An inclusive pronoun necessarily includes reference to the addressee. For example, the Mandarin inclusive pronoun _zámen_ means ‘we, I and you’; others can optionally be included. An exclusive pronoun, like the Mandarin pronoun _wŏmen_, excludes the addressee from the reference, resulting in a meaning like ‘I and some others, but not you’.""",1,3,http://wals.info/feature/39A,39A,"By ""independent pronouns"", Cysouw seems to mean the same as the Grammaticon's ""independent personal pronouns"". He contrasts it with ""verbal inflection"", i.e. affixal person indexing, and says nothing about clitic person indexes.",
30,Inclusive/exclusive distinction in independent personal pronouns,"(By Martin Haspelmath and Susanne Maria Michaelis): ""In this feature (based on WALS feature 39, by Michael Cysouw), we ask whether a language has an inclusive/exclusive distinction in independent personal pronouns. An inclusive pronouns means 'we including the hearer', and an exclusive pronoun means 'we excluding the hearer'.""",1,1,https://apics-online.info/parameters/15,15,,
35,Numeral classifiers,"(By David Gil): ""in many ... languages, nouns in construction with numerals may occur with an additional grammatical element even when such nouns are of high countability... Such elements are typically referred to as sortal numeral classifiers. This term makes reference to one of the most salient functions of such forms, which is to divide the inventory of count nouns into semantic classes, each of which is associated with a different classifier.""",20,3,https://wals.info/feature/55A,55A,"The dataset concerns only ""sortal numeral classifiers"" (not ""mensural numeral classifiers""), which correspond to the Grammaticon's ""numerative"".",
36,Number of genders,"(By Greville Corbett): ""The defining characteristic of gender is agreement: a language has a gender system only if we find different agreements ultimately dependent on nouns of different types. In other words, there must be evidence for gender outside the nouns themselves... It is equally important to be clear on definitions when we ask how many genders particular languages have. Our approach starts from Zaliznjak (1964). Basically, two nouns are in the same gender provided that, however we change the environment (treating both the same), then both will take the same agreements. ... The earlier Bantuist tradition treated nouns as being in different noun classes when singular and plural; we consider the total behaviour of a noun, including both its singular and its plural, with the result that a typical Bantu language may have 7-10 genders rather than around 20 noun classes. More generally, while in many languages there is no dispute as to the number of genders, there are a few where the question is far from straightforward. The analytical problem of determining the number of genders and the tests for deciding the gender of a given noun depend on separating out the classes into which nouns are divided (the controller genders) from the number of different genders marked on agreement targets (the target genders)...""",21,3,http://wals.info/feature/30A,30A,,257
37,Sortal numeral classifiers,"(By Philippe Maurer): ""This feature (based on WALS feature 55, by David Gil) is about sortal numeral classifiers, which divide the inventory of count nouns into semantic classes, each of which is associated with a different classifier. An example is Chinese Pidgin English _two piecee coolie_ 'two coolies'.""",225,1,https://apics-online.info/parameters/36,36,,
40,Position of pronominal possessive affixes,"(By Matthew S. Dryer): ""This map shows the position of possessive affixes on nouns... Note that the term possessive affix is used by different linguists for two very different sorts of affixes. This chapter uses the term for affixes like those in (1) which code the person, number, and/or gender of a possessor and which appear on a noun denoting the entity which is possessed. The term is occasionally used for what will be called here genitive affixes, case affixes which occur on nouns denoting possessors, to indicate that these nouns denote the possessor of something expressed by a separate noun...""",25,3,https://wals.info/feature/57A,57A,"Dryer's chapter is about affixal person indexes (though he does not use that term), and he is careful to distinguish them from genitive affixes.",
44,Obligatory possessive inflection,"(By Balthasar Bickel & Johanna Nichols): ""In many languages with head-marked possession (see Chapter 24) some nouns obligatorily require possessive inflection and cannot be used alone... These are often called bound nouns; here we use the more cumbersome but more precise term obligatorily possessed nouns. The opposition of obligatorily to optionally possessed nouns is often referred to as a distinction between “alienable” and “inalienable” possession (a term pair that is also used in several other senses, one of them mentioned below).""",28,3,https://wals.info/feature/58A,58A,"For ""obligatorily possessed nouns"" (i.e. nouns that must have a possessive person index), Haspelmath (2017) introduced the term ""possidend nouns"". Possidend noun roots are ""bound"" in the sense that they cannot occur on their own (without an index), but noun roots can be ""bound"" in other ways (e.g. by requiring a number affix, a case affix, or an article for free occurrence).",
48,Number of possessive nouns,"(By Bickel & Nichols 2005/2013, WALS 58B): ""The head noun 'chicken' is grammatically non-possessible, though as the example indicates its referent can be owned, showing that non-possessibility is a grammatical rather than a purely semantic property. The formally possessed generic noun 'pet' is a more or less conventional choice in this construction.  Such nouns will be called possessive nouns here. ... In most languages with possessive nouns, there is a small and closed set of nouns grammaticalized for such usage, and their semantics amounts to classification of possessive relations (so that possessive nouns are also referred to as possessive classifiers).""",31,3,https://wals.info/feature/58B,58B,,
51,Are there definite or specific articles?,"(By Jeremy Collins and Jay Latarche): ""An article is a marker that accompanies the noun and expresses notions such as (non-)specificity and (in)definiteness. Sometimes these notions of specificity and definiteness are summed up in the term 'identifiability'. The formal expression is irrelevant; articles can be free, bound, or marked by suprasegmental markers such as tone. Articles are different from demonstratives in that demonstratives occur in a paradigm of markers that have a clear spatial deictic function. As demonstratives can grammaticalize into definite or specific articles, they form a natural continuum, making it hard to define discrete categories, but to qualify as an article a marker should be used in some cases to express definiteness without also expressing a spatial deictic meaning.""",33,4,http://grambank.clld.org/parameters/GB020,GB020,"In the Grammaticon, articles are bound forms (in Grambank, ""free"" is intended to be defined phonologically), and they are always forms, not ""suprasegmental markers such as tone"" (but the latter are quite rare).",
52,Definite articles,"(By Matthew S. Dryer): ""This map shows information regarding definite articles. For the purposes of this map, a definite article is a morpheme which accompanies nouns and which codes definiteness or specificity, like ‘the’ in English. This is a somewhat broader use of the term definite article than is common, since it includes (i) affixes on nouns that code definiteness; and (ii) demonstratives, if those demonstratives are used as markers of definiteness. In many languages, words that are demonstratives, either in the sense that they can be used deictically with an accompanying gesture or in the sense that they exhibit a distinction in terms of distance (as in the contrast of this  and that  in English), are also widely used in contexts where English would use a definite article rather than a demonstrative.""",225,3,http://wals.info/feature/37A,37A,"Like the Grammaticon's definition, Dryer's includes affixal articles, and he includes both definite and specific articles. He also includes forms that are elsewhere used as demonstratives (""deictically with an accompanying gesture""), but when they only mark definiteness, they are also articles.",
53,Do indefinite nominals commonly have indefinite articles?,"(By Jeremy Collins and Jay Latarche): ""For this feature, we need explicit support that indefinite/non-specific NPs commonly occur with an indefinite/non-specific article. Three or more examples of indefinite/non-specific nominals occurring with an indefinite/non-specific article is sufficient to code 1.

An indefinite article is a marker that accompanies the indefinite noun and expresses notions such as non-specificity and indefiniteness. Sometimes these notions of non-specificity and indefiniteness are summed up in the term ‘identifiability’. A language does not necessarily have both a non-specific/indefinite and a specific/definite marker. These markers often stem from very different sources (numerals and demonstratives) and need not be similar in formal expression or position.

The formal expression is irrelevant; articles can be free, bound, or marked by suprasegmental markers such as tone. Articles are different from demonstratives in that demonstratives occur in a paradigm of markers that have a clear spatial deictic function. As demonstratives can grammaticalize into definite or specific articles, they form a natural continuum, making it hard to define discrete categories. Articles are more grammaticalized, i.e. are often obligatory in certain contexts that require definite or specific reference. Definite or specific articles can also grammaticalize from pronouns meaning ‘a certain’. As articles necessarily accompany nouns, it is in these cases that it is necessary to investigate whether the marker can occur independently or not; if it can it is most likely a pronoun and not an article. Articles can be homophonous with pronouns and demonstratives, and also with classifiers.""",225,4,http://grambank.clld.org/parameters/GB021,GB021,"It would seem that ""common occurrence"" must be part of the definition of ""indefinite article"", because in many languages, what people call ""indefinite articles"" are identical to the numeral ""one"". Forms such as English _some_, which do not occur very often with plural indefinite nominals, are rarely regarded as indefinite articles.",
54,Are there prenominal articles?,"(By Jeremy Collins and Jay Latarche): ""All questions concerning the order of elements aim to capture a pragmatically unmarked order. If both GB022 and GB023 are coded 1, please write a comment. Articles cover both definite or indefinite articles as defined in GB020 and GB021 respectively. In order to answer 1 for this feature, the markers' functions need to meet one of those definitions, so 1 should also have been answered for GB020 or GB021.""",37,4,http://grambank.clld.org/parameters/GB022,GB022,"As articles are almost always fixed in their position with regard to the noun, the notion of a ""pragmatically unmarked order"" is probably not necessary here.",
55,Are there postnominal articles?,"(By Jeremy Collins and Jay Latarche): ""All questions concerning the order of elements aim to capture a pragmatically unmarked order.If both GB022 and GB023 are coded 1, please write a comment. Articles cover both definite or indefinite articles as defined in GB020 and GB021 respectively. In order to answer 1 for this feature, the markers' functions need to meet one of those definitions, so 1 should also have been answered for GB020 or GB021.""",38,4,http://grambank.clld.org/parameters/GB023,GB023,"As articles are almost always fixed in their position with regard to the noun, the notion of a ""pragmatically unmarked order"" is probably not necessary here.",
56,Can adnominal property words occur discontinuously?,"(By Hannah J. Haynie): ""This feature describes an adnominal property word denoting core adjectival concepts such as shape, value, dimension, age, color (at a minimum -- many other meanings are possible) which can be separated from the noun it modifies by some element that is not part of the nominal phrase. For example, can you say _the man is running big_ to mean ‘*the big man is running’?

Typically a language which allows this has extensive agreement systems so that you can still work out what modifies what in the NP without them being adjacent (e.g. the ‘Australian type’). NPs that are made up of several coordinated NPs that can be interpreted by the verb or other elements are not relevant here. This features aims specifically to capture the phenomenon of a single NP whose property words can occur outside of and not immediately adjacent to the portion of the NP that contains the head. Examples of the type I painted the house red or I saw the boy big are not necessarily discontinuous, but most likely resultative or contrastive (I saw the boy big [as opposed to before when he was small]). These should be disregarded for the purposes of this feature.""

Note that for the purposes of this feature only property words (e.g. tall, red, friendly) should be considered. Any other elements described as 'adjectives' or 'adjectival' in the grammatical description (e.g. quantifiers, demonstratives) should be disregarded in coding this feature.""",39,4,http://grambank.clld.org/parameters/GB026,GB026,"If a property word is not used as part of a nominal, it is not regarded as ""adnominal"" in the Grammaticon definition.",
57,Marking of patient noun phrases,"(By Martin Haspelmath): ""Here we look at the marking of the patient argument in typical transitive clauses (‘David killed Goliath’, ‘The girl picked the flower’, etc.), i.e. what is often called direct object. We restrict our attention to full noun phrases, as pronouns are often treated in a special way. ❡

We ask whether patient noun phrases may have case-marking or adpositional marking that distinguishes them from agents (i.e. accusative marking), and if so, under what conditions it occurs. (Of course, fixed word order may also distinguish agents and patients, but this is not considered patient marking here.) Note that by presence of marking, we mean possibility of marking. In many languages, patient marking is optional and need not occur where it can occur.""",225,1,https://apics-online.info/parameters/57,57,,
74,Person syncretism in independent personal pronouns,"(By Martin Haspelmath): ""In most languages, there are distinct forms for the three persons in both singular and plural (and in the dual as well, if there is one), e.g. French _moi, toi, lui/elle, nous, vous, eux/elles_. But in some languages, there is person syncretism, i.e. there is a form in the paradigm of independent personal pronouns that serves for more than one person. For instance, some languages have the same form in the 1st and 2nd person plural (e.g. Haitian Creole _nou_), and some languages have the same form in the 2nd and 3rd person plural (e.g. Seychelles Creole _zot_). Note that we are not concerned with pure number syncretism here (e.g. English _you_ for 2sg/2pl).""",59,1,http://apics-online.info/parameters/16,16,,
77,Special dependent person forms for subject and object,"(By Martin Haspelmath): ""All languages have independent personal pronouns (words like 'I', 'you, 'he', 'we', etc.) that can occur on their own or in constructions in which they are singled out (focus constructions, coordination constructions). ❡

In addition, some languages have a special set of dependent person forms, which only occur together with a verb. They may be clitics or affixes, but the crucial characteristic is that they cannot be focused, coordinated or occur as an independent utterance. Thus, the weak French subject pronouns (_je, tu, il_, etc.), the Spanish clitic object pronouns (_me, te, lo, nos_, etc.), and also the Spanish subject person markers or verbs (_quiér-o_ 'I want', _quiér-es_ 'you want') count as dependent person forms. ❡

Not uncommonly, a distinction between independent and dependent pronouns is made only in some forms of the paradigm (e.g. in Kriol, only the 1SG and the 3PL have distinct dependent and independent subject forms). Such partially differentiated paradigms are lumped together with fully differentiated paradigms here.""",60,1,http://apics-online.info/parameters/17,17,,
81,Politeness distinctions in second-person pronouns,"(By Martin Haspelmath): ""This feature (based on WALS feature 45, by Johannes Helmbrecht) is concerned with second-person pronouns, which in some languages make a politeness distinction. A binary politeness distinction is a contrast such as _tu/vous_ in French or _tú/Usted_ in Spanish. Some languages even distinguish more than two degrees of politeness, by having distinct forms for intimate address, for neutral address, and for polite address. Finally, some languages use titles (as well as similar expressions such as kinship terms or names) as second-person forms. Although this option is in principle compatible with the other three values, it is distinguished as a fourth value here.""",64,1,http://apics-online.info/parameters/18,18,,
85,Interrogative pronouns,"(By Martin Haspelmath): ""Here we look at the four interrogative pronouns ‘who’, ‘where’, ‘when’, and ‘how’ and ask whether they are expressed as simple, monomorphemic words as in the European lexifiers, or as compound expressions consisting of a generic noun and an adnominal interrogative word. –– Compound interrogatives translate literally as 'which person', 'what place', 'what hour', 'what manner' or similar. From the first through the last value, languages show an increasing amount of compound expressions, and thus an increasing degree of distance from the European lexifiers.""",68,1,http://apics-online.info/parameters/19,19,,
90,Pronoun conjunction,"(By Martin Haspelmath): ""Here we ask how a language treats notional conjunction of singular personal pronoun and full noun phrase, as in 'Mary and I', or 'you and your brother'. Most commonly, languages use a singular pronoun that is overtly conjoined (by an 'and' word) with the full noun phrase. But they may also use an inclusory pronoun which denotes the entire set and that is combined with a subset NP that denotes a proper subset, e.g. ""we # Mary"" means 'we including Mary', i.e. 'Mary and I'. The inclusory pronoun can be simply juxtaposed, or combined with the subset NP by a marker, or or followed by a numeral. Finally, the singular pronoun may be simply juxtaposed with the other conjunct.""",73,1,http://apics-online.info/parameters/20,20,,
96,Is there an instrumental applicative marker on the verb (including indexing)?,"(By Jakob Lesage): ""This question concerns a phonologically bound verbal marker that signals that the verb has an instrument. In some languages, applicative markers may be used to topicalize, focalize or background the instrument. This type of marking also counts for this feature. The marker could be analyzed in the language-specific case as voice, indexing or a ‘bound pronoun’. The marker does not have to index the instrument.""",78,4,http://grambank.clld.org/parameters/GB104,GB104,"Instrumental indexing without the presence of an instrumental applicative marker seems to be extremely rare if it exists at all. (It may be that it is included in Grambank only for the purposes of parallelism with GB103, which covers benefactive person indexes or benefactive applicative markers.)",
98,Can the recipient in a ditransitive construction be marked like the monotransitive patient?,"(By Alena Witzlack-Makarevich): ""As a ditransitive construction we consider constructions with verbs expressing a physical transfer of possession or a mental transfer of messages (give, lend, hand, feed, send, bring, show, tell, teach). A ditransitive construction must allow overt expression of an agent, a theme and a recipient/addressee as separate NPs. The morphological marking of these arguments (e.g. accusative case, dative case vs. adposition marking) is irrelevant for counting a construction as ditransitive. ❡

‘Marking’ for the purposes of this feature includes both flagging (i.e. case and adposition marking) and indexing on the verb. 1 is primarily triggered by flagging. Only if there is no overt flagging for neither the P argument nor the recipient argument, indexing is considered. 1 covers both the ‘double-object construction’ and the ‘secondary-object construction’ of Haspelmath (2013).""",80,4,http://grambank.clld.org/parameters/GB105,GB105,The terms are used exactly as in the Grammaticon here.,
100,Ditransitive constructions: The verb 'give',"(By Martin Haspelmath): ""Ditransitive verbs are verbs with two arguments in addition to the subject: a “recipient” or “addressee” argument, and a “theme” argument. Typical ditransitive verb meanings are ‘give’, ‘sell’, ‘bring’, ‘tell’. Since different ditransitive verbs occur in different constructions in many languages, only a single verb meaning was taken into account for this chapter: the verb ‘give’, which is probably the most frequent ditransitive verb in all languages. ❡ 

The parameter of variation examined here is the relationship between the coding properties of the two ditransitive objects and the properties of the single object in a standard monotransitive construction (with a typical transitive verb like ‘catch’ or ‘kill’; this object is called patient  here). The two coding properties which are taken into account are case or adpositional marking and person-number indexing (“agreement”) on the verb.""",81,3,https://wals.info/feature/105A,105A,,
105,Is there directional or locative morphological marking on verbs?,"(By Jakob Lesage): ""This question concerns a phonologically bound verbal marker that signals the direction or location of the event/state/action. A marker that indicates that something happens in multiple directions does not count here.""",84,4,http://grambank.clld.org/parameters/GB108,GB108,"This feature only specifies ""directional/locative marking"", and it is unclear whether directional applicatives are included. Other directional markers are apparently always deictic, so maybe this should be included in the definition if applicative markers are not included.",
107,Is there verb suppletion for participant number?,"(By Hedvig Skirgård): ""Are there verbs that use a different stem depending on the number (singular, dual, plural, etc.) of a core participant? The participant triggering the suppletive choice could be A, P, or S. Auxiliary verbs are also considered verbs for the purpose of this feature.

Suppletion is a process where a lexeme is changed in such a way that the new form does not resemble the previous when it appears in a different position in the paradigm. An example of this is English went and go. In this case, the verb is suppletive for tense. Only strong suppletion (different stems) counts. There should be at least three verbs with participant number suppletion to count as 1. If only one or two verbs are described as exhibiting suppletion, code 0. If the author gives two examples but states or implies that it is more common, code 1.

Only so called 'strong suppletion' counts here, 'weak' suppletion is not included.""",86,4,http://grambank.clld.org/parameters/GB109,GB109,"Including ""auxiliary verbs"" is problematic because ""auxiliaries"" are quite unlike typical verbs in many languages.",
109,Is there a copula for predicate nominals?,"(By Jeremy Collins and Jay Latarche): ""Is there a copula in use in an equative sentence when the predicate is a nominal? The copula must be expressed in at least some equative sentences with predicate nominals but need not be obligatory in these constructions. Both verbal copulas and pro-copulas (e.g. demonstratives or personal pronouns that link the subject and predicate nominals) are relevant for this feature. Please note that adjectives are not included within the category of ‘nominals’ here. Please note copulas may be free forms, affixes, or clitics.",88,4,http://grambank.clld.org/parameters/GB117,GB117,"""Equative sentence"" seems to be equivalent to the Grammaticon's ""duonominal clause"", which is a cover term for classificational and equational clauses. (Note that ""equative"" is restricted in the Grammaticon to expressions of comparison.)",
111,Is there verb suppletion for tense or aspect?,"(By Hedvig Skirgård): ""Are there multiple sets of verbs that each combine with different sets of (inflectional) markers in finite forms? We are concerned with whether there is non-phonological allomorphy of finiteness marking on verbs depending on which verb is chosen. Phonological rules are not considered here but they may correlate with non-phonological allomorphy. Conjugation classes that are lexically assigned are relevant for coding this feature. Please note that a class of suppletive verbs does not count.

Look for finiteness markers such as: * Person: first, second, third * Number: singular, plural, dual and trial * Gender: masculine, feminine or neuter * Tense: present, past, or future * Aspect: perfect, perfective, progressive * Mood: indicative, subjunctive, imperative, optative * Voice: active, middle, or passive""",90,4,http://grambank.clld.org/parameters/GB110,GB110,,
113,Are there verbal affixes or clitics that turn intransitive verbs into transitive ones?,"(By Jakob Lesage): ""This feature asks whether intransitive verbs can take a phonologically bound morpheme that signals the addition of just one role in the event denoted by the verb. This could be a causative affix or clitic, an applicative marker (benefactive, instrumental, etc.), etc. The marker has to be productive. Note that there is no logical dependency with GB155 on causative markers, as a language could have causatives that change a verb's valency from 2 to 3 but not from 1 to 2.",92,4,http://grambank.clld.org/parameters/GB113,GB113,,
115,Is there a phonologically bound reflexive marker on the verb?,"(By Jakob Lesage): ""A reflexive marker indicates that a participant is coreferential with another participant in the clause or sentence. This marker may indicate both reflexive and reciprocal functions. If a ‘middle-voice’ marker is used to mark reflexive functions, it also counts as a reflexive marker. Reduplication of verbs also counts. The reflexive construction needs to be productive, not limited to a small set of likely lexicalized verbs in the language, to trigger 1 for this feature. This question targets lexical verbs, anything that happens with auxiliaries is not relevant for this feature.",94,4,http://grambank.clld.org/parameters/GB114,GB114,,
117,Is there a phonologically bound reciprocal marker on the verb?,"(By Jakob Lesage): ""A reciprocal marker indicates that an action or feeling is mutual between two or more parties (e.g. they love each other; they beat each other). A reciprocal marker may indicate both reflexive and reciprocal functions. Reduplication of verbs also counts. Reciprocal marking needs to be productive, not limited to a small set of verbs in the language that are probably lexicalized. This feature targets phonologically bound reciprocal markers.",,4,http://grambank.clld.org/parameters/GB115,GB115,,
119,Are there serial verb constructions?,"(By Jeremy Collins and Jay Latarche): ""This summary of serial verb constructions from Haspelmath (2016: 296) serves as a good clarification: ""A serial verb construction is a monoclausal construction consisting of multiple independent verbs with no element linking them and with no predicate–argument relation between the verbs."" ❡

Serial verbs are different from verb compounds, in that they are compositional: ""a serial verb construction must be a productive schematic CONSTRUCTION such that the meaning of a concrete construct can be determined on the basis of the meanings of its parts and the construction meaning. This means that non-compositional combinations of verbs do not fall within the definition."" By contrast, verbal compounds are lexicalized and often non-compositional. ❡

Serial verb constructions are also defined in Grambank as different from clause-chaining. Clause chaining involves a series of verbs which are not inflected, and one verb which is (see GB150). A serial verb construction is defined using Haspelmath's definition above, but in addition where it is not an example of clause chaining (i.e. it is not true that there is an inflected verb and the other verbs are missing inflection). It is however possible for a language to have both serial verb constructions and clause chaining. ❡

Serial verb constructions are also different from light verb constructions, which are made up of a verbal element and a lexical stem which is not an inflected verb, jointly determining argument structure (see GB123). ❡

'Verb' here refers to words that can be used as independent verbs in the language in question; but it is also best if they are dynamic verbs, as per the definition in Haspelmath (2016), 'Verbs are defined as dynamic event expressions that do not have special coding when used in predication function'. Serial verb constructions which are more restricted than that, such as only applying to stative verbs (e.g. a verb meaning 'good'), should not be counted as 1.""",98,4,http://grambank.clld.org/parameters/GB118,GB118,,
131,"Order of subject, object and verb","(By Matthew S. Dryer): ""This map shows the ordering of subject, object, and verb in a transitive clause, more specifically declarative clauses in which both the subject and object involve a noun (and not just a pronoun)... There are six logically possible orders of the three elements S, O, and V...""",104,3,https://wals.info/feature/81A,81A,"Dryer is interested here in the position of full nominals: clauses in which ""both the subject and object involve a noun (and not just a pronoun)"". The map records the dominant order if there is one.",
138,Occurrence of nominal plural markers,"(By Martin Haspelmath): ""Here we look at the variable occurrence of nominal plural forms (as in WALS feature 34, by Martin Haspelmath). Some languages plurals entirely, but those languages that have plural forms often use them optionally, or under certain conditions (such as animacy and definiteness). Especially human nouns tend to show plural marking when plural marking is not invariant in the language. Languages with the second value have optional plural marking but restrict it to human nouns. Languages with the third value have optional plural marking of all nouns. Finally, some languages are like the European lexifiers in requiring invariant plural marking.""",111,1,http://apics-online.info/parameters/22,22,,
142,Is there a class of patient-labile verbs?,"(By Alena Witzlack-Makarevich): ""The term ‘labileʼ is the most commonly used label for verbs which can be used transitively or intransitively without any formal change. A distinction is made between patient lability, more commonly referred to as P-lability, and agent lability or A-lability. P-lability stands for patient-preserving lability, that is, the P argument is preserved in the intransitive construction, as in I broke the stick[P] / The stick broke. A-lability stands for agent-preserving lability, that is the A argument is preserved in the intransitive construction, as in John[A] drinks tea / John drinks. ❡ 

This question asks only about P-labile verbs. Semantically, two things can happen with P-labile verbs. In case of (a) argument structure modifying P-lability, an otherwise transitive verb is used in the intransitive construction encoding an argument structure from which the A argument of the transitive construction is absent. In case of (b) less common argument structure preserving P-lability, the verb in its intransitive use implies the same participants with the same roles as in its transitive use, but in the intransitive use, the A argument is not expressed and is interpreted as non-specific.""",115,4,http://grambank.clld.org/parameters/GB401,GB401,"In the Grammaticon, the term ""labile"" is restricted to what has been called ""P-lability"", because otherwise it would be too broad.",
145,Does the verb for 'see' have suppletive verb forms?,"(By Hedvig Skirgård): ""This question concerns strong suppletion in verb(s) of seeing/watching/looking. Suppletion is a process where a lexeme is changed in such a way that the new form does not resemble the previous when it appears in a different position in the paradigm. ‘Weak’ suppletion is not included. An example of this is English went and go. In this case, the verb is suppletive for tense. ❡ 
 
Please note that we are not interested in words that are translated as ‘look for’, ‘seek’ etc. This feature is concerned with the transitive verb of the act of seeing, not with metaphorical extensions such as 'seek up’.""",118,4,http://grambank.clld.org/parameters/GB402,GB402,,
147,Does the verb for 'come' have suppletive verb forms?,"(By Hedvig Skirgård): ""This question concerns strong suppletion in verbs of coming. Suppletion is a process where a lexeme is changed in such a way that the new form does not resemble the previous when it appears in a different position in the paradigm. An example of this is English went and go. In this case, the verb is suppletive for tense. ‘Weak’ suppletion is not included.""",121,4,http://grambank.clld.org/parameters/GB403,GB403,,
149,Is there any accusative alignment of flagging?,"(By Alena Witzlack-Makarevich): ""Are P arguments flagged differently from S arguments (i.e. do they show accusative alignment)? Flagging covers any kind of argument marking on the argument itself (e.g. by case or adposition marking). The marking can be phonologically free or bound. The marking of A arguments is not relevant for establishing whether there is any accusative flagging or not, it is the difference between S and P flagging that results in 1. In case of split flagging systems (specifically, differential object marking), code as 1 if any of the subsystems (e.g. only nouns or only pronouns, or a particular group of nouns) shows accusative alignment. Note that although alignment types are occasionally associated with entire languages (e.g. when one says that ""Dyirbal is an ergative language""), they in fact apply only to individual constructions. This question asks only about the alignment of flagging, the alignment of indexing or of any other construction is irrelevant for this question.""",122,4,http://grambank.clld.org/parameters/GB408,GB408,,
151,Is there any ergative alignment of flagging?,"(By Alena Witzlack-Makarevich): ""Are A arguments flagged differently from S arguments (i.e. do they show ergative alignment)? Flagging covers any kind of argument marking on the argument itself (e.g. by case or adposition marking). The marking can be phonologically free or bound. The marking of P arguments is not relevant for establishing whether there is any ergative flagging or not, it is the difference between S and A flagging that results in 1. In case of split flagging systems (specifically, split ergativity), code as 1 if any of the subsystems (e.g. only nouns or only pronouns, or a particular tense or person) shows ergative alignment. Note that although alignment types are occasionally associated with entire languages (e.g. when one says that ""Dyirbal is an ergative language""), they in fact apply only to individual constructions. This question asks only about the alignment of flagging, the alignment of indexing or of any other construction is irrelevant for this question.""",122,4,http://grambank.clld.org/parameters/GB408,GB409,,
153,Is there any neutral alignment of monotransitive flagging?,"(By Alena Witzlack-Makarevich): ""Are S, A, and P arguments flagged identically (i.e. are they neutrally aligned)? Flagging covers any kind of argument marking on the argument itself (e.g. by case or adposition marking). The marking can be phonologically free or bound. Reply with 1 if none of the three arguments is overtly flagged (i.e. if all three arguments are zero-marked). In case of differential flagging systems, reply with 1 if any of the subsystems (e.g. a particular tense) shows neutral alignment. Reply with 1 if only nouns or only pronouns shows neutral alignment. Reply with 1 also if some or just one personal pronoun shows neutral alignment. Reply with 1 if a substantial class of nouns shows neutral alignment. Note that although alignment types are occasionally associated with entire languages (e.g. when one says that ""Dyirbal is an ergative language""), they in fact apply only to individual constructions. This question asks only about the alignment of flagging, the alignment of indexing or of any other construction is irrelevant for this question.""",126,4,http://grambank.clld.org/parameters/GB410,GB410,,
155,Is there a politeness distinction in 2nd person forms?,"(By Hannah J. Haynie): ""This feature asks whether there are different second person pronoun forms that are used based on the level of respect accorded by the speaker to the addressee. In some cases polite pronouns are used to indicate a level of formality or unfamiliarity between speaker and addressee. In other cases politeness distinctions are used according to very specific social relationships between speaker and addressee, such as relative age, social status, or kinship. If multiple second person pronoun forms exist in a single number category, and their use is patterned according to the level of intimacy or hierarchy of social relationship between speaker and addressee, this will suffice for a 1 code. The contrastive forms may or may not have other uses (e.g. in French the form _tu_ is used only for second person singular informal, while _vous_ is used for both second person singular polite and second person plural); a politeness distinction triggers a 1 for this feature regardless of whether the relevant forms have other functions/meanings.""",128,4,http://grambank.clld.org/parameters/GB415,GB415,,
157,Is there a preposed complementizer in complements of verbs of thinking and/or knowing?,"(By Hedvig Skirgård): ""Complementizers are markers (free or bound) which are able to turn a clause into the subject or object of a sentence. In some of the literature these are also known as ‘conjunctions’. The complementizer in the sentence I knew that Ashley was a genius is that and it is preposed to the complement clause (Ashley was a genius). The complementizer does not have to be phonologically free, the position in relation to the complement clause is what is relevant. This feature concerns whether the complementizer precedes the complement or not. ❡

This feature specifically targets sentences with verbs of thinking and knowing, where the complement clause is an object (I know that he is truthful or I think that this is a bad idea). This is done so that we get more comparable data across the sample.""",259,4,http://grambank.clld.org/parameters/GB421,GB421,,
161,What is the pragmatically unmarked order of S and V in intransitive clauses?,"(By Hannah J. Haynie): ""This feature focuses on the relative order of subject and verb in intransitive clauses. All questions concerning order of constituents aim to capture the pragmatically unmarked order between full NP constituents (not pronouns). Do not consider ‘left or right-dislocation’, accompanied by intonational signals, or pragmatically marked constructions such as focus. If the verb phrase consists of several elements it is the lexical verb that counts. The position of auxiliaries/TAME marking elements can be ignored.""",133,4,http://grambank.clld.org/parameters/GB130,GB130,,
164,Is a pragmatically unmarked constituent order verb-initial for transitive clauses?,"(By Hannah J. Haynie): ""This feature focuses on the relative order of the verb and its core arguments in a transitive clause. Any constituents other than the core arguments (A, P) and the verb of a transitive clause should be ignored. All questions concerning order of constituents aim to capture the pragmatically unmarked order between full NP constituents (not pronouns). Do not consider ‘left or right-dislocation’, accompanied by intonational signals or pragmatically marked constructions such as focus. If the verb phrase consists of several elements it is the lexical verb that counts. The position of auxiliaries/TAME marking elements can be ignored.""",135,4,http://grambank.clld.org/parameters/GB131,GB131,,
166,Is a pragmatically unmarked constituent order verb-final for transitive clauses?,"(By Hannah J. Haynie): ""This feature focuses on the relative order of the verb and its core arguments in a transitive clause. Any constituents other than the core arguments (A, P) and the verb of a transitive clause should be ignored. All questions concerning order of constituents aim to capture the pragmatically unmarked order between full NP constituents (not pronouns). Do not consider ‘left or right-dislocation', accompanied by intonational signals or pragmatically marked constructions such as focus. If the verb phrase consists of several elements it is the lexical verb that counts. The position of auxiliaries/TAME marking elements can be ignored.""",137,4,http://grambank.clld.org/parameters/GB133,GB133,,
167,Is there a logophoric pronoun?,"(By Hannah J. Haynie): ""Logophoric pronouns are used to distinguish reference to an individual whose speech or thought or feeling is being reported, as opposed to other third-person referents. Unsurprisingly, then, logophoric pronouns are found in reported speech contexts. This question concerns the existence of a special pronoun that specifically refers to the speaker/thinker/feeler in a reported speech construction. This special pronominal form occurs commonly in the complement clause of a speech or thought verb to designate the speaker/thinker/feeler (who is often also the subject of the speech/thought verb) as its referent.""",139,4,http://grambank.clld.org/parameters/GB167,GB167,,
169,Can an adnominal property word agree with the noun in gender/noun class?,"(By Jeremy Collins and Jay Latarche): ""For this feature, we are interested in noun classes (classes which nouns belong to based on properties such as gender, animacy, or shape and can be identified through agreement with a modifier). We are not looking at noun classifiers (classifiers classify the noun and occur independently from other elements). This feature asks whether adjectives (defined semantically as ‘adnominal property words’) show agreement with the noun class/gender of nouns they modify. This should be true for more than a small class of semantically restricted adjectives; English ‘blond’ vs. ‘blonde’ for example would not be enough to answer 1 for the question.""",141,4,http://grambank.clld.org/parameters/GB170,GB170,,
171,Can an adnominal demonstrative agree with the noun in gender/noun class?,"(By Jeremy Collins and Jay Latarche): ""For this feature, we are interested in noun classes (classes which nouns belong to based on properties such as gender, animacy, or shape and can be identified through agreement with a modifier). We are not looking at noun classifiers (classifiers classify the noun and occur independently from other elements). Demonstratives are adnominal modifiers that mark position. This feature asks whether demonstratives can agree in gender/noun class with their head noun, whether or not the head noun is overtly marked for gender/noun class.""",143,4,http://grambank.clld.org/parameters/GB171,GB171,,
173,Can an article agree with the noun in gender/noun class?,"(By Jeremy Collins and Jay Latarche): ""For this feature, we are interested in noun classes (classes which nouns belong to based on properties such as gender, animacy, or shape and can be identified through agreement with a modifier). We are not looking at noun classifiers (classifiers classify the noun and occur independently from other elements). Articles can agree in gender/noun class with the head noun even if the head noun is not overtly marked for gender/noun class. This feature concerns both definite and indefinite articles. Features GB020 and GB021 both concern the absence or presence of definite and indefinite articles, please consider those features if you have coded 1 for this feature.""",145,4,http://grambank.clld.org/parameters/GB172,GB172,,
175,Can an adnominal property word agree with the noun in number?,"(By Jeremy Collins and Jay Latarche): ""Adnominal property words semantically roughly correspond to adjectives in languages that have a separate adjective class. The property word can agree in number with the head noun even if the head noun is not overtly marked for number.""",147,4,http://grambank.clld.org/parameters/GB184,GB184,,
177,Can an adnominal demonstrative agree with the noun in number?,"(By Jeremy Collins and Jay Latarche): ""This question concerns adnominal demonstratives (not pronominal demonstratives) and whether they can agree in number with the head noun. Number marking on demonstratives counts as agreement even if the head noun is not overtly marked for number.""",149,4,http://grambank.clld.org/parameters/GB185,GB185,,
179,Is there any productive diminutive marking on the noun (exclude marking by system of nominal classification only)?,"(By Jeremy Collins and Jay Latarche): ""Diminutive marking encodes smaller size. This marker must be phonologically bound to the noun. The marker may also encode other meanings but needs to minimally encode smaller size. Reduplication and stem changes count. This needs to be a productive pattern.""",151,4,http://grambank.clld.org/parameters/GB187,GB187,,
182,Is there any productive augmentative marking on the noun (exclude marking by system of nominal classification only)?,"(By Jeremy Collins and Jay Latarche): ""Augmentative marking generally intensifies the noun (in various ways). To code 1, the marker needs to minimally encode a large size of the noun it is attached to. This needs to be a productive pattern.""",153,4,http://grambank.clld.org/parameters/GB188,GB188,,
183,Is there a gender system where a noun's phonological properties are a factor in class assignment?,"(By Hannah J. Haynie): ""A noun class/gender system categorizes nouns for the purposes of grammatical agreement with other constituents in the noun phrase or other inflectional morphology. See the classification wiki page for more information on our definition of noun class/gender. Noun class/gender assignment may be based on one or several factors. This feature focuses on whether the phonological properties of a noun constitute one of these factors for a given language. For this feature to be coded 1, there must be a clear preference for certain nouns to be classified in certain gender categories as a result of specific phonological properties. That is, some phonological property of a noun must be one relevant factor in the assignment of gender; however it does not need to be an absolute deciding factor or the only relevant factor in gender/class assignment. Examples of phonological properties that may play a role in gender/class assignment include tone, initial consonants, or root-final segments. Note that noun class/gender morphology may create phonological similarities across members of a certain noun class or gender; however, this is not sufficient for a 1 coding for this feature. Phonological properties must contribute to the categorization of nouns to classes/genders, rather than simply result from associated morphology.""",156,4,http://grambank.clld.org/parameters/GB192,GB192,,
185,What is the order of adnominal property word and noun?,"(By Jeremy Collins and Jay Latarche): ""Adnominal property words are also known as ""adjectives"", in particular in those languages where they make up a separate word class. We want to include elements that mark ‘adjectival’ function but that might not be described as ‘adjectives’, see GB069. The question concerns the pragmatically neutral order(s).""",157,4,http://grambank.clld.org/parameters/GB193,GB193,,
188,Is there a male/female distinction in 2nd person independent pronouns?,"(By Hannah J. Haynie): ""This feature asks whether the phonologically independent pronoun forms used for second persons differ for masculine and feminine referents. This masculine/feminine distinction is a minimal contrast required for the coding of this feature, but other gender categories may also be encoded in second person pronoun forms. Pronoun systems that encode other grammatical gender/noun class categories in second person forms in the absence of a masculine/feminine distinction are not sufficient to satisfy this criterion. Languages that qualify for a 1 code for this feature will include a distinction between masculine and feminine forms in at least some categories of second person independent pronouns, but possibly not all categories. In many languages this contrast occurs only in the singular pronouns; that is, there is a contrast between masculine and feminine forms for second person singular, but not for second person plural (or dual, or any other non-singular number category). In some languages there is a contrast in multiple number categories, including singular and some non-singular number categories. It is uncommon for a language to have a masculine/feminine contrast in non-singular second person pronouns but not in the singular pronouns. However such languages would also satisfy the criteria for this feature. For more information on the difference between grammatical gender and social, cultural, and biological constructs or traits, see the gender wiki page.""",160,4,http://grambank.clld.org/parameters/GB196,GB196,,
191,Is there a male/female distinction in 1st person independent pronouns?,"(By Hannah J. Haynie): ""This feature asks whether the phonologically independent pronoun forms used for first person differ for masculine and feminine referents. This masculine/feminine distinction is a minimal contrast required for the coding of this feature, but other gender categories may also be encoded in a language’s first person pronoun forms. Pronoun systems that encode other grammatical gender/noun class categories in first person forms in the absence of a masculine/feminine distinction are not sufficient to satisfy this criterion. Languages that qualify for a 1 code for this feature will include a distinction between masculine and feminine forms in at least some categories of first person independent pronouns, but possibly not all categories. In many languages this contrast occurs only in the singular pronouns; that is, there is a contrast between masculine and feminine forms for first person singular, but not for first person plural (or dual, or any other non-singular number category). In some languages there is a relevant contrast in multiple number categories, including singular and some non-singular number categories. It is uncommon for a language to have a masculine/feminine contrast in non-singular first person pronouns but not in the singular pronouns. However, such languages also satisfy the criteria for this feature. For more information on the difference between grammatical gender and social, cultural, and biological constructs or traits, see the gender wiki page.""",162,4,http://grambank.clld.org/parameters/GB197,GB197,,
192,What is the order of the adnominal collective universal quantifier ('all') and the noun?,"(By Hannah J. Haynie): ""This feature is concerned with the ordering of a universal quantifier (‘all’) and the noun. As with other word order features in this database, this is focused specifically on adnominal quantification in pragmatically unmarked contexts. In languages that do not have a distinction between collective and distributive universal quantifiers (‘all’ vs. ‘every’), a quantifier that could be translated as ‘all’ and has a primarily plural use will be a sufficient target for this feature. ❡

There are four possible codes for this feature, reflecting the fact that the collective universal quantifier might occur strictly before or strictly after the noun, may be allowed in both of these relative positions, or may not be present in a language. A 0 code is also applicable when the language does not allow a basic construction with an adnominal collective universal quantifier and a noun (e.g. if only a floating construction is used). ❡

Orders that result from constructions like quantifier float (e.g. English The children have all come.) should be disregarded for the purposes of coding this feature.""",165,4,http://grambank.clld.org/parameters/GB203,GB203,,
195,Do collective ('all') and distributive ('every') universal quantifiers differ in their forms or their syntactic positions?,"(By Hannah J. Haynie): ""This feature identifies languages that use different forms or syntactic positions for collective universal quantification (e.g. English all) versus distributive universal quantification (e.g. English every). This contrasts with languages that use both the same form and the same word order for these two types of quantification.""",167,4,http://grambank.clld.org/parameters/GB204,GB204,,
198,Can predicative possession be expressed with a transitive 'habeo' verb?,"(By Hedvig Skirgård): ""This question concerns predicative possession, i.e. clauses that express an ownership relation between a possessor and a possessum. For this feature, we are looking for a verb that expresses predicative possession where the possessor is the subject, the possessum the object and the verb is finite and clearly transitive. The finite element in itself need not be clearly distinct from an existential or locational predicator, the main difference is the argument structure. ❡

Transitivity is a language-specific category that needs to be investigated separately to learn whether or not the construction is transitive. In case of languages where transitivity is hard to define it might be beneficial to compare to verbs of holding and grasping. It is very likely that habeo-verb constructions arise from possessive constructions where the possessor is expressed as a topic.""",169,4,http://grambank.clld.org/parameters/GB250,GB250,,
200,Can predicative possession be expressed with an S-like possessum and a locative-coded possessor?,"(By Hedvig Skirgård): ""This question concerns predicative possession, i.e. clauses that express an ownership relation between a possessor and possessum. This feature is concerned with clauses where the possessum is the subject of an existential/locative predicate and the possessor is in an oblique form marked by an element meaning ‘at/in/on’ (e.g. the car is on me to mean ‘I have a car.’ or ‘The car is mine.’). The possessor-NP need not be overtly marked for location, it can be expressed in the verb itself, e.g. with a locative extension. It is necessary for the construction that the possessor is not the subject. ❡

This type of predicative possession construction is known as the ‘locational possessive’ in the work of Stassen (2001, 2013).""",171,4,http://grambank.clld.org/parameters/GB252,GB252,,
201,Can polar interrogation be marked by intonation only?,"(By Jeremy Collins and Jay Latarche): ""For this feature, we are looking for polar interrogation marked by intonation, and it should be the only marker in that construction. However, it does not have to be the only construction in the language which can mark polar interrogation. Intonation is our focus and not tone. Intonation is different from tonal marking. Tonal marking is bound to a certain position in the clause (e.g. the final syllable, or a certain constituent). Intonation concerns the whole clause and will have a variation in pitch across sentences and phrases.""",173,4,http://grambank.clld.org/parameters/GB257,GB257,,
204,Can polar interrogation be indicated by a special word order?,"(By Jeremy Collins and Jay Latarche): ""Can a change in word order mark polar questions? In order for a construction to trigger 1, there should be no other marker in the clause that signals polar interrogation, not even lack of finiteness compared to the affirmative. This excludes intonation, which may be different between questions and declarative statements.""",175,4,http://grambank.clld.org/parameters/GB260,GB260,,
205,Is there a clause-initial polar interrogative particle?,"(By Jeremy Collins and Jay Latarche): ""In this feature, we are looking for a polar interrogative particle that appears at the beginning of the clause. It is acceptable for a polar interrogative particle to appear in polar interrogatives and content questions, but the polar interrogative particle must be dedicated to marking questions that ask for the equivalent of an affirmative or negative answer (as opposed to content questions). ❡

Dryer (2013) distinguishes neutral questions from leading questions in the paragraph quoted below. This feature in Grambank concerns neutral questions: ❡

""Many languages have question particles or expressions that indicate that the question is a leading question, one where the speaker has an expectation as to what the answer will be. English, for example, employs what are called ""tag-questions"" for this purpose, illustrated in (13a), which differ from the neutral question form illustrated in (13b) in that its form indicates that the speaker expects a ‘yes’ answer: (13a) You’re planning to go to the beach, aren’t you? (13b) Are you planning to go to the beach?""",177,4,http://grambank.clld.org/parameters/GB262,GB262,,
208,Is there a clause-final polar interrogative particle?,"(By Jeremy Collins and Jay Latarche): ""In this feature, we are looking for a polar interrogative particle which appears at the end of the clause. The particle should be dedicated to marking questions that ask for the equivalent of an affirmative or negative answer (as opposed to content questions). This particle does not have to be obligatory, and it is sufficient if the particle does not always appear in clause-final position. ❡

Dryer (2013) distinguishes neutral questions from leading questions in the paragraph quoted below. This feature in Grambank concerns neutral questions. ❡

""Many languages have question particles or expressions that indicate that the question is a leading question, one where the speaker has an expectation as to what the answer will be. English, for example, employs what are called ""tag-questions"" for this purpose, illustrated in (13a), which differ from the neutral question form illustrated in (13b) in that its form indicates that the speaker expects a ‘yes’ answer: (13a) You’re planning to go to the beach, aren’t you? (13b) Are you planning to go to the beach?"" """,179,4,http://grambank.clld.org/parameters/GB263,GB263,,
209,Is there a polar interrogative particle that most commonly occurs neither clause-initially nor clause-finally?,"I(By Jeremy Collins and Jay Latarche): ""s there a particle that is dedicated to marking questions that ask for the equivalent of a 'yes’ or 'no’ answer (as opposed to content questions) that most commonly occurs in the middle of the clause, neither initially nor finally? (definition from Dryer 2013b). ❡

Dryer (2013a) distinguishes neutral questions from leading questions in the paragraph quoted below. This feature in Grambank concerns neutral questions. ❡

""Many languages have question particles or expressions that indicate that the question is a leading question, one where the speaker has an expectation as to what the answer will be. English, for example, employs what are called ""tag-questions"" for this purpose, illustrated in (13a), which differ from the neutral question form illustrated in (13b) in that its form indicates that the speaker expects a ‘yes’ answer: (13a) You’re planning to go to the beach, aren’t you? (13b) Are you planning to go to the beach?"" """,181,4,http://grambank.clld.org/parameters/GB264,GB264,,
212,"Is there a comparative construction that includes a form that elsewhere means 'surpass, exceed'?","(By Hannah J. Haynie): ""This feature identifies languages that have a comparative construction that involves a form (usually a verb form) meaning ‘surpass’ or ‘exceed’. Typically, the standard of comparison is the direct object, the object of comparison is the subject, and there are two predicates: one expressing ‘surpass/exceed’, and one carrying relevant lexical information about the property under comparison (e.g. Ronald exceed be-tall Julia., meaning ‘Ronald is taller than Julia.’). ❡

Though this typical structure is quite common in languages that have a ‘surpass/exceed’ comparative construction, only the use of a ‘surpass/exceed' form is required for this feature; it is not necessary for the standard to occur as a direct object or the thing being compared to serve as the subject in order to trigger a 1 value. The order of these predicates is not relevant for this feature, nor whether the property word is a verb or an adjective. The predicate expressing ‘surpass/exceed’ must also have functions besides comparison.""",183,4,http://grambank.clld.org/parameters/GB265,GB265,,
213,Is there a comparative construction that employs a marker of the standard which elsewhere has a locational meaning?,"(By Hannah J. Haynie): ""This feature identifies comparative constructions that mark the standard of comparison with an element that is otherwise locational or benefactive in meaning. In these constructions a marker that also has a locational (or benefactive) function is invariably found in the standard NP. Please note that benefactive markers are included here, following Stassen’s (1984, 1985) category of locational comparatives. The marker of the property word is irrelevant for this feature (e.g. the English -er suffix, as in tall-er).""",185,4,http://grambank.clld.org/parameters/GB266,GB266,,
216,Is there a comparative construction with a standard marker that elsewhere has neither a locational meaning nor a 'surpass/exceed' meaning?,"(By Hannah J. Haynie): ""This question is focused on comparative constructions that have a dedicated marker for the standard of comparison that does not fall under the umbrella of the locational comparative (GB266) or surpass/exceed comparative (GB265). Note that a language may have multiple comparative constructions, including a non-locational, non-surpass/exceed comparative as well as constructions that are described by those features. ❡

Crucially, the dedicated marker in this construction must not elsewhere have a surpass/exceed meaning or a locational meaning. It may, however, have other functions (e.g. temporal adverb, conjunction, etc.). It is irrelevant whether this marker is phonologically free or not or whether it triggers agreement in case, noun class, etc. ❡

Historically, comparative constructions with dedicated markers (sometimes called ‘particle comparatives’) grammaticalize from constructions of conjoined clauses. An example of a particle comparative would be the Germanic languages, such as English than. Note that any marking of the property word is not relevant here (e.g. English tall-er).""",187,4,http://grambank.clld.org/parameters/GB273,GB273,,
217,Is there a bound comparative degree marker on the property word in a comparative construction?,"(By Hannah J. Haynie): ""This feature focuses on the presence of a bound marker of comparative degree on the property word in a comparative construction (e.g. -er in English tall-er). We specifically focus on comparative constructions where the standard of comparison is overtly expressed (e.g. Maria is taller than John.) but also count clearly comparative forms where the standard of comparison is null/implied/inferred from context (e.g. Maria is taller.) This feature requires the degree marker to be phonologically bound to the property word.""",189,4,http://grambank.clld.org/parameters/GB275,GB275,,
220,Can polar interrogation be indicated by overt verbal morphology only?,"(By Jeremy Collins and Jay Latarche): ""In order for a construction to trigger 1, there should be no other marker in the clause that signals polar interrogation, not even lack of finiteness compared to the affirmative. This excludes intonation, which may be different between questions and declarative statements. Please note, GB286 need not need be the only polar interrogative construction in the language to code 1. It may still be possible to code 1 for other constructions alongside this one, such as GB285, GB262, GB263, GB264.""",191,4,http://grambank.clld.org/parameters/GB286,GB286,,
221,Is there an inclusory construction?,"(By Jeremy Collins and Jay Latarche): ""We are looking for a construction where a nonsingular referent is expressed by a nonsingular form (superset) and a singular form (subset). The element expressing the superset could be either a free pronoun, an index or a plural noun/proper noun. An example: in We Harald talked ‘Harald and I talked.’, the free 1PL pronoun we is a superset, and included within that is the subset which is the 1SG referent (the ‘I’ in the translation) and the proper noun Harald. In some languages, this construction may involve associative duals and plurals. This feature includes implicit inclusory constructions (as seen above) and explicit inclusory constructions which may have an overt inclusory marker in the construction to further mark the inclusory construction. The subset can be expressed with different word classes such as proper nouns, numerals, demonstratives, etc. Inclusory constructions often take the form of nominal coordination constructions.""",193,4,http://grambank.clld.org/parameters/GB301,GB301,,
224,Can the agent be expressed overtly in a passive clause?,"(By Jakob Lesage): ""Passivization is a detransitivizing operation that takes a transitive clause (The dog bites the man.) and turns it into an intransitive clause by promoting the P argument (the man) to morphosyntactic S function. In the resulting intransitive clause, the former A argument (the dog) either vanishes or adopts an oblique function: The man is bitten (by the dog). ‘Mediopassives’, ‘anticausatives’ and the sort (e.g. x breaks the vase > the vase breaks) also count as passives. For languages with multiple passive constructions (e.g. ‘personal’ and ‘impersonal’ passives), this question should be answered 1 if the agent can be overtly expressed in any of these types of passive clauses. If the agent is overtly expressed, it may be unmarked or it may be marked in a number of ways: by case marking or adpositions, word order, etc.""",119,4,http://grambank.clld.org/parameters/GB304,GB304,,
225,Is there a phonologically independent reflexive pronoun?,"(By Jakob Lesage): ""Reflexive markers indicate that a participant is coreferential with another participant in the clause or sentence (cf. Haspelmath & The APiCS Consortium 2013). A reflexive marker can be derived from pronouns with reflexive morphology (e.g. him-self in English, lui-même in French). If reflexive meaning is expressed with a body part noun, e.g. a noun meaning ‘body’ or ‘head’ (They are scolding their body to mean ‘They are scolding themselves’), this also counts as 1. Emphatic pronouns (e.g. She cooked it (by) herself.) do not trigger a 1, since they do not express a participant.""",196,4,http://grambank.clld.org/parameters/GB305,GB305,"The notion of ""phonologically independent reflexive pronoun"" is not quite clear, but it seems to correspond fairly closely to the notion of a reflexive nominal (= a form that can occur where full nominals and/or independent pronouns occur).",
227,Is there a phonologically independent non-bipartite reciprocal pronoun?,"(By Jakob Lesage): ""Reciprocal markers indicate that an action or feeling is mutual across two or more parties (e.g. they love each other; they beat each other). This feature targets phonologically independent reciprocal markers that do not consist of two quantifiers. Such markers may be described as pronouns, particles or auxiliaries. They may be composite, as long as they do not consist of two quantifiers. A reciprocal marker may indicate both reflexive and reciprocal functions. It needs to be productive, not limited to a small set of verbs that are probably lexicalized.""",199,4,http://grambank.clld.org/parameters/GB306,GB306,,
233,Gender distinctions in independent personal pronouns,"(By Anna Siewierska): ""Independent personal pronouns, in contrast to bound forms (i.e. clitics and affixes), are separate words capable of taking primary stress. Virtually all languages have independent personal pronouns, though in some they occur rather infrequently. Gender, as defined by Corbett (1991), is a form of classification of nominals, as shown by agreement... Most gender contrasts on personal pronouns are sex-based, i.e. pronouns used for male referents are masculine and those used for females are feminine. The treatment of other referents varies. They may be referred to by a separate set (or sets) of neuter pronouns, as is the case in English and many other European languages. Alternatively, they may be grouped with the referents of masculine gender (e.g. Amharic), or less commonly with the referents of feminine gender (e.g. Warekena), or split over the masculine and feminine genders in an arbitrary way or according to some semantically based principle (e.g. Garifuna).""",200,3,http://wals.info/feature/44A,44A,,
241,Nominal plural marker and third-person-plural pronoun,"(By Philippe Maurer): ""In quite a few languages, the nominal plural marker is identical to the (independent) 3rd person plural pronoun. This can of course be the case only in languages that have plural words. Identity means that there is only one word for the two functions, differentiation means that there are two words for the two functions, and in overlap, there are two words, whereby one form functions e.g. only as a pronoun and the other as a pronoun as well as a nominal plural marker.""",111,1,http://apics-online.info/parameters/25,25,,
245,Functions of reduplication,"(By Martin Haspelmath): ""Here we ask what semantic-grammatical functions productive reduplication can have in the language. Reduplication differs from word repetition (”very very very good”, “yes, yes, yes!”, “he worked and worked and worked”) in that it is strictly grammatically determined. Reduplication may be total (e.g. Principense dôsu dôsu ‘two each’) or partial (dô-dôsu); these two cases are not distinguished here. The semantic-grammatical functions of reduplication are grouped into three classes: iconic (intensitiy, iteration, plurality, distributivity), attenuating (i.e. to a reduced degree), and word-class-changing.""",225,1,http://apics-online.info/parameters/26,26,,
250,Definite articles,"(By Martin Haspelmath): ""In this feature (based on WALS feature 37, by Matthew S. Dryer), we look at definite articles, i.e. elements which accompany nouns and which code definiteness, like the in English. Definite articles need not be obligatory. Definite NPs are NPs whose referent can be uniquely identified by the hearer, as in anaphoric situations, to refer back to something mentioned in the preceding discourse (e.g. I bought a new bicycle... My husband likes the bicycle), or in associative contexts, to refer to something that is not mentioned in the preceding discourse but that is identifiable because of an associative relationship (e.g. I bought a new bicycle. The saddle is very comfortable). ❡

A demonstrative is a word that can be used with a pointing gesture. Demonstratives are often diachronically extended to definite articles, so quite a few languages have words that can be used both to express definiteness (even in associative contexts) and as demonstratives. This feature also notes the existence of indefinite articles for languages lacking definite articles.""",216,1,http://apics-online.info/parameters/28,28,,
254,Indefinite articles,"(By Martin Haspelmath): ""In this feature (based on WALS feature 38, by Matthew S. Dryer), we look at indefinite articles, elements that frequently occur in noun phrases and signal that the referent is not identifiable by the hearer, as in We have a dog. ❡

Indefinite articles typically originate in the numeral ‘one’, and as a result they are very often restricted to count nouns and to singular nouns. Indefinite articles are often synchronically identical to the numeral 'one' (e.g. French un). When a form identical to the numeral 'one' is used often where English would use its indefinite article (in particular in contexts where emphasizing the cardinality would be pointless), this is regarded as an indefinite article. ❡

If a language has several forms of the indefinite article, and at least one of them is distinct from the numeral, the first value is chosen, even if the segmental difference is small. However, if the only difference is stress, the language has the second value.""",225,1,http://apics-online.info/parameters/29,29,,
258,Are different posture verbs used obligatorily depending on an inanimate locatum's shape or position (e.g. 'to lie' vs. 'to stand')?,"(By Jakob Lesage): ""In some languages, locative predication (‘X is at Y’) always requires the use of a posture verb (e.g. ‘X sits at Y’ vs. ‘X lies at Y’). The posture verb depends on the shape or the position of the item that is located. For example, a bottle may always ‘stand’ somewhere and a ball may always ‘lie’ somewhere. In these languages, a speaker could not simply say that something ‘is’ somewhere. Some posture verbs that may occur in languages are verbs for sitting, standing, hanging and lying. Note that this feature does not concern morphological marking of position or shape, but the use of different verbs for this purpose. If the posture verbs are clearly dominant in frequency this is sufficient to count as obligatory for the purpose of this question, even if non-posture verb alternatives are grammatical.",223,4,https://grambank.clld.org/parameters/GB127,GB127,,
260,"Are there multiple past or multiple future tenses, distinguishing distance from Time of Reference?","(By Hedvig Skirgård): ""This question aims to capture productive marking of tense that makes distinctions into remoteness of time in relation to the point of reference or utterance. The actual marking can be tonal, verbal affixation, suppletion or any other means of marking. ❡

This feature pertains to temporal marking, not aspectual. ‘Present perfect’ and ‘pluperfect’ are not included since they do not denote difference in distance of time but sequence of events.""",226,4,https://grambank.clld.org/parameters/GB309,GB309,,
262,Is there an augmentative-marking construction that entails a special gender class?,"(By Jeremy Collins and Jay Latarche): ""Can augmentative function be marked by a shift of noun class? This needs to be a productive pattern. Augmentative marking generally intensifies the noun (in size as well as various other properties). Here the augmentative construction must minimally be used to encode augmented size.""",228,4,https://grambank.clld.org/parameters/GB314,GB314,,
264,Is there a large class of nouns whose gender/noun class is not phonologically or semantically predictable?,"(By Hannah J. Haynie): ""A noun class/gender system categorizes nouns for the purposes of grammatical agreement with other constituents in the noun phrase or other inflectional morphology. See the classification wiki page for more information on our definition of noun class/gender. Noun class/gender assignment may be based on one or several factors. This feature asks whether the noun class/gender system of a language includes a large or open class of nouns whose assignment to that class is not predictable based on phonology or semantics. In other words, such a class will appear to be assigned arbitrarily. ❡

Keep in mind that it is common for noun classes to include members that are not entirely predictable. Noun classes that are generally organized around a semantic or phonological property may also include some idiosyncratic members. The arbitrary assignment of some nouns to otherwise semantically or phonologically defined classes is not what this feature targets.""",230,4,https://grambank.clld.org/parameters/GB321,GB321,,
266,Is there grammatical marking of direct evidence (perceived with the senses)?,"(By Hannah J. Haynie): ""This question is concerned with the marking of evidentiality related to the speaker’s direct sensory evidence for some event or action. Grammatical marking of evidentials involves the use of grammaticalized markers such as affixes or other morphology, evidential particles, or evidential auxiliary verbs to convey the evidential meaning. Grammatical marking contrasts with constructions that express this meaning by means of adverbs (e.g. John apparently ate the cake) or lexical verbs in multi-clausal constructions (e.g. I saw that John had eaten the cake). Visual evidence is a common form of information encoded with a direct evidential, however direct evidentiality may also include auditory or other non-visual categories of sensory evidence. This question should be coded 1 if the language has a single direct evidential or any number of sensory evidentials.""",232,4,https://grambank.clld.org/parameters/GB322,GB322,,
268,"Is there grammatical marking of indirect evidence (hearsay, inference, etc.)?","(By Hannah J. Haynie): ""This question is concerned with the marking of evidentiality related to the speaker's indirect, non-sensory evidence for some event or action. Grammatical marking of evidentials involves the use of grammaticalized markers such as affixes or other morphology, evidential particles, or evidential auxiliary verbs to convey the evidential meaning, in contrast to constructions that create this meaning through the use of adverbs (e.g. John reportedly ate the cake) or lexical verbs in multi-clause constructions (e.g. They say that John ate the cake). Indirect evidentiality usually involves inference from physical evidence or second-hand knowledge such as hearsay. This question should be coded 1 if there is a single category of indirect evidentiality or any number of inferential or reportative evidential categories that are marked grammatically.""",234,4,https://grambank.clld.org/parameters/GB323,GB323,,
270,Is there a count/mass distinction in interrogative quantifiers?,"(By Hannah J. Haynie): ""When interrogatives are used to question quantity, are different interrogative forms used to quantify count nouns and mass nouns? For example, English contrasts how many for count nouns (as in, how many apples?) and how much for mass nouns (as in, how much sand?). Languages that have at least one form that means either ‘how much' (of a mass noun) or ‘how many' (of a count noun), but not the alternative, are considered to have a count/mass distinction in interrogative quantifiers. Languages in which any interrogative quantifiers can be used interchangeably with both count and mass nouns do not have the relevant distinction.""",236,4,https://grambank.clld.org/parameters/GB325,GB325,,
272,Do (nominal) content interrogatives normally or frequently occur in situ?,"(By Hannah J. Haynie): ""Is there a commonly used content question construction in which the interrogative pronoun or NP (e.g. English who or which one) occurs in the normal position for a non-interrogative NP in the same participant role (i.e. ‘in situ’)? Many languages usually place the wh-constituent in situ (e.g. The man took what?; cf. The man took an umbrella.), while others require wh-constituents to occur in a specific position (e.g. clause-initially) regardless of the usual position of the corresponding non-interrogative NP (e.g. English What did the man take?). Here we are interested in identifying languages that frequently or generally use an interrogative construction with nominal wh-constituents in situ. This question should be coded 1 if questions formed with in situ interrogatives are pragmatically unmarked and are used commonly (e.g. not only in restrictive contexts such as echo questions or constructions with multiple interrogatives).""",238,4,https://grambank.clld.org/parameters/GB326,GB326,,
274,Can the relative clause follow the noun?,"(By Jakob Lesage): ""Can non-correlative relative clauses immediately follow the noun they modify? In other words, are there relative clauses with the structure [The woman [who has a green hat] is tall? This question only concerns relative clauses that immediately follow the noun, without requiring an anaphoric pronoun in the main clause – which would make them correlative relative clauses (e.g. [The woman who has a green hat] she is tall) (see GB330).""",240,4,https://grambank.clld.org/parameters/GB327,GB327,,
276,Can the relative clause precede the noun?,"(By Jakob Lesage): ""Can non-correlative relative clauses immediately precede the noun they modify? In other words, are there relative clauses with the structure [[Who has a green hat] the woman] is tall? This question only concerns relative clauses that immediately precede the noun, without requiring an anaphoric pronoun in the main clause - which would make them correlative relative clauses (e.g. I saw her [who has a green hat the woman]) (see GB330).""",242,4,https://grambank.clld.org/parameters/GB328,GB328,,
279,Are there internally-headed relative clauses?,"(By Jakob Lesage): ""Can a relativized noun be morphosyntactically part of the relative clause? This could mean different things in different languages. In some languages, the relativized noun may literally be inside the relative clause, in terms of placement, for example [A green hat [the woman] has] is tall to mean ‘The woman who has a green hat is tall’. In other languages, the noun may receive case marking for its function inside the relative clause rather than its function inside the main clause, for example the man-SBJ greeted [[the woman-SBJ] who has a green hat] as opposed to the man-SBJ greeted [[the woman-OBJ] who has a green hat]. Do not consider correlative relative clauses here (see GB330). It must be possible for the head noun to be any noun, not only an unspecific (pro)noun (e.g. whoever).""",244,4,https://grambank.clld.org/parameters/GB329,GB329,,
280,Are there correlative relative clauses?,"(By Jakob Lesage): ""Are there relative clauses that require an anaphoric pronoun in the main clause? For example, [The woman who has a green hat] she is tall.""",247,4,https://grambank.clld.org/parameters/GB330,GB330,,
283,Are there non-adjacent relative clauses?,"(By Jakob Lesage): ""Is there a non-correlative relative clause that is not adjacent to its modified noun? For example, in [The woman]* is tall [who has a green hat], the noun (woman) is not adjacent to its modifying relative clause (who has a green hat). It must be possible for the head noun to be any noun, not only an unspecific (pro)noun (e.g. whoever*). Do not consider correlative relative clauses for this feature (see GB330).""",248,4,https://grambank.clld.org/parameters/GB331,GB331,,
284,Is there a decimal numeral system?,"(By Jakob Lesage): ""Are any multiples of 10 starting from 30 formed with a decimal base? e.g. 30 = 3x10, 40 = 4x10, etc. Or are expressions between these decimals (30-40, 40-50 etc.) formed as 30+1, 30+2, .., 30+9 etc.? The coding should reflect the earliest attested (i.e. not merely inferred) stage so if a pre-borrowing stage is attested, this should be coded.""",250,4,https://grambank.clld.org/parameters/GB333,GB333,,
286,Is there synchronic evidence for any element of a quinary numeral system?,"(By Jakob Lesage): ""Are any numerals above 5 formed with 5 as a base? For example, 6 = 5+1, 7 = 5+2, 8 = 5+3, 9 = 5+4, 11 = 5+5+1, etc.? One example of this is enough for a 1, except if it can be derived from an already existing non-quinary system (e.g. if 10 = 5x2, but other numerals are also formed by doubling, e.g. 4 = 2x2 and 6 = 3x2, this does not count).""",252,4,https://grambank.clld.org/parameters/GB334,GB334,,
289,Is there synchronic evidence for any element of a vigesimal numeral system?,"(By Jakob Lesage): ""Are any numerals for multiples of 20 expressed using a base-20 system (e.g. 40 = 2x20; 60 = 3x20; 80 = 4x20; 120 = 6x20, etc.)? Or are numerals in between these multiples of 20 formed as 20+1, 20+2, .., 20+11, .., 20+19; 40+1, 40+2, .., 40+11, .., 40+19, etc.? Note that a source should mention numerals higher than 29 to be able to trigger a 1 for this feature.""",254,4,https://grambank.clld.org/parameters/GB335,GB335,,
291,Is there a body-part tallying system?,"(By Jakob Lesage): ""Body-part tallying systems are counting systems that use body parts other than hands, feet, fingers or toes. Counting starts from one hand, tallying parts of the body along the arm, up to the head and then continuing with symmetric tally points down the other side of the body. Body-part tallying systems are usually only used in some social situations, such as traditional bride price negotiations. Some languages with decimal, quinary or vigesimal systems use words for head or body to represent 10 or 20, the word for hand to mean 5 or the word for eye to mean 1. These do not count as body-part tallying systems in the absence of a sequence of other body-part tally points.""",256,4,https://grambank.clld.org/parameters/GB336,GB336,,
293,"Are all person categories neutralized in some voice, tense, aspect, mood and/or negation?","(By Alena Witzlack-Makarevich): ""This question concerns languages which can index the person of an argument (S, A or P) somewhere in the clause (i.e. either on the verb or by clitics). The question asks whether person categories are not distinguished under certain circumstances. In order for there to be neutralization, there needs to be something to ‘neutralize’ to begin with, i.e. languages without person indexing should be coded 0 for this feature. All person categories should be neutralized for the language to be coded as 1. Do not consider phonologically independent pronouns for this question. Consider only independent clauses. Consider only the moods which allow all person categories of the language to be expressed (that is, ignore imperatives, jussives, etc.)",258,4,http://grambank.clld.org/parameters/GB400,GB400,,
294,Is there a postposed complementizer in complements of verbs of thinking and/or knowing?,"(By Hedvig Skirgård): ""Complementizers are markers (free or bound) which are able to turn a clause into the subject or object of a sentence. In some of the literature these are also known as ‘conjunctions’. The complementizer in the sentence _I knew that Ashley was a genius_ is _that_ and it is preposed to the complement clause (_Ashley was a genius_). The complementizer does not have to be phonologically free, the position in relation to the complement clause is what is relevant. This feature concerns if the complementizer follows the complement or not (e.g. _I knew Ashley was a genius that**_).

This feature specifically targets sentences with verbs of thinking and knowing, where the complement clause is an object (_I know that he is truthful_ or _I think that this is a bad idea_). This is done so that we get more comparable data across the sample.",129,4,http://grambank.clld.org/parameters/GB422,GB422,,
296,Can adnominal possession be marked by a prefix on the possessor?,"(By Hannah J. Haynie): ""This feature targets a specific type of adnominal possessive construction, namely one where a possessor (either nominal or pronominal) is marked with a prefix or proclitic to indicate possession of an object. This frequently takes the form of a genitive prefix on a possessor, but may also involve other types of prefixes or proclitics. Crucially, the possession must be marked by an element that precedes and is phonologically bound to the possessor nominal/pronominal.",261,4,http://grambank.clld.org/parameters/GB430,GB430,,
299,Can adnominal possession be marked by a suffix on the possessor?,"(By Hannah J. Haynie): ""This feature targets a specific type of adnominal possessive construction, namely one where a possessor (either nominal or pronominal) is marked with a suffix or enclitic to indicate possession of an object. This frequently takes the form of a genitive suffix on a possessor, but may also involve other types of suffixes or enclitics. Crucially, the possession must be marked by an element that follows and is phonologically bound to the possessor noun/pronoun.",264,4,http://grambank.clld.org/parameters/GB432,GB432,,
301,"Can the S or A argument be omitted from a pragmatically unmarked clause when the referent is inferrable from context (""pro-drop"" or ""null anaphora"")?","(By Hannah J. Haynie): ""This feature identifies languages that do not require a phonologically overt S or A argument expressed by a noun phrase or phonologically independent pronoun when the referent can be inferred from context. These languages are often called ‘pro-drop’ languages, and the phenomenon is generally referred to as ‘null anaphora’ or ‘zero anaphora’.

Here ‘omitted’ means phonologically unexpressed (we do not intend for this feature to make any distinctions regarding the theoretical status of a null argument). To count as 1, pro-drop should occur where the S or A argument might otherwise be expressed by an independent pronoun or full noun phrase. Specifically, pro-drop should occur in simple, declarative main clauses.

Pro-drop is not mutually exclusive with indexing of the S or A argument on the verb. If, in the absence of an independent pronoun or nominal S or A, there is indexing of this argument on the verb, you may still code 1.",265,4,http://grambank.clld.org/parameters/GB522,GB522,,
307,Are nominal conjunction and comitative expressed by different elements?,"(By Hedvig Skirgård): ""Is there a difference between the marking of NP coordination (John and Mary went to market.) and the marking of comitative phrases (John with Mary went to market.)? In some languages the only way to coordinate noun phrases is with a comitative phrase, i.e. the only way to say ‘X and Y’ is ‘X with Y’. To see whether an element is comitative or coordinating you can check case marking and agreement. For example, if X is the element in question and in the dative you get ‘John-DAT X Mary-DAT’, then X is likely coordinating. If you get ‘John-DAT X Mary’, X is likely comitative. If there is agreement, if you get ‘John X Mary verb-PL’ rather than 'John X Mary verb-SG' (just like ‘John X suitcase verb-SG’), this suggests that X is coordinating.""",269,4,http://grambank.clld.org/parameters/GB027,GB027,,
308,Is there a distinction between inclusive and exclusive?,"(By Hannah J. Haynie): ""Is there a pronoun or other marker that explicitly marks the inclusion of an interlocutor? This feature is not restricted to the pronominal system but includes person indexing as well. If inclusive is marked overtly in either the pronominal system or through verbal marking this is sufficient to trigger a 1 for this feature, even if exclusive has no overt morphological marking.""",272,4,http://grambank.clld.org/parameters/GB028,GB028,,
310,What is the order of numeral and noun in the NP?,"(By Hannah J. Haynie): ""This feature focuses on the order of cardinal numerals (not ordinal numerals) and nouns in quantified noun phrases. In some languages only one order (Numeral-Noun or Noun-Numeral) is possible. In other languages both orders may be possible. This can take the form of free variation (where Numeral-Noun and Noun-Numeral order can occur interchangeably). The order may also depend on some other grammatical category which is neutral with respect to pragmaticality (e.g. definiteness). If the order depends on the noun, consider only the orders that apply to an open class of nouns and disregard orders that are restricted to a specific closed class of nouns.""",273,4,http://grambank.clld.org/parameters/GB024,GB024,,
313,What is the order of adnominal demonstrative and noun?,"(By Jeremy Collins and Jay Latarche): ""This feature is concerned with the order of the noun and adnominal demonstratives (i.e. demonstratives that modify the noun). There are three possible values to code: 1, before the noun, 2, after the noun, or 3, both orders are possible. Like all questions concerning the order of elements, only the pragmatically unmarked orders are targeted.""",276,4,http://grambank.clld.org/parameters/GB025,GB025,,
316,Is there a gender distinction in independent 3rd person pronouns?,"(By Hannah J. Haynie): ""This question targets the existence of any gender distinction in phonologically independent third person pronouns. For the purposes of this feature we define third person pronouns as including demonstratives. A masculine/feminine distinction is commonly encoded in third person pronouns, but distinctions in any other noun class/gender categories such as animacy also satisfy the criterion for coding a 1 for this feature. For languages with no third person independent pronouns or no noun class/gender distinctions in third person pronouns, a gender distinction in demonstratives would be sufficient to trigger a 1 here. If pronouns with just inanimate referents (or alternatively, just animate referents) agree with the noun class/gender of the corresponding noun that also suffices for 1. If a language has any gender distinction for third person pronouns but not for demonstratives, this is also sufficient for a 1. For more information on the difference between grammatical gender and social, cultural, and biological constructs or traits, see the gender wiki page.""",280,4,http://grambank.clld.org/parameters/GB030,GB030,,
318,Is there a dual or unit augmented form (in addition to plural or augmented) for all person categories in the pronoun system?,"(By Hannah J. Haynie): ""A dual or unit augmented form must be present throughout the paradigm (i.e. for all person categories) for this feature to be coded as 1. Both independent pronouns and bound person indexes are to be considered in coding this feature. Inclusive and exclusive categories of first person are not considered separate person categories for the purposes of coding this feature (e.g. if a language has dual number in third, second, and any first person category it is sufficient for triggering a 1). A dual or unit augmented form for a single person category in the paradigm is not sufficient for a 1 code.""",281,4,http://grambank.clld.org/parameters/GB031,GB031,,
320,Are there three or more distance contrasts in demonstratives?,"(By Jeremy Collins and Jay Latarche): ""Demonstratives are modifiers that can modify nouns (of any type and not just a restricted set such as location nouns) to mark position (e.g. deixis or reference within discourse). This doesn't have to be only Euclidean distance (meters, inches etc.), it could also be concerned with near or far in relation to the interlocutors (cf. Wolof). If the system of adnominal demonstratives includes an anaphoric demonstrative this does not count as a third distance.""",283,4,http://grambank.clld.org/parameters/GB035,GB035,,
322,Do demonstratives show an elevation distinction?,"(By Jeremy Collins and Jay Latarche): ""Elevation is concerned with how high or how low an object is (in altitude).""",285,4,http://grambank.clld.org/parameters/GB036,GB036,,
324,Do demonstratives show a visible-nonvisible distinction?,"(By Jeremy Collins and Jay Latarche): ""Is there a distinction visible vs. non-visible when referencing to items that are the same relative distance? It is not relevant that adnominal demonstratives denoting far away reference often also imply non-visibility.""",287,4,http://grambank.clld.org/parameters/GB037,GB037,,
326,Is there nonphonological allomorphy of noun number markers?,"(By Jeremy Collins and Jay Latarche): ""Are there different number markers for a single number category? And is the choice between these markers unpredictable from the marker a noun receives in another number category? For example, are there different plural markers while there is only one (or no) singular marker? Or do two nouns receive different singular markers but the same plural marker? This feature targets bound number markers, free number markers, and clitics.""",289,4,http://grambank.clld.org/parameters/GB039,GB039,,
328,Are there several nouns (more than three) which are suppletive for number?,"(By Hedvig Skirgård): ""Suppletion is a process where a lexeme is changed in such a way that the new form does not resemble the previous when it appears in a different position in the paradigm. An example of this is English went and go. In this case, the verb is suppletive for tense. Only so called 'strong suppletion' counts here, 'weak' suppletion is not included. ❡

Only answer 1 if there are more than three examples of strong suppletion. Body parts and kinship terms are a good place to start investigating.""",291,4,http://grambank.clld.org/parameters/GB041,GB041,,
330,Is there productive overt morphological singular marking on nouns?,"(By Hedvig Skirgård): ""This question concerns a bound grammatical marker of singular number on nouns. The marker should occur with an open set of nouns, not with a restricted set. Absence of plural marking does not count for a 1 here (hence the emphasis on ‘overt’ in the feature question). This feature contrasts with GB316 (Is singular number regularly marked in the noun phrase by a phonologically free element?) which focuses on the non-bound marking of singular number.... Bound marking of number on nouns derived from other word classes (such as adjectives or verbs) does not suffice for a 1. ❡

Number marking is often fused with marking of other categories, such as definiteness/specificity or gender/noun class. It is possible for the number marker to also signal other functions and still trigger a 1 code, as long as these other functions do not interfere with the distinctions in number and as long as number marking is productive.""",293,4,http://grambank.clld.org/parameters/GB042,GB042,"The Grambank feature talks about ""a bound grammatical marker"" of singular number, which may not be not quite the same as a singular affix. However, since the markers are said to occur ""on nouns"", this amounts to the same as affixes.",
332,Is there productive morphological dual marking on nouns?,"(By Hedvig Skirgård): ""This question concerns a bound grammatical marker of dual number on nouns. The marker should occur with an open set of nouns, not with a restricted set. This feature contrasts with GB317 Is dual number regularly marked in the noun phrase by a phonologically free element? which focuses on the non-bound marking of dual number. For more on bound marking, please see this page. Bound marking of number on nouns derived from other word classes (such as adjectives or verbs) does not suffice for a 1. ❡

Number marking is often fused with marking of other categories, such as definiteness/specificity or gender/noun class. It is possible for the number marker to also signal other functions and be coded as 1, as long as these other functions do not interfere with the number distinctions and as long as number marking is productive and regular. ❡

It can be difficult to determine how obligatory markers of dual, trial and paucal number are since they can often be replaced by plural number marking. If the grammar writer describes the marker as denoting grammatical number and there are several examples, this suffices.""",295,4,http://grambank.clld.org/parameters/GB043,GB043,"By ""a bound grammatical marker of dual number"", the feature description probably means a dual affix (because dual clitics are described rarely if ever, and dual marking by endophony seems to be negligible as well). Dual number markers can be distinguished from numerals ('two') by their boundness (not obligatoriness), as numerals can always occur on their own in elliptical contexts.",
334,Is there productive morphological plural marking on nouns?,"(By Hedvig Skirgård): ""This question concerns a bound grammatical marker of plural number on nouns. This feature contrasts with GB318 Is plural number regularly marked in the noun phrase by a phonologically free element? which focuses on non-bound marking of plural number. For more on bound marking, please see this page. Bound marking of number on nouns derived from other word classes (such as adjectives or verbs) does not suffice for a 1. Reduplication (full or partial) does not count for this feature. ❡

The marker should occur with an open set of nouns, not with a restricted set. Classes of animate nouns or human nouns are large and open enough. Kinship terms however are a restricted set since it is very hard to add new members. ❡

Number marking is often fused with marking of other categories, such as definiteness/specificity or gender/noun class. It is possible for the number marker to also signal other functions and be coded as 1, as long as these other functions do not interfere with the number distinctions and as long as number marking is productive and regular.""",297,4,http://grambank.clld.org/parameters/GB044,GB044,,
336,Is there a productive morphological pattern for deriving an action/state noun from a verb?,"(By Hedvig Skirgård): ""An action nominalization derives from a verb and functions like a noun or noun phrase. The result denotes an action or state. In English, we can exemplify this with the enemy’s destruction of the city. Arrive - arriving could also serves as an example, or, in Spanish, La concentración de Sherlock Holmes duró cinco horas. ‘Sherlock Holmes’ concentration lasted five hours’. This feature targets phonologically bound overt nominalizers, including affixes, clitics, tonal markers, reduplication, ablaut, etc. There needs to be productive derivation. The derived noun may also refer to states or events in addition to actions. The nominalization strategy may also derive other types of nominalization. Compounds of a verb root and a noun meaning 'action', 'state' or 'event are not action nominalizations unless further grammaticalized.""",301,4,http://grambank.clld.org/parameters/GB047,GB047,,
338,Is there an associative plural marker for nouns?,"(By Hedvig Skirgård): ""This feature aims to cover any marking that marks that the reference contains entities associated with an entity X ('X and other people/things associated with X') instead of indicating additive plural ('several instances of X'). For example, the King-s went to the market means several kings went. An associative plural interpretation of -s would be 'the King and his entourage went to the market'. This marking does not need to be bound to the noun. If the additive plural also has this function, this also counts. ❡

The associative marker may be described as a pronoun. Comitative markers do not generally count. The marker should be linked to the person whom the others are associated with, and not the other way around.""",299,4,http://grambank.clld.org/parameters/GB046,GB046,,
340,Is there a productive morphological pattern for deriving an agent noun from a verb?,"(By Hedvig Skirgård): ""An agent nominalization derives from a verb and functions like a noun or noun phrase. The result denotes the agent of an action. In English, we can exemplify this with the productive -er suffix (bak-er, fish-er, garden-er, etc.). This feature targets phonologically bound overt nominalizers, including affixes, clitics, tonal markers, reduplication, ablaut, etc. This derivation pattern needs to be productive. Compounds of a verb root and a noun meaning 'person' are likely not agent nominalizations.""",304,4,http://grambank.clld.org/parameters/GB048,GB048,,
342,Is there a productive morphological pattern for deriving an object noun from a verb?,"(By Hedvig Skirgård): ""An object nominalization derives from a verb and functions like a noun or noun phrase. The result denotes the object or result of an action (e.g. song is derived from to sing). This feature targets phonologically bound overt nominalizers, including affixes, clitics, tonal markers, reduplication, ablaut, etc. There needs to be productive derivation for this feature to be coded 1. The nominalization strategy may also derive other types of nominalization. A compound of a verb root and a noun meaning 'thing' is not an object nominalization unless there is evidence that the noun has grammaticalized into an affix. Instrument derivations are not relevant since they do not denote the object resulting from the action/state.""",305,4,http://grambank.clld.org/parameters/GB049,GB049,,
344,Is there a gender/noun class system where sex is a factor in class assignment?,"(By Hannah J. Haynie): ""A noun class/gender system categorizes nouns for the purposes of grammatical agreement with other constituents in the noun phrase or other inflectional morphology. See the classification wiki page for more information on our definition of noun class/gender. Noun class/gender assignment may be based on one or several factors. This feature focuses on whether the categories masculine and feminine are relevant for noun class/gender assignment in a given language. A contrast between these categories in a noun class/gender system serves as a minimal criterion for this feature to be coded 1. Languages that overtly mark only one of these categories (e.g. feminine, with an unmarked class interpreted as non-feminine) do encode the relevant distinction and should be coded 1. A language may encode other socially or culturally relevant gender distinctions, and there may be cross-linguistic and cross-cultural differences in the semantics and membership of masculine and feminine categories. A language may also categorize nouns based on other factors entirely (e.g. shape, animacy, phonological properties). For the purposes of this feature, grammatical categories other than masculine and feminine should be disregarded.""

The use of these two specific categories in the definition of this feature is meant to enable consistent coding and interpretation of data for a narrowly-defined, cross-linguistically common distinction. This is not meant to represent social or cultural gender constructs or particular biological traits, nor is it intended to reflect the full diversity of grammatical gender systems. For more information on the difference between grammatical gender and social, cultural, and biological constructs or traits, see the gender wiki page.""",307,4,http://grambank.clld.org/parameters/GB051,GB051,,
347,Is there a gender/noun class system where shape is a factor in class assignment?,"(By Hannah J. Haynie): ""A noun class/gender system categorizes nouns for the purposes of grammatical agreement with other constituents in the noun phrase or other inflectional morphology. See the classification wiki page for more information on our definition of noun class/gender. Noun class/gender assignment may be based on one or several factors. This feature focuses on whether the shape of an object is one of these factors for a given language. There must be a clear preference for certain nouns to be classified to certain gender categories as a result of their shape for this feature to be coded 1. That is, shape must be one relevant factor in the assignment of gender; however it does not need to be an absolute deciding factor or the only relevant factor in gender/class assignment. ❡

Note that noun class markers are sometimes used to mark diminutives and augmentatives; this feature focuses specifically on shape (e.g. long, round, square, wide) and should not be coded 1 if noun class markers associated with some other semantic categories (e.g. masculine and feminine) are recruited for diminutive and augmentative forms unless there is some other clear shape-based assignment.""",310,4,http://grambank.clld.org/parameters/GB052,GB052,,
349,Is there a gender/noun class system where animacy is a factor in class assignment?,"(By Hannah J. Haynie): ""A noun class/gender system categorizes nouns for the purposes of grammatical agreement with other constituents in the noun phrase or other inflectional morphology. See the classification wiki page for more information on our definition of noun class/gender. Noun class/gender assignment may be based on one or several factors. This feature focuses on whether the animacy of a noun is one of these factors for a given language. There must be a clear preference for certain nouns to be classified in certain gender categories as a result of their animacy for this feature to be coded 1. That is, animacy must be a relevant factor in the assignment of gender; however it does not need to be an absolute deciding factor or the only relevant factor in gender/class assignment. ❡

Note that while masculine and feminine categories are generally associated with animate referents, a gender system that makes a distinction between these categories is not necessarily sufficient to trigger a 1 here. A gender system in which animacy is a relevant factor will often make a distinction between human or animal referents and non-living referents, and animate status may be extended to culturally important non-living entities (e.g. mythological figures) or objects (e.g. celestial bodies). A human/non-human distinction is sufficient for a 1 code.""",312,4,http://grambank.clld.org/parameters/GB053,GB053,,
353,Is the adnominal possessive construction different for alienable and inalienable nouns?,"(By Hannah J. Haynie): ""Is there a morpho-syntactic difference in attributive possession that can be ascribed to alienability? ❡

This feature applies to constructions with both pronominal and nominal possessors. ❡

Typically, inalienable possession applies to the semantic domains of body parts and kinship, but it is sometimes found in other categories that do not align perfectly with the canonical notion of 'alienability', such as part-whole relationships other than body parts, social relationships other than kinship, or things inherently linked to a person (e.g. a person's voice, mental states, or other attributes). ❡

This feature targets splits in possessive marking where different classes of possessum are associated with different constructions, and where one of those possessum classes includes body parts and/or kinship terms, and possibly other categories that have strong semantic associations with their owners, social relationships, or part-whole relationships.""",314,4,http://grambank.clld.org/parameters/GB059,GB059,,
354,What is the pragmatically unmarked order of adnominal possessor noun and possessed noun?,"(By Hannah J. Haynie): ""This feature focuses on the relative order of possessor and possessum (i.e. that which is possessed) in an adnominal possession construction. Coding should take into consideration only those possession constructions that are pragmatically unmarked (e.g. not focus). This feature applies to both nominal possessors and independent pronominal possessors. Affixal marking of possession, by contrast, is coded in features GB430-GB433.""",317,4,http://grambank.clld.org/parameters/GB065,GB065,,
358,Are there morphological cases for non-pronominal core arguments (i.e. S/A/P)?,"(By Jakob Lesage): ""Morphological case involves any type of case marking (or flagging) that is phonologically bound (affixes, clitics, tone, alternation, vowel lengthening, etc.). Core arguments are those having S, A or P function. If a bound marker distinguishes S from non-S NPs, this counts for a 1 code. Optional marking and marking with portmanteau morphemes (e.g. a marker both indicates that a noun phrase is plural and that it has P function) also count.""",319,4,http://grambank.clld.org/parameters/GB070,GB070,,
361,Are there morphological cases for pronominal core arguments (i.e. S/A/P)?,"(By Jakob Lesage): ""This question is about phonologically independent pronouns only; indexes are irrelevant. Morphological case involves any type of case marking that is phonologically bound (affixes, clitics, tone, alternation, vowel lengthening, etc.). Core arguments are those having S, A or P function. If a bound marker distinguishes S from non-S pronouns, this counts as 1. Optional marking and marking with portmanteau morphemes (e.g. a marker both indicates that a noun phrase is plural and that it has P function) also count.""",321,4,http://grambank.clld.org/parameters/GB071,GB071,,
363,Are there morphological cases for oblique non-pronominal NPs (i.e. not S/A/P)?,"(By Jakob Lesage): ""Morphological case involves any type of case marking that is phonologically bound (affixes, clitics, tone, alternation, vowel lengthening, etc.). Oblique NPs are NPs having a function other than S, A or P, e.g. dative, locative, ablative instrumental, comitative, location in time, etc. If a phonologically free adposition agrees in gender, number or person with the noun phrase, it does not count as a case marker for the purpose of this feature. Note that genitive or possessive are not seen as cases for this feature.""",323,4,http://grambank.clld.org/parameters/GB072,GB072,,
366,Are there prepositions?,"(By Jakob Lesage): ""A preposition indicates the relationship of a noun phrase to the verb in a clause. This relationship could be circumstantial (e.g. locative, temporal, etc.) or a core argument function (S, A or P). A preposition precedes the noun phrase it occurs with. Proclitics with this function count as prepositions in Grambank. This means that phonological boundness is not relevant to this question. Circumpositions count both as prepositions and as postpositions. Inpositions (which occur somewhere in between words in a noun phrase) do not count as prepositions. Nouns that express the function of an adposition in a possessive construction (e.g. inside of the car to mean 'in the car') only count if they are visibly grammaticalized and no longer fully behave like nouns. If there is only one preposition, this is enough for a 1 here.""",325,4,http://grambank.clld.org/parameters/GB074,GB074,,
368,Are there postpositions?,"(By Jakob Lesage): ""A postposition indicates the relationship of a noun phrase to the verb in a clause. This relationship could be circumstantial (e.g. locative, temporal, etc.) or a core argument function (S, A or P). A postposition follows the noun phrase it occurs with. Enclitics with this function count as postpositions in Grambank. This means that phonological boundness is not relevant to this question. Circumpositions count as both postpositions and prepositions. Inpositions (which occur somewhere in between words in a noun phrase) do not count as postpositions. Nouns that express the function of an adposition in a possessive construction (e.g. inside of the car to mean 'in the car') only count if they are visibly grammaticalized and no longer fully behave like nouns. If there is only one postposition, this is enough for a 1 here.""",328,4,http://grambank.clld.org/parameters/GB075,GB075,,
369,Is there productive infixation in verbs?,"(By Hannah J. Haynie): ""This feature targets the existence of affixation that is stem-internal, productive, and dedicated to one or more specific grammatical functions. If the only infixation process described for a language involves reduplication, please code 0 but be sure to note in the comments field that infixing reduplication is present. For the purposes of this feature tonal alternations are not considered to be a form of infixation, nor are 'vocalic melodies' as in Semitic languages; these phenomena should be disregarded in coding this feature. Note that the terms 'stem' and 'infix' may be used differently across some grammar writing traditions, so care must be taken to examine the structure of relevant forms rather than relying on the use of these terms. Here we are interested in infixes that occur internal to the base form of a verb that is held in common across inflected forms (called the 'stem' here), rather than affixes that occur between a verb's root or stem and some inflectional affix(es) or clitic(s).""",329,4,http://grambank.clld.org/parameters/GB081,GB081,,
372,Is there overt morphological marking of present tense on verbs?,"(By Hedvig Skirgård): ""This question aims to capture productive paradigms of overt tense marking. 'Morphological marking on the verb' means that the marker has to form a phonological unit with the verb. The marking of tense can involve affixes, clitics, suppletion, tonal marking and/or reduplication. This feature aims to capture overt marking of present tense on the verb. Lack of other marking is not enough. There are instances where TAM can be expressed by a combination of an affix and auxiliary or particle. For example some grammarians state that present tense is expressed by a certain aspect on the verbal root and an auxiliary. If this is a productive and obligatory way of expressing present tense then such a construction triggers 1 for both this feature (GB082) and the feature on tense auxiliaries (GB121). If not all parts of the discontinuous marking are necessary for expressing present tense, then only consider the marking that is obligatory. ❡

Sometimes a language is described as having a past/non-past distinction. In this case, if there is an overt marker of non-past code the language as 1 for this feature (GB082), but 0 for the feature on future tense GB084. Future tense needs to be more dedicated to actual future reference, whereas present tense has less strict demands on the scope of its function. This situation is mirrored for future/non-future which results in a 1 for GB082 and GB084 but a 0 for GB083 (if both have over markers). It is however not acceptable for a present tense marker to occur in both future and past contexts. ❡

If there is a tense system with a ""hodiernal"" category, i.e ""the day of speaking"", that also includes past events of the same day, this is permissible to code as a present tense marker.""",331,4,http://grambank.clld.org/parameters/GB082,GB082,,
374,Is there overt morphological marking on the verb dedicated to past tense?,"(By Hedvig Skirgård): ""This question aims to capture productive paradigms of overt tense marking. ‘Morphological marking on the verb’ means that the marker has to form a phonological unit with the verb. The marking of tense can involve affixes, clitics, suppletion, tonal marking and/or reduplication. This feature aims to capture overt marking of past tense on the verb. Lack of other marking is not enough. There are instances where TAM can be expressed by a combination of an affix and auxiliary or particle. For example some grammarians state that past tense is expressed by a certain aspect on the verbal root and an auxiliary. If this is a productive and obligatory way of expression past tense then this construction triggers 1 for both this feature (GB083) and the feature on tense auxiliaries (GB121). If the marking of past tense is accomplished by more than one marker and at least one is bound, code 1. If not all parts of the discontinuous marking are necessary for expressing past tense, then only consider the marking that is obligatory. ❡

The past tense marker should be dedicated to past tense and not also mark perfective aspect, present, or future. A non-future marker is not enough for a 1 here.""",334,4,http://grambank.clld.org/parameters/GB083,GB083,,
375,Is there overt morphological marking on the verb dedicated to future tense?,"(By Hedvig Skirgård): ""This question aims to capture productive paradigms of overt tense marking. 'Morphological marking on the verb' means that the marker has to form a phonological unit with the verb. The marking of tense can involve affixes, clitics, suppletion, tonal marking and/or reduplication. This feature aims to capture overt marking of future tense on the verb. Lack of other marking is not enough. There are instances where TAM can be expressed by a combination of an affix and an auxiliary or particle. For example, some grammarians state that future tense is expressed by a certain marker on the verbal root and an auxiliary. If this is a productive and obligatory way of expressing future tense then this construction triggers 1 for both this feature (GB084) and the feature on tense auxiliaries (GB121). If not all parts of the discontinuous marking are necessary for expressing future tense, only consider the marking that is obligatory. ❡

Sometimes a language will be described as having a past/non-past distinction. In this case, if there is an overt marker of non-past code the language as 1 for the feature on present tense (GB082), but 0 for this feature (GB084). Future tense needs to be more dedicated to actual future reference, whereas present tense has less strict demands on the scope of its function. ❡

It can be hard to distinguish future tense from different modal categories, after all if something is in the future it has not yet occurred and can be construed as something wished for, planned, intended, etc. For this reason, it is necessary to pay particular attention to sections on mood, especially irrealis, when coding for future tense. ❡

If a language only has future tense under negation, this does not count for this feature. It needs to be present for affirmation as well. The reason for this is that conditions such as 'only under negation' are likely to give rise to quite different analysis by different linguists (hence it is hard to ensure comparability) and might also be overlooked. If we were to treat such marginal cases as triggering 1 we would most likely have to go back to a lot of the cases that were coded as 0 and re-evaluate their coding more thoroughly.""",335,4,http://grambank.clld.org/parameters/GB084,GB084,,
378,Is a morphological distinction between perfective and imperfective aspect available on verbs?,"(By Hedvig Skirgård): ""This feature is concerned with phonologically bound marking of imperfective and perfective grammatical aspects. These categories could go by the name of punctual and continuous, preterit and progressive, etc. The answer could be 1 even if only one of these is overtly marked, e.g. if the imperfective is marked by an affix and the perfective is marked by an auxiliary. ❡

There are instances where TAM can be expressed by a combination of an affix and auxiliary or particle. For example, some grammarians state that the imperfective aspect is expressed by a certain form on the verbal root and an auxiliary. If this is a productive and obligatory way of expressing imperfective aspect then such a construction triggers 1 for both this feature (GB086) and the feature on aspectual auxiliaries (GB120 and/or GB520). If not all parts of the discontinuous marking are necessary for expressing imperfective aspect, then only consider the marking that is obligatory. ❡

Please take notice that this feature (GB086) and the features on aspectual auxiliaries GB120 and particles GB520 do not cover exactly the same functions. The features on auxiliaries and particles cover more grammatical aspects than just perfective and imperfective. ❡

If this distinction is only available in some TAM-conditions, this counts as well. For example, if there is no aspectual distinction in the past but it only exists in the present, this still triggers a 1.""",337,4,http://grambank.clld.org/parameters/GB086,GB086,,
379,Can the S argument be indexed by a suffix/enclitic on the verb in the simple main clause?,"(By Alena Witzlack-Makarevich): ""Is there a phonologically bound S argument index that follows its verbal host (i.e. attaches to it as a suffix or an enclitic)?""",339,4,http://grambank.clld.org/parameters/GB089,GB089,,
382,Can the S argument be indexed by a prefix/proclitic on the verb in the simple main clause?,"(By Alena Witzlack-Makarevich): ""Is there a phonologically bound S argument index that precedes its verbal host (i.e. attaches to it as a prefix or a proclitic)?""",341,4,http://grambank.clld.org/parameters/GB090,GB090,,
384,Can the A argument be indexed by a suffix/enclitic on the verb in the simple main clause?,"(By Alena Witzlack-Makarevich): ""Is there a phonologically bound A argument index that follows its verbal host (i.e. attaches to it as a suffix or an enclitic)?""",344,4,http://grambank.clld.org/parameters/GB091,GB091,,
385,Can the A argument be indexed by a prefix/proclitic on the verb in the simple main clause?,"(By Alena Witzlack-Makarevich): ""Is there a phonologically bound A argument index that precedes its verbal host (i.e. attaches to it as a prefix or a proclitic)?""",346,4,http://grambank.clld.org/parameters/GB092,GB092,,
387,Can the P argument be indexed by a suffix/enclitic on the verb in the simple main clause?,"(By Alena Witzlack-Makarevich): ""Is there a phonologically bound P argument index that follows its verbal host (i.e. attaches to it as a suffix or an enclitic)?""",347,4,http://grambank.clld.org/parameters/GB093,GB093,,
390,Can the P argument be indexed by a prefix/proclitic on the verb in the simple main clause?,"(By Alena Witzlack-Makarevich): ""Is there a phonologically bound P argument index that precedes its verbal host (i.e. attaches to it as a prefix or a proclitic)?""",350,4,http://grambank.clld.org/parameters/GB094,GB094,,
392,Do clausal objects usually occur in the same position as nominal objects?,"(By Hannah J. Haynie): ""This feature involves a comparison of the word order in transitive clauses with nominal objects with order in clauses with clausal objects. By clausal objects here we mean clauses that are directly governed by a finite verb (typically verbs of ‘wanting’, ‘saying’, etc.). In other words, complement clauses are a specific type of subordinate clauses and are not relative clauses. For example, the objects in I like apples (nominal object) and I like that you play the piano every morning (clausal object) are in the same position (SVO). Many of the languages that do not place clausal objects in the same position as nominal objects are SOV languages that use SVO order for (long) clausal objects. This question aims to discern whether these clausal objects are treated like prototypical nominal direct objects (not indirect or obliques). This is not always explicitly stated by the descriptive work, but an investigation into the examples and perhaps even appended text of the grammar should typically reveals evidence for answering this question.",351,4,http://grambank.clld.org/parameters/GB135,GB135,,
394,Is the order of core argument (i.e. S/A/P) constituents fixed?,"(By Hannah J. Haynie): ""The order of core arguments is fixed if you cannot permute the order of core constituents (S, A, and P) and the verb without either i) changing the propositional content of the clause or ii) requiring intonational signaling or further elements (particles, cleft components, adjuncts).",353,4,http://grambank.clld.org/parameters/GB136,GB136,,
395,Is there a difference between imperative (prohibitive) and declarative negation constructions?,"(By Hedvig Skirgård): ""Is the negative construction for declarative negation (e.g. I don't drink.) different from the negative imperative (e.g. don't drink!). This feature covers more than only different negators: a different order, loss of finiteness or the addition of new elements also count as differences. If a language-specific analysis indicates two different constructions for negative imperative and prohibitive, then we are only concerned with the construction that negates the traditional imperative function here.",356,4,http://grambank.clld.org/parameters/GB139,GB139,,
397,"Is verbal predication marked by the same negator as all of the following types of predication: locational, existential and nominal?","(By Hedvig Skirgård): ""This feature pertains only to the negative marker itself, be it an independent particle, verb, auxiliary, clitic or affix. This feature covers three kinds of non-verbal negation: locational (The dog is not in the kitchen.), existential (Hogwarts does not exist.) or nominal predication (Ursula is not a witch.).",358,4,http://grambank.clld.org/parameters/GB140,GB140,,
400,Is there a morphological passive marked on the lexical verb?,"(By Jakob Lesage): ""Passivization is a detransitivizing operation that takes a transitive clause (The dog bites the man.) and turns it into an intransitive clause by promoting the P argument (the man) to morphosyntactic S function. In the resulting intransitive clause, the former A argument (the dog) either vanishes or adopts an oblique function: The man is bitten (by the dog). ‘Mediopassives’, ‘anticausatives’ and the sort (e.g. ‘x breaks the vase’ > ‘the vase breaks’) also count as passives. This question targets phonologically bound passive markers on lexical verbs. Anything that happens with auxiliaries is irrelevant here. ❡

Sometimes a language uses a combination of an auxiliary and a special form of the verb to express passive clauses. This verb form may be called a 'participle' or 'infinitive'. If such participial or infinitival forms are morphologically marked (that is, they are not unmarked/zero-marked), they also trigger a 1 for this feature.""",362,4,http://grambank.clld.org/parameters/GB147,GB147,,
401,Is there a morphological antipassive marked on the lexical verb?,"(By Jakob Lesage): ""An antipassive marker detransitivizes verbs by removing the P argument or realizing it as an oblique argument. In a construction with ergative alignment, this means that the A argument of a transitive clause is encoded as the S argument in a corresponding antipassive clause. An antipassive marker often also has other detransitivizing functions, such as reflexivization, reciprocal, passive, or anticausative. In practice, this feature targets any intransitivising marker that is not, or not only, a reflexive, reciprocal, passive, or anticausative marker. This question targets productive phonologically bound antipassive markers on lexical verbs, as well as reduplication. Zero-marking or the removal of a transitivizing marker is not sufficient for a 1. Anything that happens with auxiliaries is irrelevant here. If the antipassive marker is only applied in a limited set of probably lexicalized items, it does not trigger 1.",359,4,http://grambank.clld.org/parameters/GB148,GB148,,
404,Are causatives formed by affixes or clitics on verbs?,"(By Jakob Lesage): ""A causative is a valency increasing operation that introduces a causer core argument that makes a non-subject argument do or become something (e.g. ‘x eats’ -> ‘y feeds x’ = ‘y causes x to to eat’). Note that both causatives adding an argument to a transitive clause (I drink milk -> x causes me to drink milk) and those adding an argument to an intransitive clause (I sit -> x causes me to sit) are targeted by this question. This question targets productive, phonologically bound causative markers. Lexicalized causative verbs should be disregarded for this feature.""",364,4,http://grambank.clld.org/parameters/GB155,GB155,,
405,Does the verb for 'give' have suppletive verb forms?,"(By Hedvig Skirgård): ""his question concerns strong suppletion in verbs of giving. Suppletion is a process where a lexeme is changed in such a way that the new form does not resemble the previous when it appears in a different position in the paradigm. So called ‘weak’ suppletion is not included. An example of this is English went and go. In this case, the verb is suppletive for tense.""",365,4,http://grambank.clld.org/parameters/GB300,GB300,,
408,Is there productive morphological paucal marking on nouns?,"(By Hedvig Skirgård): ""This question concerns a bound grammatical marker of paucal number on nouns (From Latin paucalis ‘few, little’). Paucal is a number value that refers to a non-specified small amount usually between two or more and ten or less. The exact value can depend on what is being counted. The marker should occur with an open set of nouns, not with a restricted set. This feature contrasts with GB320 Is paucal number regularly marked in the noun phrase by a phonologically free element? which focuses on the non-bound marking of paucal number. For more on bound marking, please see this page. Bound marking of number on nouns derived from other word classes (such as adjectives or verbs) does not suffice for a 1. ❡

Number marking is often fused with marking of other categories, such as definiteness/specificity or gender/noun class. It is possible for the number marker to also signal other functions and be coded as 1, as long as these other functions do not interfere with the number distinctions and as long as number marking is productive and regular. ❡

It can be difficult to determine how obligatory markers of dual, trial and paucal number are since they can often be replaced by plural number marking. If the grammar writers describe the marker as denoting grammatical number and there are several examples, this suffices.""",368,4,http://grambank.clld.org/parameters/GB166,GB166,,
409,Can predicative possession be expressed with an S-like possessum and a dative-coded possessor?,"(By Hedvig Skirgård): ""This question concerns predicative possession, i.e. clauses that express an ownership relation between a possessor and possessum. This feature is concerned with clauses where the possessum is the subject of an existential/locative predicate and the possessor is in an oblique form marked by an element meaning ‘at/in/on’ (e.g. the car is on me to mean ‘I have a car.’ or ‘The car is mine.’). The possessor-NP need not be overtly marked for location, it can be expressed in the verb itself, e.g. with a locative extension. It is necessary for the construction that the possessor is not the subject. ❡

This type of predicative possession construction is known as the ‘locational possessive’ in the work of Stassen (2001, 2013).""",370,4,http://grambank.clld.org/parameters/GB252,GB253,,
412,Can predicative possession be expressed with an S-like possessum and a possessor that is coded like an adnominal possessor?,"(By Hedvig Skirgård): ""This question concerns predicative possession, i.e. clauses that express an ownership relation between a possessor and possessum. This feature concerns clauses where the possessum is the subject and the possessor is construed as a modifier of the possessum (e.g. my car exists to mean ‘I have a car’). ❡

This type of predicative possessive construction is known as the ‘genitive possessive’ in the work of Stassen (2001, 2013).""",372,4,http://grambank.clld.org/parameters/GB254,GB254,,
413,Can predicative possession be expressed with an S-like possessor and a possessum that is coded like a comitative argument?,"(By Hedvig Skirgård): ""This question concerns predicative possession, i.e. clauses that express an ownership relation between a possessor and a possessum. This feature concerns a clause which features a comitative/conjunctional construction (c.f. Stassen 2000, 2001, 2013). The predicate is an existential/locational/copula and the possessum or possessor is marked by an element marking simultaneity between clauses, or ‘also/too’, or subordinating conjunction (‘when/while’), or coordinating particle (‘and’), or a comitative marker (‘with’). The marker need not be phonologically bound. Both constructions where the possessor and constructions where the possessum is marked by the comitative marker count.""",373,4,http://grambank.clld.org/parameters/GB256,GB256,,
417,Exponence of tense-aspect-mood inflection,"(By Balthasar Bickel and Johanna Nichols): ""Exponence refers to the number of categories that cumulate into a single formative. The universal default is to express each category by a dedicated formative. These are monoexponential (or separative) formatives. Polyexponential (or cumulative) formatives, i.e. formatives which simultaneously code more than one category, are much rarer. A well-known example is number and case in many Indo-European languages. Marking of case in these languages involves the same formative as marking of number, and it is impossible to identify separate markers of case and number. Thus, in Russian, genitive singular is -i or -a and genitive plural -ej or -ov or -ø, and there is no element in these forms that exclusively expresses case or number. When categories are not cumulated into a single formative, each has its own separate marker. This is so in Turkish, where number is always expressed on nouns by means of the suffix -ler and for each case there is a separate suffix that can combine with -ler, e.g. genitive -in (plural -ler-in), accusative -i (plural -ler-i ), dative -e (plural -ler-e), etc. ❡ 

Exponence is a purely morphological notion; in particular it is independent of the phonological connection between host and formative. Therefore, monoexponential formatives can combine with any fusion type (see Chapter 20 for the definition of fusion types).""",375,3,https://wals.info/feature/21B,21B,,160
418,Female and male animals,"(By Magnus Huber): ""Feature 117 is about the strategies chosen to specify whether animals are female or male. Only productive, non-lexicalized patterns like lion-lioness are considered here. Lexicalized pairs such as English bull-cow are disregarded, as are unproductive patterns like fox-vixen, even if they are etymologically related. ❡

The question whether the base word, apart from the generic meaning, can also denote only the female or only the male animal (like English tiger meaning ‘male and female tiger’ or only ’male tiger’) is irrelevant for this feature. Also irrelevant is the token frequency of the element, that is, sex-denoting elements for animals that are rarely referred to count the same as those for animals that speakers talk about more frequently. As to the type frequency, as long as there is at least one word among all the words for animals that can receive a sex-denoting element, this suffices for a value to be set to “true”, the actual frequency of the particular pattern in comparison to other patterns attested in the same language is indicated in the relative importance field in the APiCS database. ❡

We distinguish between sex-denoting words and affixes, which can either be preposed or postposed. Sex-denoting words can include 3SG pronouns (‘he’, ‘she’), nouns (e.g. ‘man’, ’woman’) or adjectives (e.g. ‘male’, ‘female’).""",225,1,https://apics-online.info/parameters/117,117,,
436,Order of subject and verb,"(By Matthew S. Dryer): ""This map shows the dominant order of lexical (or nonpronominal) subject and verb. The primary types are languages which are SV (in which the subject precedes the verb), a type represented by English and by Turkish, as illustrated in (1a), and languages which are VS (in which the subject follows the verb), exemplified by Welsh, as illustrated in (1b).""",376,3,https://wals.info/feature/82A,82A,,
440,Gender distinctions in personal pronouns,"(By Philippe Maurer): ""In this feature (based on WALS feature 44, by Anna Siewierska), we look at gender distinctions in independent personal pronouns. Although most European languages (and others) display such gender distinctions, many APiCS languages lexically based on these languages do not, whether they are dependent (i.e. bound to the verb, as in Papiamentu Mi ta traha. ‘I am working’) or independent (i.e. potentially standing alone as, for instance, in elliptical answers; e.g. Papiamentu Ken ta traha? – Ami. ‘Who is working? – Me.’).""",379,1,http://apics-online.info/parameters/13,13,,
441,Dual in independent personal pronouns,"(By Martin Haspelmath): ""This feature asks whether a language has a grammaticalized dual-plural distinction, e.g. Tok Pisin _yu_ 'you (SG)', _yupela_ 'you (PL)', _yutupela_ 'you (DU)'. In some languages, such a special form occurs in all three persons, and in one language, it occurs only in the first person.""",380,1,http://apics-online.info/parameters/14,14,,
442,Are there numeral classifiers?,"(By Jeremy Collins and Jay Latarche): ""This question concerns whether some cardinal numerals obligatorily occur with a marker that varies depending on the modified noun. This marker should not be the same as a marker of a noun class/gender system used also on noun modifiers other than cardinal numerals (e.g. demonstratives) or on predicates. The nouns in question should be of high countability, such as people, animals and objects, rather than of low countability, such as water, sand and smoke.""",314,4,http://grambank.clld.org/parameters/GB057,GB057,,
443,What are the exemplar alignments of nouns?,,225,9,https://atlas.evolvinglanguage.ch/parameters/Align-01,Align-01,,
444,Is there Differential Object Marking (DOM) for nouns?,,225,9,https://atlas.evolvinglanguage.ch/parameters/Align-03,Align-03,,
445,What are all the alignments of pronouns?,,,9,https://atlas.evolvinglanguage.ch/parameters/Align-05,Align-05,,
446,Is there indexing in the language?,,,9,https://atlas.evolvinglanguage.ch/parameters/Align-06,Align-06,,
447,What are all the alignments of indexing?,,,9,https://atlas.evolvinglanguage.ch/parameters/Align-08,Align-08,,
448,Fusion of selected inflectional formatives,"(By Balthasar Bickel and Johanna Nichols): ""Fusion refers to the degree to which grammatical markers (called formatives in the following) are phonologically connected to a host word or stem. There are three basic values: isolating, concatenative, and nonlinear. Isolating formatives are full-fledged phonological words of their own... Concatenative formatives are phonologically bound. They need some other host word for their pronunciation and form one single phonological word together with that host... Once the phonological alternations are properly analyzed, strings of concatenative formatives can be segmented into clear-cut morphemes. Nonlinear formatives are not amenable to this because they are realized not in linear sequence but by direct modification of their host. In our sample, we found two subtypes of nonlinear formatives: ablaut and tonal.""",,3,https://wals.info/feature/20A,20A,,165
449,Exponence of selected inflectional formatives,"(By Balthasar Bickel and Johanna Nichols): ""Exponence refers to the number of categories that cumulate into a single formative. The universal default is to express each category by a dedicated formative. These are monoexponential (or separative) formatives. Polyexponential (or cumulative) formatives, i.e. formatives which simultaneously code more than one category, are much rarer. A well-known example is number and case in many Indo-European languages. Marking of case in these languages involves the same formative as marking of number, and it is impossible to identify separate markers of case and number. Thus, in Russian, genitive singular is -i or -a and genitive plural -ej or -ov or -ø, and there is no element in these forms that exclusively expresses case or number. When categories are not cumulated into a single formative, each has its own separate marker. This is so in Turkish, where number is always expressed on nouns by means of the suffix -ler and for each case there is a separate suffix that can combine with -ler, e.g. genitive -in (plural -ler-in), accusative -i (plural -ler-i ), dative -e (plural -ler-e), etc. ❡ 

Exponence is a purely morphological notion; in particular it is independent of the phonological connection between host and formative. Therefore, monoexponential formatives can combine with any fusion type (see Chapter 20 for the definition of fusion types).""",,3,https://wals.info/feature/21A,21A,,162
450,Inflectional synthesis of the verb,"(By Balthasar Bickel and Johanna Nichols): ""Grammatical categories like tense, voice, or agreement can be expressed either by individual words or by affixes attached to some other word (or the stem of a word). If a word combines with affixes, the resulting construction is said to be synthetic; if not, it is said to be analytic. For example, in the past tense, the English verb combines with an affix expressing tense (cf. _she painted_, with suffix _-ed_). Forms like painted  are called synthetic. In the future tense, by contrast, the verb does not combine with an affix; the future is instead expressed by a separate word (will, as in she will paint ). Expressions like _will paint_ are called analytic... Within the same language, verbs can be used with more or less synthesis: the English past, for example, is more synthetic than the future. For surveying purposes, we looked for the maximally inflected verb form, i.e. the one form that is most synthetic, and determined its category-per-word value (""cpw value""). In English, the maximally inflected verb form expresses two categories: agreement (in the present: _-s_) and tense (past: _-ed_). The English verb has therefore a synthesis degree of 2 cpw (=categories per word).""",,3,https://wals.info/feature/22A,22A,,145
451,"Order of subject, object, and verb","(By Magnus Huber): ""This feature (based on WALS feature 81, by Matthew S. Dryer) concerns the ordering of subject, object and verb in non-contrastive, non-focussed transitive clauses without special topicalization, more specifically declarative clauses with both the subject and object realized as full nouns (not as pronouns). ❡

We use subject and object in a semantic sense, to refer to the agent-like and patient-like constituents in a monotransitive clause, as in e.g. French _[Les souris] mangent [le fromage]_ 'The mice eat the cheese'. As can be seen from this example, French has SVO order (Subject-Verb-Object), because the subject les souris 'the mice' precedes the verb and the object _le fromage_ 'the cheese' follows it. Since we only consider non-contrastive, non-focussed, non-topicalized clauses, cases like English It is the cheese that the mice eat (=OSV) are disregarded here. ❡

There are six logically possible orders of subject, object and verb, as shown in the list of feature values. Languages can have several word orders (e.g. German is SVO and VSO in main clauses and SOV in subordinate clauses), so several values can be true for this feature.""",225,1,http://apics-online.info/parameters/1,1,,
452,Order of possessor and possessum,"(By Magnus Huber): ""This feature (based on WALS feature 86, by Matthew S. Dryer) concerns the word order within attributive possessive constructions, i.e. the order of the possessor noun phrase with respect to the head noun (or possessum). ❡

We restrict ourselves to the position of possessive noun phrases containing (full) nouns, rather than those involving only a pronominal word or affix. This is because in some languages pronominal possessors occur in different positions than nominal ones. ❡

Whether or not the construction involves other words or affixes on the head or the possessor noun is irrelevant for this feature. For example, in a number of pidgins and creoles a third person possessive pronoun is placed between the possessor and the possessum (cf. Feature 38 “Marking of possessor noun phrases”). ❡

The term possession is used in this context in a broad sense, including of course ownership like the old lady’s dog but also (a) kinship relations and possession of body parts, as in Mary’s mother and Mary’s foot, and (b) the subjective and objective genitive with action nominals, where the possessor would be the subject or object in a sentential paraphrase, e.g. the teacher’s efforts or the pupil’s detention.""",225,1,http://apics-online.info/parameters/2,2,,
453,Order of adjective and noun,"(By Magnus Huber): ""In this feature (based on WALS feature 87, by Matthew S. Dryer) we consider the two possible orders of attributive (or modifying) adjective and noun: adjective-noun, with the adjective preceding the noun, as in English stupid question, and noun-adjective, with the adjective following the noun, as in French _la maison rouge_ [the house red] 'the red house'. The feature is not concerned with predicative adjectives (in clauses where the noun is the subject and the adjective is the predicate), as in English _The man is stupid._ ❡ 

The term adjective is used here in a semantic sense, as a word with a lexical meaning such as 'hot', 'old', or 'blue'. We thus disregard demonstratives, numerals, or words meaning 'other'. In languages like French, or English, adjectives belong to a distinct class of words, while in other languages they are a subclass of nouns or verbs. We treat a word as an adjective as long as it denotes a property or quality, irrespective of its word class in the language.""",225,1,http://apics-online.info/parameters/3,3,,
454,Locus of marking in the clause,"(By Johanna Nichols and Balthasar Bickel): ""Locus is a convenient one-word term for what is also known as head/dependent marking. In any kind of phrase, overt morphosyntactic marking reflecting the syntactic relations within the phrase may be located on the head of the phrase, on a non-head (i.e. on a dependent), on both, or on neither. In clauses, the arguments are dependents and the verb is the head. Examples of the locus types in clauses are (1)-(4). For ease of illustration these examples show the treatment of subjects and objects, in languages that treat both identically. As discussed below, not all languages treat subjects and objects identically, and where they are treated differently we have mapped the treatment of objects (specifically, direct objects (P below)). Not all languages treat pronoun and noun arguments identically, and where they are treated differently we have mapped the treatment of nouns.""",12,3,https://wals.info/feature/23A,23A,,236
455,Order of adposition and noun phrase,"(By Magnus Huber): ""For this feature (based on WALS feature 85, by Matthew S. Dryer), an adposition is defined as a separate free word that stands before, inside or after a noun phrase and establishes a grammatical or semantic relationship between the noun phrase and a verb in the same clause. Three types of adpositions occur in our languages: prepositions stand before, postpositions after, circumpositions both before and after a noun phrase. Since our criterion is that an adposition indicates some kind of relationship between a noun phrase and a verb, as in speak of the devil, attributive possessive constructions like the tail of the dog are disregarded here because they only establish a relationship between the nouns tail and dog, but not between either of them and a verb. Note that we also disregard case affixes on nouns, which in some languages have functions that are similar to adpositions in European languages. On the other hand, cliticized relation markers, which are phonologically integrated into the noun but whose position depends on syntax do count as adpositions for the purposes of this feature.""",225,1,http://apics-online.info/parameters/4,4,,
456,Order of demonstrative and noun,"(By Philippe Maurer): ""This feature (based on WALS feature 88, by Matthew S. Dryer) considers the order of adnominal demonstrative and noun. ❡

Demonstratives are deictic expressions such as English _this_ and _that_ which are used to point to referents and which typically indicate the relative distance of a referent in the speech situation in relation to the speaker’s location.""",225,1,http://apics-online.info/parameters/5,5,,
457,Order of cardinal numeral and noun,"(By Martin Haspelmath and Susanne Maria Michaelis): ""In this feature (based on WALS feature 89, by Matthew S. Dryer), we look at the order of the cardinal numeral with respect to the noun that it modifies, whether it precedes the noun ('five houses') or follows the noun ('houses five'). Cardinal numerals are words that denote the number of things that are referred to by the noun phrase, and they contrast with ordinal numerals, which specify the rank in some order of objects, as in 'fifth chair' (see Feature 35).""",225,1,http://apics-online.info/parameters/6,6,,
458,Order of relative clause and noun,"(By Martin Haspelmath and Susanne Maria Michaelis): ""As in WALS feature 90 (by Matthew S. Dryer), we define a relative clause as a clause that helps narrow the reference of a noun (the head) and in which the referent of the noun head has a semantic role. This feature is concerned with the order of ordinary attributive relative clauses, and with some special subtypes of relative clauses: ❡

Internally headed relative clauses are not adjacent to the notional head, but contain it inside them. ❡

The head of a correlative relative clause occurs inside the relative clause together with a relative marker and is taken up by a resumptive demonstrative-like element in the main clause. ❡

An adjoined relative clause is one which does not occur adjacent to the head noun and is not specially marked as relative clause.""",225,1,http://apics-online.info/parameters/7,7,,
459,Order of degree word and adjective,"(By Martin Haspelmath): ""In this feature (based on WALS feature 91, by Matthew S. Dryer), we look at the order of degree words (adverbial modifiers) such as 'very', 'a little' and 'more', with respect to an attributive or predicative adjective. A language may have multiple values if different degree words occur in different positions. One language has a degree modifier that simultaneously precedes and follows the adjective.""",225,1,http://apics-online.info/parameters/8,8,,
460,Position of definite article in the noun phrase,"(By Martin Haspelmath): ""A definite article is an element which accompanies nouns and which codes definiteness, like the in English. Definite articles need not be obligatory. Definite NPs are NPs whose referent can be uniquely identified by the hearer, as in anaphoric situations, to refer back to something mentioned in the preceding discourse (e.g. I bought a new bicycle... My husband likes the bicycle), or in associative contexts, to refer to something that is not mentioned in the preceding discourse but that is identifiable because of an associative relationship (e.g. I bought a new bicycle. The saddle is very comfortable).""",225,1,http://apics-online.info/parameters/9,9,,
461,Position of indefinite article in the noun phrase,"(By Martin Haspelmath): ""An element is considered an indefinite article if it occurs commonly with indefinite noun phrases and signals that the noun phrase is indefinite (not definite, not uniquely not identifiable by the hearer). Indefinite articles are often identical to the numeral 'one'.""",225,1,http://apics-online.info/parameters/10,10,,
462,"Order of frequency adverb, verb, and object","(By Martin Haspelmath): ""A word order parameter that has been prominent in generative grammar is the order of frequency adverbs and the verb in a transitive sentence. Here we limit ourselves to adverbs that translate ‘often’ (or ‘usually’, ‘mostly’, ‘a lot’, ‘many times’, ‘all the time’, ‘always’). In the values, the order of the subject is ignored, and we only consider full-NP direct objects (not pronominal direct objects). Moreover, we only consider the position of the main verb, ignoring any auxiliary verbs. ❡

By adverb we mean any fixed expression for frequency that is not clearly an argument noun phrase or a verb (phrase). Thus, we include not only single word expressions like often and always, but also fixed phrasal expressions like all the time. However, freely created phrasal expressions (e.g. with high frequency) do not count as adverbs.""",225,1,http://apics-online.info/parameters/11,11,,
463,Position of interrogative phrases in content questions,"(By Martin Haspelmath): ""This feature (based on WALS feature 93, by Matthew S. Dryer) concerns the position of interrogative phrases (or ""wh-phrases"") in the clause. In many languages, the interrogative phrase is normally or obligatorily fronted in content questions, i.e. occurs initially in the clause. This is normal in English (e.g. What did you see?) and most other European languages. But in other languages, the interrogative phrase can occur in the position in which it would occur in the corresponding declarative (”in situ”), or in another special position (e.g. a preverbal focus position). Here we only distinguish two possibilities: initial and non-initial (i.e. in situ or in some other non-initial position).""",225,1,http://apics-online.info/parameters/12,12,,
464,Indefinite pronouns,"(By Martin Haspelmath): ""In the feature (based on WALS feature 46, by Martin Haspelmath, we look at the form of indefinite pronouns, i.e. expressions rendering 'something' and 'somebody'. These can be expressed by special pronoun forms such as Papiamentu or Spanish algo 'something', or by interrogative-based forms such as Chinuk Wawa íkta 'what; something', or by generic-noun-based forms such as Guinea-Bissau Kriyol un kusa 'a thing, something', or by old generic-noun-based indefinites that continue the English forms something and somebody (e.g. Kriol jamjing, sambadi) but are no longer synchronically analyzable. Finally, languages may use a special existential construction instead of an indefinite pronoun in argument position ('There is who came' for 'Someone came').""",73,1,http://apics-online.info/parameters/21,21,,
465,Expression of nominal plural meaning,"(By Martin Haspelmath): ""This feature (based on WALS feature 33, by Matthew S. Dryer) considers the way in which the plural is marked if a language has overt plural marking: by a prefix, a suffix, a stem change, a tone or stress change, reduplication, or a plural word, which may precede or follow the noun (or noun phrase). The first value means that the language has no nominal plural marking.""",111,1,http://apics-online.info/parameters/23,23,,
466,The associative plural,"(By Susanne Maria Michaelis and Martin Haspelmath): ""An associative plural construction consists of a noun N (typically denoting a human) plus a marker, with the meaning 'N and others associated with N'. The others can be family, friends or simply people in N's company. Associative plurals are thus referentially heterogenous, and they contrast with additive plurals, which are referentially homogeneous: While N + additive plural means 'several people of type N', N + associative plural has the meaning 'several people who are associated with N, including N'.""",111,1,http://apics-online.info/parameters/24,24,,
467,Antidual of paired body-part terms,"(By Susanne Maria Michaelis): ""This feature concerns the expression of the singular of paired body-part terms (eyes, ears, hands, arms, feet, legs etc.). In some languages, the singular of such words often occurs with an overt singular-marking element, e.g. Seychelles Creole en kote lipye [56-65] ‘a leg’, lit. ‘a side of leg’. The normal way to say ‘legs’ is lipye (i.e. no plural marker is used). In other languages, words like ‘grain’ or ‘half’, are used in this way. Such a singular-marking element can be called “antidual” marker (this term is not standard and is used here for the first time).""",225,1,http://apics-online.info/parameters/27,27,,
468,Dependent marking in NP,,225,10,https://crossgram.clld.org/parameters/nicholsdiversity-2,2,,
469,Head marking in NP,,,10,https://crossgram.clld.org/parameters/nicholsdiversity-3,3,,
470,Generic noun phrases in subject function,"(By Philippe Maurer): ""Here we consider the expression of generic noun phrases in subject position. Only sentences where both the subject and the situation to which the verb refers are generic are considered; sentences where only the subject, but not the verb phrase, is generic are disregarded. In many creole languages, noun phrases in generic sentences occur without any article, as in Bahamian Creole _When cockroach give dance, he don’t ask fowl_.""",225,1,http://apics-online.info/parameters/30,30,,
471,Co-occurrence of demonstrative and definite article,"(By Martin Haspelmath): ""This feature asks whether noun phrases with adnominal demonstratives (e.g. ‘this book’, ‘that house’) also contain a definite article. Noun phrases with an adnominal demonstrative are necessarily definite, so the definite article is redundant. Thus, some languages with an otherwise obligatory definite article (e.g. English) do not allow the article to occur when a demonstrative is present (_*this the book_), but others allow or require the definite article to co-occur with the demonstrative (e.g. Haitian Creole _kandida sa a_ [candidate this the] ‘this candidate’). If a language allows both co-occurrence and non-co-occurrence with different demonstrative constructions, it has several different values.""",225,1,http://apics-online.info/parameters/31,31,,
472,Pronominal and adnominal demonstratives,"(By Philippe Maurer): ""This feature (based on WALS feature 42, by Holger Diessel) asks whether pronominal and adnominal demonstratives have the same form. Pronominal demonstratives (like English _this one_, French _celui-ci_) replace a noun or noun phrase, and adnominal demonstratives (like English _this_, French _ce .. -ci_) determine a noun.""",225,1,http://apics-online.info/parameters/32,32,,
473,Distance contrasts in demonstratives,"(By Philippe Maurer): ""This feature (based on WALS feature 41, by Holger Diessel) is about distance contrasts expressed by demonstratives, i.e. deictic expressions such as English _this_ and _that_. Demonstratives indicate the relative distance of a referent in the speech situation vis-à-vis the deictic center (origo), roughly equivalent to the speaker’s location. When _this_ and _that_ are used contrastively, this denotes a referent in relative proximity to the deictic center and that denotes a referent at a greater distance, as in English _This is my pen_ and _that one is yours_. Some languages have further distance contrasts.""",225,1,http://apics-online.info/parameters/33,33,,
474,Adnominal distributive numerals,"(By Philippe Maurer): ""This feature (closely related to WALS feature 54, by David Gil) considers adnominal distributive numerals. Distributive numerals are special numerals that express distributive relations as in German _Die Männer trugen je drei Koffer._ ‘The men carried three suitcases each.’ English lacks distributive numerals, because in a sentence like _They carried three suitcases each_, the numeral does not form a continuous constituent with the distributive word _each_, i.e. _three...each_ does not qualify as a numeral. In the APiCS languages, they are often marked by reduplication, e.g. Principense _dôsu dôsu_ 'two each'.""",225,1,http://apics-online.info/parameters/34,34,,
475,Ordinal numerals,"(By Philippe Maurer): ""This feature compares ordinal numerals (’first, second, third ...’) with adnominal cardinal numerals (’one, two, three ...’). There are different ways in which ordinal numerals are formed, especially with regard to ‘first’ and ‘second’, which are often irregular. ❡

Since we are considering only synchrony, words like English _third_ and _fifth_ are not considered derived from three and five, although from a diachronic perspective they are of course derived.""",225,1,http://apics-online.info/parameters/35,35,,
476,Marking of pronominal possessors,"(By Martin Haspelmath): ""This feature concerns the expression of adnominal possession when the possessor is a (non-focused, non-contrastive) personal pronoun (e.g. ‘my book’, ‘her mother’, ‘your hair’). ❡

Possessive relations are defined as comprising ownership, body-part relations and kinship relations (and of course normally other abstract relations as well, but these three are criterial.) ❡

Personal pronouns expressing possessors may be separate words (preceding or following the possessum), or affixes (prefixes or suffixes) on the possessum). Another possibility is that pronominal possessors are linked to the possessum by an adposition, with the adpositional phrase preceding or following the possessum.""",225,1,http://apics-online.info/parameters/37,37,,
477,Marking of possessor noun phrases,"(By Martin Haspelmath): ""In this feature (closely related to WALS feature 24, by Johanna Nichols and Balthasar Bickel), the question is how the possessor noun phrase is marked in an adnominal possessive construction (’the man’s house’, ‘the bird’s wing’, ‘the roof of my house’). ❡

Possession is defined broadly as comprising ownership, part-whole relations and kinship relations (and of course normally other abstract relations as well, but these three are criterial.) ❡

Often pronominal possessors are treated differently from full noun phrases. Here we only look at (non-pronominal) full noun phrases. (For pronominal possessors, see Feature 37.) Note that we ignore word order here. (For word order, see Feature 2.)""",225,1,http://apics-online.info/parameters/38,38,,
478,Independent pronominal possessors,"(By Martin Haspelmath): ""Here we ask how a possessor is expressed when it occurs independently, i.e. when the possessum noun is not present because it can be inferred from the context, e.g.Whose book is this? Mine (elliptical answer), or This book is yours (predicative use), or _Your book is cheaper than hers_ (anaphoric use). We are in particular interested in the relation of the independent pronominal possessor to the dependent pronominal possessor (as in _my book, your book, her book_).""",225,1,http://apics-online.info/parameters/39,39,,
479,Comparative adjective marking,"(By Susanne Maria Michaelis): ""In this feature, we investigate the marking of degree on adjectives in comparative constructions of inequality such as English Mary is taller than Peter, where a comparee NP (Mary) is compared with a standard NP (Peter) with respect to a parameter (tallness). In such constructions, many (especially European) languages mark the adjective either by a suffix, e.g. English -er in tall-er, or by a degree word, e.g. French plus 'more' in plus grand 'bigger'. ❡

We use adjective here in a semantic sense to refer to gradable property concepts, e.g. 'big', 'small', 'short', 'long' (cf. also Feature 3 on order of adjective and noun). Morphosyntactically these property concepts can be encoded as verbs, nouns, or as a separate word class (adjectives). ❡

In comparative constructions, the standard can be marked in various ways (see Feature 42 on comparative standard marking). For the present feature, we only consider constructions in which the standard is present (e.g. Peter in Mary is taller than Peter), not constructions in which the standard is contextually omitted (e.g. Mary is taller), because some languages use a different construction when the standard is not expressed.""",225,1,https://apics-online.info/parameters/41,41,,
480,Comparative standard marking,"(By Susanne Maria Michaelis): ""In this feature (based on WALS feature 212, by Leon Stassen), we consider the marking of the standard in comparative constructions. In a construction such as English John is taller than Peter, the standard is the entity Y (Peter) to which the topic X (John) is compared, marked by the particle than in English (see also Feature 41, “Comparative Adjective Marking”). ❡

Here we consider only comparative constructions involving adjectives. (We use adjective in a semantic sense, as in Feature 3, ”Order of adjective and noun”, to refer to words denoting gradable property concepts.) ❡

The standard markers are classified by the salient other meanings that they have in addition to that of marking the standard. Surpass markers also occur as (or are closely related to) a verb meaning ‘surpass’ or ‘exceed’. Locational markers have a locational sense (ablative, allative, locative), or a dative sense. Particle markers are specialized for standard marking, or at least have no ‘surpass’ or locational meaning (English than and French que belong here). Primary surpass marking refers to constructions such as 'John surpasses Peter in tallness', while secondary surpass marking refers to constructions such as 'John is tall, surpassing Peter'. In conjoined constructions, there are two separate predications ('John is tall, Peter is short').""",225,1,https://apics-online.info/parameters/42,42,,
481,"Position of tense, aspect, and mood markers in relation to the verb","(By Philippe Maurer): ""This feature asks about the position of tense, aspect, and mood (TAM) markers in relation to the verb. Where a language is shown with different values, this is because different TAM markers occur in different positions. ❡

Note that he term aspect is used in a restricted way (as in feature 49), referring only to the distinction between imperfective and perfective aspect, leaving aside other aspectual categories such as completive, resultative, or iterative. ❡

By ""leftward position"", we mean that elements such as object pronouns, negators, or lexical items may occur between the TAM marker(s) and the verb. By ""rightward position"", we mean that elements such as object can occur between the verb and the TAM marker(s).""",225,1,https://apics-online.info/parameters/43,43,,
482,"Internal order of tense, aspect, and mood markers","(By Philippe Maurer): ""In this feature we ask about the order of tense, aspect, and mood markers (TAM markers) with respect to each other. To qualify for this feature, it is important that the three markers be adjacent to each other. A context which favours the combination of the TAM markers are counterfactual conditional clauses, where the tense marker usually corresponds to a past marker, the aspect marker to an imperfective marker, and the mood marker to a future marker (used modally).""",225,1,https://apics-online.info/parameters/44,44,,
483,Tightness of the link between the past marker and the verb,"(By Philippe Maurer): ""This feature asks how tightly combined the overt past marker and the verb form are, especially which elements (if any) may intervene between the past marker and the verb.""",225,1,https://apics-online.info/parameters/45,45,,
484,Tightness of the link between the progressive marker and the verb,"(By Philippe Maurer): ""This feature asks how tightly linked the (overt) progressive marker and the verb are, and especially asks which elements (if any) may intervene between the progressive marker and the verb.""",225,1,https://apics-online.info/parameters/46,46,,
485,Uses of the progressive marker,"(By Philippe Maurer): ""An overt marker which fulfills the function of the progressive, i.e. which refers to ongoing activities, often fulfills other functions as well. Among them are current states, habitual situations, and future situations. This feature asks which of these three other functions a progressive marker may fulfill.""",225,1,https://apics-online.info/parameters/47,47,,
486,Uses of the habitual marker,"(By Philippe Maurer): ""An overt marker which fulfills the function of the habitual often fulfills other functions as well. This feature asks which additional functions a habitual marker may have. It is parallels the preceding Feature 47 (""Uses of the progressive parker"").""",225,1,https://apics-online.info/parameters/48,48,,
487,Tense-aspect systems,"(By Philippe Maurer): ""Languages may have different kinds of tense-aspect systems. Regarding tense, we look only at present and past situations; in the aspectual domain, we restrict ourselves to the opposition of perfective vs. imperfective. ❡

A purely aspectual system only has a perfective aspect marker (possibly realized as a zero morpheme) that normally refers to perfective past situations, and an imperfective marker, which can be used both in present and past situations (ongoing process, current state or habitual situation). A purely temporal system only marks past, present, and future situations, regardless of aspect. A mixed tense-aspect system possesses both tense and aspect markers, as happens in most Romance languages (cf. French passé composé/passé simple vs. imparfait). For this value, it is not important whether tense marking is obligatory, optional or bound to certain contexts. ❡

The difference between a purely aspect system and a mixed tense-aspect system lies above all in the domain of the imperfective aspect. In contrast to a mixed tense-aspect system, a purely aspectual system cannot mark the difference between present and past imperfective (i.e. between 'she is working' and 'she was working'). ❡

The last value is reserved for languages which do not mark tense or aspect morphologically, but lexically (usually with time adverbs), or to languages that possess only one tense or aspect marker.""",225,1,https://apics-online.info/parameters/49,49,,
488,Present reference of stative verbs and past perfective reference of dynamic verbs,"(By Philippe Maurer): ""Bickerton and others have claimed that in creole languages, the zero-marked verb refers to a present situation with stative verbs and has a past perfective function with dynamic verbs (which corresponds to the first value ""Stative verbs with present reference and dynamic verbs with past perfective reference are both unmarked""). This feature examines how verbs referring to permanent states like ‘can’, ‘know’, ‘love’, or ‘want’ are marked for present reference and how dynamic verbs are marked for past perfective aspect (or past reference, if the language has no dedicated perfective aspect marker).""",225,1,https://apics-online.info/parameters/51,51,,
489,Aspect markers and inchoative meaning,"(By Martin Haspelmath and Susanne Maria Michaelis): ""In quite a few creole languages, when words (verbs or adjectives) denoting physical and psychological states such as ‘ripe’, ‘sick’, ‘fat’, ‘red’ are combined with progressive or completive aspect markers, they can take on an inchoative meaning (i.e. a sense of 'becoming'). Thus, an expression that is literally 'is being ripe' (using a progressive marker)means 'is becoming ripe', and 'finished being sick' (using a completive marker) means 'has become sick'.""",225,1,https://apics-online.info/parameters/52,52,,
490,Aspect change in verb chains,"(By Philippe Maurer): ""Aspect change in verb chains concerns the possibility of marking the second verb in a chain for imperfective aspect (usually with a progressive function) in spite of the fact that the first verb in the chain is marked – or zero-marked, as in many creoles – for perfective aspect. In these cases, the first verb refers to a story-line event, and the second verb refers to a backgrounded event. ❡

Note that in this context, verb chain is understood as being similar to serial verb constructions (absence of overt marker of coordination, subor¬di¬nation, or syntactic dependency of any sort); but, in contrast to serial verb constructions, verb chains refer to two (or more) consecutive actions whereby the second verb does not modify the other verb in any way.""",225,1,https://apics-online.info/parameters/53,53,,
491,Suppletion according to tense and aspect,"(By Philippe Maurer): ""For this feature (based on WALS feature 79, by Ljuba Veselinova), we ask whether verbs exhibit suppletion (different stems in different grammatical contexts) depending on different tense or aspect forms. We distinguish two degrees of suppletion. In strong suppletion, there are two different stems that share no phonological material at all (as English go vs. went), whereas in weak suppletion, the two irregularly related stems share some phonological material (as English think vs. thought). ❡

Formal irregularity is determined by synchronic, not by diachronic criteria; therefore, the historical origin of the suppletive forms and their etymologies are not taken into account here.""",225,1,https://apics-online.info/parameters/54,54,,
492,Ability verb and epistemic possibility,"(By Philippe Maurer): ""In this feature, we ask whether epistemic possibility (”perhaps, possibly”) can be expressed by the same verb as ability. This is the case in quite a few languages, e.g. German kann: Er kann morgen kommen (i) (ability) ‘He can come tomorrow’, (ii) (epistemic possibility) ‘He will possibly come tomorrow’. But in many other languages, this is not the case. ❡

By ability, we refer broadly to various non-epistemic possibility types comprising mental participant-internal ability (French savoir: Il sait nager ‘He can swim’), physical participant-internal ability (”He can lift 100 kilos”), and participant-external possibility (”She can go to town by bus”, i.e. because there is a bus connection). (Note that this excludes permission, as in “You may leave now.”)""",225,1,https://apics-online.info/parameters/55,55,,
493,The prohibitive,"(By Philippe Maurer): ""This feature deals with the prohibitive and is based on WALS feature 71, by Johan van der Auwera & Ludo Lejeune (with Valentin Goussev). The prohibitive is the negated counterpart of the affirmative imperative, as in Papiamentu No bai! ‘Don't go!’. Only the singular prohibitive is considered here. ❡

Prohibitives often have special negators that are not used in declaratives, e.g. Tok Pisin maski 'don't!'. ❡

They may also use a special imperative construction that is not used with affirmative imperatives, e.g. Pichi mek yù no laf [19-104] 'Don't laugh!' (using the special imperative/subjunctive marker mek).""",225,1,https://apics-online.info/parameters/56,56,,
494,Alignment of case marking of full noun phrases,"(By Martin Haspelmath): ""Here we look at alignment of case marking of full noun phrases, following WALS feature 58, by Bernard Comrie. Alignment refers to the comparison between the marking of the A (transitive agent/subject) argument and the P (transitive patient/object) argument with the marking of the S (intransitive subject) argument. Here only the alignment of case/adpositions is considered, and only the marking of full NPs (person forms are treated in Feature 59). Neutral alignment refers to situations where both A and P are coded like the S. In accusative alignment, A is coded like the S and P is coded in a special way (by accusative case). In ergative alignment, P is coded like the S and A is coded in a special way (by ergative case).""",225,1,http://apics-online.info/parameters/58,58,,
495,Alignment of case marking of personal pronouns,"(By Martin Haspelmath): ""Here we look at alignment of case marking of personal pronouns, following WALS feature 59, by Bernard Comrie. Alignment refers to the comparison between the marking of the A (transitive agent/subject) argument and the P (transitive patient/object) argument with the marking of the S (intransitive subject) argument. Here only the alignment of case/adpositions is considered, and only the marking of (dependent) person forms (full NPs are treated in Feature 58). Neutral alignment refers to situations where both A and P are coded like the S. In accusative alignment, A is coded like the S and P is coded in a special way (by accusative case). In ergative alignment, P is coded like the S and A is coded in a special way (by ergative case).""",225,1,http://apics-online.info/parameters/59,59,,
496,Ditransitive constructions with ‘give’,"(By Martin Haspelmath and Susanne Maria Michaelis): ""Ditransitive constructions with the verb ‘give’ have an agent, a recipient and a theme argument. Here we ask how the adpositional or case coding of the recipient and theme compare with the coding of the patient of the ordinary transitive (monotransitive) construction (following WALS feature 105, by Martin Haspelmath). If the recipient receives special marking (generally by a preposition, or by a serial verb), and the theme is coded like the monotransitive patient, we are dealing with an indirect-object construction (something like “I gave book to John”, cf. monotransitive “I bought book”). If the theme receives special marking, and the recipient is coded like the monotransitive patient, we are dealing with a secondary-object construction (something like “I gave John with book”, cf. monotransitive “I saw John”). If neither the recipient nor the theme receive special marking, and both are coded like the monotransitive patient, we have the double-object construction (something like “I gave John book”). Only full NP recipients and themes are taken into account for this feature.""",225,1,http://apics-online.info/parameters/60,60,,
497,Order of recipient and theme in ditransitive constructions,"(By Martin Haspelmath): ""This feature primarily concerns the ordering of the recipient and the theme objects of a ditransitive construction, i.e. a construction involving a verb of physical transfer of possession or mental transfer of experience ('give', 'show'). Only full noun phrases are taken into account, as pronouns often show differnt behaviour. The position of the objects with respect to the subject and the verb is also taken into account, although this is analogous to the order in monotransitive clauses.""",225,1,http://apics-online.info/parameters/61,61,,
498,Expression of pronominal subjects,"(By Martin Haspelmath): ""In this feature (based on WALS feature 101, by Matthew S. Dryer), we ask how subjects are expressed when they refer to the speaker ('I', 'we'), to the hearer ('you'), or to a highly activated other referent ('he', 'she', 'it', 'they'). Usually the forms used in such circumstances are person forms. Many languages require subject pronouns which are words, but subject person forms may also be affixes, and in quite a few languages they are option. In two languages subject pronouns occur in a different position from subject full noun phrases.""",225,1,http://apics-online.info/parameters/62,62,,
499,Expletive subject in ‘seem’ constructions,"(By Susanne Maria Michaelis): ""In this feature, we ask whether there is an expletive subject in a ‘seem’ construction, as in English It seems (that) we have stayed long enough/ It looks like…/ It appears that it is going to rain. An expletive subject is a pronoun-like element in subject position that has no reference and that functions primarily as a placeholder.

A ‘seem’ construction is a construction with a matrix verb denoting a propositional attitude ('seem', 'look like', 'resemble') and a complement clause that is its notional subject, as in Pichi È fiba se Bòyé gɛt mɔ̀ní. [19-115] ‘It seems that Boye has money.’

The experiencer of the attitude may be absent as in this Pichi example, or present as an object or oblique (It seems to me that...), as in Casamancese Creole I parsí-m kumá i na cobé awosi. [34-98] ‘It seems to me that it will rain today.’

Not all languages have a ‘seem’ construction in the narrow sense intended in this feature, this construction apparently being more typical of European (standard) languages. Some APiCS languages only have experiencer-subject propositional attitude constructions like 'I think that...', or they may use adverbs meaning ‘apparently, seemingly’.""",225,1,http://apics-online.info/parameters/63,63,,
500,Expletive subject of existential verb,"(By Martin Haspelmath): ""By existential verb, we refer to the element corresponding to English there is in existential clauses like There is food on the table. An expletive subject is any element (word or affix) occurring with the existential verb that occupies the structural position of the subject but has no reference of its own. Typical examples are French il in il y a, German es in es gibt, English there in there is, or Nigerian Pidgin ì in ì get ‘there is’.",225,1,http://apics-online.info/parameters/64,64,,
501,Raining constructions,"(By Susanne Maria Michaelis): ""Meteorological events are not expressed uniformly across languages, and they also exhibit interesting variation in the APiCS languages, which is the focus of the present feature. Since languages often code different meteorological events ('the sun in shining', 'it is raining', 'there is a thunderstorm', etc.) with different syntactic constructions, we consider exclusively the situation 'it is raining'.""",225,1,http://apics-online.info/parameters/65,65,,
502,Experiencer constructions with ‘headache’,"(By Susanne Maria Michaelis): ""In this and the following two features, we will look at different kinds of experiencer constructions, expressing situations involving 'headache' (Feature 66), 'liking' (Feature 67), and 'fear' (Feature 68). There is little systematic typological literature on experiencer constructions.

In the questionnaire, we asked for the expression of 'headache', but some contributors could not provide a ‘headache’ example from their language. In this case, examples expressing similar pain experiences were also accepted.

So this feature is about the type of constructions expressing pain, and more specifically headache, as in English She has a headache. Such headache-constructions involve three participants, an experiencer who experiences the pain sensation ('she'), the sensation itself ('ache'), and potentially a body-part ('head') to which this sensation is related.

There is a lot of interesting variation in such constructions. However in this feature, we mainly focus on the question which of the three participants is coded in subject position. Subject is defined here as an argument that is coded like the typical agent in a monotransitive clause, or the single argument of an intransitive clause.

Many languages are reported to have several different ‘headache’ constructions.""",225,1,http://apics-online.info/parameters/66,66,,
503,Experiencer constructions with ‘like’,"(By Susanne Maria Michaelis): ""Here we ask about the expressions of situations corresponding to English I like mangoes. 'Like' constructions involve two participants, an experiencer ('I') and a stimulus ('mangoes'). For this feature, we focus on the question whether the experiencer is expressed in the subject position (as in 'I like mangoes'), in the object position (as in 'Mangoes please me'), or if it is coded like a dative recipient (as in 'Magoes are pleasing to me'). In one language, both experiencer and stimulus are coded like objects.""",225,1,http://apics-online.info/parameters/67,67,,
504,Experiencer constructions with ‘fear’,"(By Susanne Maria Michaelis): ""This feature deals with experiencer constructions corresponding to English The child is afraid, which may involve three semantic entities: the experiencer ('the child'), the sensation ('fear'), and the ""body-part"" ('my heart/my soul'). We ask which entity is expressed in the subject position, whether we are dealing with a verbal/non-verbal or transitive/intransitive construction, and whether the experiencer is subject, object, dative, or oblique. We disregard 'fear' constructions in which the stimulus is expressed overtly, i.e. we are looking at 'The child is afraid', but not at 'The child is afraid of the dog.' """,225,1,http://apics-online.info/parameters/68,68,,
505,Instrumental expressions,"(By Philippe Maurer): ""Instruments such as a knife, hammer, finger, water in ‘cut with a knife’, ‘hit with a hammer’, ‘open with her fingers’ or ‘extinguish with water’ are expressend in five main ways, which are the five values of this feature: by an instrumental adposition, by an instrumental serial verb, by an instrumentral non-serial verb, by an instrumental non-serial verb, or by an instrumental case.""",225,1,http://apics-online.info/parameters/69,69,,
506,Comitatives and instrumentals,"(By Philippe Maurer): ""In this feature (based on WALS feature 52, by Thomas Stolz, Cornelia Stroh and Aina Urdze), we ask whether the concept ‘together with’ (comitative) is expressed in the same way or differently from the concept ‘with’ (instrumental). ❡

Serial verb constructions are not taken into account unless they are the only way to express comitatives or instrumentals.""",225,1,http://apics-online.info/parameters/70,70,,
507,Noun phrase conjunction and comitative,"(By Philippe Maurer): ""In this feature (based on WALS feature 63, by Leon Stassen), we ask whether a language uses a different marker for noun phrase conjunction (e.g. English John and Mary went to the movies) and comitative phrases (e.g. John went to the movies with Mary), as is the case in English (and vs. with), or whether the language has the same marker for noun phrase conjunction and comitative phrases, as e.g. in Principense (ki renders both 'and' and 'with').""",225,1,http://apics-online.info/parameters/71,71,,
508,Nominal and verbal conjunction,"(By Martin Haspelmath): ""In this feature (based on WALS feature 64, by Martin Haspelmath), we ask whether nominal conjunction ('Pat and Kim') and verbal (or clausal) conjunction ('The kids are playing and the parents are talking') are expressed in the same way or differently. While European languages generally have the same conjunction marker for both functions, African languages typically use different markers for these two situations. Overlap means that one marker has both functions and another marker has just one of the functions. If a language has three markers, two can differentiate and the third can lump the two functions, so that there is overlap and differentiation.""",225,1,http://apics-online.info/parameters/72,72,,
509,Predicative adjectives,"(By Susanne Maria Michaelis): ""This feature is about the presence or absence of a copula in clauses with predicative adjectives. We ask how a situation such as ‘Mary is old’ is expressed. Note that “adjective” is defined purely semantically: a word that denotes a property, such as ‘red’, ‘big’, ‘old’, ‘bad’. The issue whether such words are “really verbs” or belong to a separate word class “adjective” is left aside for the purposes of this feature (see also Feature 3, ""Order of adjective and noun""). ❡

As in Feature 73 (""Predicative noun phrases""), a copula is defined as any overt element that occurs in such clauses apart from the subject and the predicative adjective and that does not normally occur in clauses with action verbs. ❡

Similarly, as in the preceding feature, only present-tense clauses are taken into account. Moreover, we only look at stative predicative adjectives, so we do not consider inchoative situations like ‘Peter got angry’ (cf. Feature 52 on aspect markers and inchoative meaning).""",225,1,http://apics-online.info/parameters/74,74,,
510,Predicative locative phrases,"(By Susanne Maria Michaelis): ""In this feature we consider a third kind of predicate phrases, focusing on the presence or absence of a copula in clauses with predicative locative phrases. We ask how a situation like 'Mary is in town' or 'The bird is on the tree' is expressed. ❡

As in Features 73 and 74, a copula is defined as any overt element that occurs in such clauses apart from the subject and the predicative locative phrase and that does not normally occur in verbal clauses. Again, as for predicative noun phrases, only present-tense clauses are taken into account.""",225,1,http://apics-online.info/parameters/75,75,,
511,Predicative noun phrases and predicative locative phrases,"(By Susanne Maria Michaelis): ""After having looked at the presence and absence of copulas with predicative noun phrases (Feature 73) and predicative locative phrases (Feature 75), we here compare the two constructions (following WALS feature 119, by Leon Stassen). The question is whether sentences corresponding to ‘I am a teacher’ and ‘I am in town’ are coded in a different or identical way. ❡

If one or the two strategies involve zero coding (i.e. no copula is used), this zero-coding also counts as a strategy and is part of the comparison.""",225,1,http://apics-online.info/parameters/76,76,,
512,Existential verb and transitive possession verb,"(By Susanne Maria Michaelis): ""This feature investigates whether the existential verb (‘there is’) is identical to the transitive verb of possession ‘have’ (cf. the first value in Feature 77 and Feature 64 on expletive subject of existential verb), as in Seychelles Creole (i annan koudvan [56-145] 'there is a hurricane', ou annan en zoli lakaz 'you have a nice house'). By “existential verb” we refer to the element corresponding to English there is in existential clauses like There is food on the table. If the existential verb is not identical to the transitive possession verb, it is identical to a copula verb or includes an additional fixed element such as there in English. Some languages have multiple predicative possession constructions, not just a transitive predicative verb like ‘have’. In such languages, we only consider the transitive possession verb, not the other predicative possession constructions. Other languages lack a transitive possession verb. They are classified under the last value (no transitive possession verb).""",225,1,http://apics-online.info/parameters/78,78,,
513,Coming from named places,"(By Susanne Maria Michaelis): ""This feature examines ‘motion-from’ constructions. As different kinds of sources can be marked differently, we only take named places into account, e.g. names of villages, cities. In expressions like ‘My mother returned from Belair’, many languages do not use a spatial adposition or case. Other languages use adpositions (prepositions, postpositions, circumpositions). Serial verb constructions may also express ‘motion-from’.""",225,1,http://apics-online.info/parameters/80,80,,
514,Going to named places,"(By Susanne Maria Michaelis): ""This is the first of several features investigating intransitive and transitive motion constructions. In the present feature, we study the different means to express the action of going to named places, as in English She went to Leipzig. Here the named place, Leipzig (the goal), is preceded by the preposition to which expresses a particular orientation. We call this orientation 'motion-to' in the relevant APiCS features, as opposed to 'motion-from' and 'at-rest' orientations. As we can see, different languages use different means to express orientation in directed motion events. ❡

We restrict ourselves to goals which are named places, e.g. names of villages, cities, or countries (for the highly frequent goal/source 'market', see Feature 81 on motion-to and motion-from) because in many languages different kinds of goals are expressed in different ways.""",225,1,http://apics-online.info/parameters/79,79,,
515,Predicative possession,"(By Susanne Maria Michaelis): ""In this feature (based on WALS feature 117, by Leon Stassen), we study how predicative possession is expressed. We consider only constructions in which the possessed NP has an indefinite reading, like English John has a horse. ❡

In this study, the difference between temporary and permanent possession, for which languages may have different constructions, is irrelevant, so both types of possession situations are included. ❡

A language may have several predicative possession constructions.""",225,1,http://apics-online.info/parameters/77,77,,
516,Locus of marking in possessive noun phrases,"(By Johanna Nichols and Balthasar Bickel): ""Locus is a convenient one-word term for what is also known as head/dependent marking. In any kind of phrase, overt morphosyntactic marking reflecting the syntactic relations within the phrase may be located on the head of the phrase, on a non-head (i.e. on a dependent), on both, or on neither. Examples illustrating marking of various kinds in possessive noun phrases are (1)-(4) below. In possessive phrases, the possessed noun is head and the possessor is dependent.""",225,3,https://wals.info/feature/24A,24A,,236
517,Locus of marking: Whole-language typology,"(By Johanna Nichols and Balthasar Bickel): ""Locus is a convenient one-word term for what is also known as head/dependent marking. In any kind of phrase, overt morphosyntactic marking reflecting the syntactic relations within the phrase may be located on the head of the phrase, on a non-head (i.e. on a dependent), on both, or on neither. In possessive phrases, the possessed noun is head and the possessor is dependent. Examples illustrating marking of various kinds in possessive phrases are given in Chapter 24. In clauses, the arguments are dependents and the verb is the head. Examples of the locus types in clauses are given in Chapter 23. The division into head, dependent, double, and zero marking does not exhaust the possible types; see the same chapters for examples of additional minor locus patterns. ❡ 

The maps in this chapter are based on the locus of marking in both the possessive NP and the clause.""",225,3,https://wals.info/feature/25A,25A,,236
518,Prefixing vs. suffixing in inflectional morphology,"(By Matthew S. Dryer): ""This map shows the overall extent to which languages use prefixes versus suffixes in their inflectional morphology. The following inflectional affixes were considered: (i) case affixes on nouns (see Map 51A), (ii) pronominal subject affixes on verbs, (iii) tense-aspect affixes on verbs (see Map 69A), (iv) plural affixes on nouns (see Map 33A), (v) pronominal possessive affixes on nouns (see Map 57A), (vi) definite or indefinite affixes on nouns (see Maps 37A and 38A), (vii) pronominal object affixes on verbs, (viii) negative affixes on verbs (see Map 112A), (ix) interrogative affixes on verbs (see Map 116A) (x) adverbial subordinator affixes on verbs (see Map 94A).""",225,3,https://wals.info/feature/26A,26A,,969
519,Zero marking of A and P arguments,"(By Johanna Nichols and Balthasar Bickel): ""In a zero-marking language there is no marking on either object or possessor, for third person singular or any other person-number combination.""",225,3,https://wals.info/feature/25B,25B,,235
520,Reduplication,"(By Carl Rubino): ""The repetition of phonological material within a word for semantic or grammatical purposes is known as reduplication, a widely used morphological device in a number of the world’s languages. The languages classified on the accompanying map are sorted into three categories: languages that do not employ reduplication as a grammatical device, languages that productively employ both partial and full reduplication, and languages that only employ full reduplication. ❡

Full reduplication is the repetition of an entire word, word stem (root with one or more affixes), or root. Examples are Nez Perce (Sahaptian; northwestern United States) full word lexical reduplication: té:mul  ‘hail’ vs. temulté:mul  ‘sleet’ (Aoki 1963: 43), or Tagalog full root reduplication, shown here with the verbalizing prefix mag-, where the reduplicant isip  is identical to the base isip  ‘think’: mag-isip  ‘to think’ vs. mag-isip-isip  ‘to think about seriously.’ ❡

Partial reduplication may come in a variety of forms, from simple consonant gemination or vowel lengthening to a nearly complete copy of a base. In Pangasinan (Austronesian; Philippines) various forms of reduplication are used to form plural nouns.""",225,3,https://wals.info/feature/27A,27A,,368
521,Case syncretism,"(By Matthew Baerman and Dunstan Brown): ""This map shows instances of case syncretism in nominals (nouns, pronouns and adjectives). We identify case syncretism when a single inflected form corresponds to two or more case functions. The criterion used here for identifying case functions is form-based: a distinct morphosyntactic case is recognised for a language if it is ever correlated with a formal inflectional distinction (Comrie 1991: 44-47). For example, in Krongo, subject and object forms are never distinguished, so this is not construed as an example of case syncretism, but rather as a single nominative-accusative case (see (1)). However, the dative case is distinct in nouns but identical to this nominative-accusative form in pronouns, so a dative = nominative-accusative syncretism is recognised for Krongo.""",225,3,https://wals.info/feature/28A,28A,"This feature concerns case forms that coexpress (""syncretize"") multiple meanings, and it specifies that the relevant meanings must be case meanings that are distinguished elsewhere in the language.",198
522,Syncretism in verbal person/number marking,"(By Matthew Baerman and Dunstan Brown): ""This map records instances of syncretism in the inflectional marking of subject person in verbs. For example, in German, the same form is regularly used for both 1st and 3rd person subjects in the plural, e.g. machen  ‘(we/they) make’ or machten  ‘(we/they) made’... In order to identify a form as syncretic one needs some evidence that there are multiple person values underlying a single form. This is straightforward when the syncretic pattern is somehow restricted in scope. For example, it may be found only in certain tense/aspect/mood paradigms, as in Aymara, where 1sg=2sg in the future perfect but not the present...; or it may be found only in certain inflection classes, as in Kunama...""",225,3,https://wals.info/feature/29A,29A,,198
523,Sex-based and non-sex-based gender systems,"(By Greville Corbett): ""We should ... ask whether [the gender classes] are arbitrary. The answer is that there is always a semantic “core” to the system. That is, there is an overlap between the nouns which take a particular set of agreements and some semantic feature... In the familiar systems such as French and German, and indeed in the majority, the link is to biological sex... There are various types of gender systems where biological sex is not the semantic core. These are all based on some notion of animacy. When required there is no problem about expressing distinctions based on sex in such languages, by the use of separate lexical items (whether based on different roots or derivationally linked) or by qualifying items with the meaning ‘male/female’. The use of the term gender is still fully appropriate for systems based on animacy, because structurally the systems are fully comparable...""",225,3,https://wals.info/feature/31A,31A,,257
524,Systems of gender assignment,"(By Greville Corbett): ""In Chapters 30 and 31 we have seen how we as linguists analyze gender systems, and establish how many genders there are. The remaining question is how the speaker assigns nouns to those genders. In other words, if a speaker of Russian uses the word kniga  ‘book’ or djadja  ‘uncle’, how does he or she ""know"" the gender? Clearly speakers must know the gender in order to be able to make the appropriate agreements. A model of the way in which speakers allot nouns to genders is called a gender assignment system... Assignment may depend on two sorts of information about the noun: its meaning and its form...""",225,3,https://wals.info/feature/32A,32A,,
525,Coding of nominal plurality,"(By Matthew S. Dryer): ""This map shows the method by which a language indicates plurality with nouns. There are basically two ways in which languages indicate plurality. The first (and most common) involves changing the morphological form of the noun, as in English _dog, dogs_. The second involves indicating plurality by means of a morpheme that occurs somewhere else in the noun phrase, illustrated by the plural word in the example in (1) from Hawaiian, where the word _mau_ has the same function as the plural suffix in English, but is a separate word modifying the noun.""",225,3,https://wals.info/feature/33A,33A,"Plural words are apparently always bound forms, and can thus be regarded as plural clitics.",
526,Occurrence of nominal plurality,"(By Martin Haspelmath): ""This map shows the extent to which plural markers on full nouns are used in a language (full nouns are nouns which are not pronouns; see Chapter 35 for the plural of personal pronouns). Plural markers can have different formal manifestations (see Chapter 33), which play no role in this chapter. Here we look only at the occurrence of plural markers, which varies along at least two dimensions: animacy and obligatoriness. In the animacy dimension, the most important contrast is between animate (especially human) nouns and inanimate nouns, which are treated differently in many languages (see §2.1 for animal nouns, which are neither human nor inanimate). In the obligatoriness dimension, I distinguish here between non-occurrence, optional occurrence and obligatory occurrence. When these two dimensions are combined, we get the six values shown in the feature-value box.""",225,3,https://wals.info/feature/34A,34A,,
527,Plurality in independent personal pronouns,"(By Michael Daniel): ""Somewhat paradoxically, the plural of personal pronouns has been considered both as a core phenomenon of nominal number and as something that has nothing to do with it. On the one hand, several scholars have suggested that if a language has a number distinction anywhere, then it has it at least in pronouns, or, speaking in diachronic terms, that plurality has spread from plural personal pronouns to other nominals (cf. Forchheimer 1953). On the other hand, linguists have repeatedly argued that pronominal plurals are different from nominal plurals in that the two have a different reference structure. Thus, it is observed that ‘we’ is not the same as ‘I + I + … I’ (e.g. Benveniste 1966a, Barulin 1980; cf. also Corbett 2000: 83-84). This chapter provides an account of what types of formal correlations between plurals and singulars are actually observed in personal pronouns, and how the devices for expressing pronominal plurality relate to the devices for expressing nominal plurality. It is based on 260 languages, including the 200 languages of the WALS sample, and will thus contribute further empirical data to the discussion.""",225,3,https://wals.info/feature/35A,35A,,
528,The associative plural,"(By Michael Daniel and Edith Moravcsik): ""Associative plural constructions consist of a noun X (typically of human reference, usually a person's name or a kin term) and some other material, most often an affix, a clitic, or a word. The meaning of the construction is ‘X and other people associated with X’. An example is Japanese Tanaka-tachi  ‘Tanaka and his associates’... We identify associative plural constructions by two semantic properties: referential heterogeneity and reference to groups. The first property, referential heterogeneity, distinguishes associative plurals from additive plurals. Additive plurals (cf. Barulin 1980) are the most common type in most languages. An example of the additive plural is English boys. It is additive in the sense that it refers to a set where every member is a boy and thus the set is referentially homogeneous: every referent of the plural form is also a referent of the stem. In contrast, the associative plural designates a heterogeneous set. For example, Japanese Tanaka-tachi  does not refer to more than one person named Tanaka: it refers to a group of people only one of whom bears this name. We will call the named member of the group the focal referent; the other referents are the associates.""",225,3,https://wals.info/feature/36A,36A,,
529,Indefinite articles,"(By Matthew S. Dryer): A morpheme is considered here to be an indefinite article if it accompanies a noun and signals that the noun phrase is pragmatically indefinite in the sense that it denotes something not known to the hearer, like the English word a  in a dog. This includes the use of the numeral for ‘one’ as an indefinite article and affixes on nouns signalling indefiniteness.",225,3,http://wals.info/feature/38A,38A,,
530,Inclusive/exclusive distinction in verbal inflection,"For speakers of English (or any other European language), both the inclusive and the exclusive pronouns are to be translated as we. The difference between the two depends on the intended meaning. An inclusive pronoun necessarily includes reference to the addressee. For example, the Mandarin inclusive pronoun zámen means ‘we, I and you’; others can optionally be included. An exclusive pronoun, like the Mandarin pronoun wŏmen, excludes the addressee from the reference, resulting in a meaning like ‘I and some others, but not you’.",225,3,http://wals.info/feature/40A,40A,,
531,Distance contrasts in demonstratives,"(By Holger Diessel): ""Demonstratives are deictic expressions such as English this and that. They indicate the relative distance of a referent in the speech situation vis-à-vis the deictic center. The deictic center, which is also called the origo, is roughly equivalent to the speaker’s location at the time of the utterance. When this and that are used contrastively, this denotes a referent in relative proximity to the deictic center and that denotes a referent at a greater distance...",225,3,http://wals.info/feature/41A,41A,,
532,Pronominal and adnominal demonstratives,"(By Holger Diessel): ""Demonstratives are commonly divided into pronominal demonstratives, which substitute for a noun (phrase), and adnominal demonstratives, which accompany a coreferential noun. In English, pronominal and adnominal demonstratives have the same forms: this  and that  may function as independent pronouns, as in (1a) [I don't like that], or they may cooccur with a noun, as in (1b) [this book]. In other languages, pronominal and adnominal demonstratives are often formally distinguished: they may have different stems or they may have different inflectional features. For instance, in French pronominal and adnominal demonstratives have different stems: celui  and celle  are used pronominally and ce  and cette  accompany a noun.""",225,3,http://wals.info/feature/42A,42A,,
533,Third person pronouns and demonstratives,"(By D.N.S. Bhat): ""Map 43A examines the relationship between third person pronouns and demonstratives on the basis of data gathered from 225 languages. The primary division here is between languages in which third person pronouns and demonstratives are unrelated and languages in which they are either identical or derivationally related. The latter languages are further divided into five different groups depending upon the type of relation that exists between the two.""",225,3,http://wals.info/feature/43A,43A,,
534,Politeness distinctions in pronouns,"(By Johannes Helmbrecht): ""Map 45A is concerned with politeness distinctions in personal pronouns, and more specifically second person pronouns. This phenomenon has been particularly well-studied in European languages. In German, for instance, there is a threefold distinction between a second person singular du  'you.sg.familiar', a second plural ihr  'you.pl.familiar', and a second person polite Sie  'you.honorific', which does not distinguish number. The polite pronoun Sie  is the default form of address among German adults who are not in a close social relation to each other. If they are relatives, married, close friends, professional colleagues, or university students, they are very likely to use the familiar du  to address each other. The usage of du  and Sie  is symmetrical (the one who gives Sie  (or du) will also receive it), with one exception: Adults address children and adolescents with du, but receive Sie.""",225,3,http://wals.info/feature/45A,45A,,
535,Motion-to and motion-from,"(By Susanne Maria Michaelis): ""While Features 79 and 80 deal with motion-to and motion-from constructions, respectively, in this feature we compare the coding of the two kinds of motion constructions: we investigate whether languages use the same strategy of different strategies to express the two opposite orientations. However in this feature, the goal/source element is not a named place, but a highly frequent place like 'home', 'town', 'village', ‘the market’ or 'the woods'. ❡

All European base languages have different constructions for motion-to and motion-from a place in that different prepositions are used: English to town/from town, French à la maison/de la maison, Portuguese ao mercado/do mercado. ❡

But in APiCS, it is striking to see that many European-based languages do not follow the European pattern and instead mark goal and source identically. Thus in Krio the preposition na occurs in both contexts, in a motion-to context like a di go na di makit [15-104] 'I am going to the market', and a motion-from context like a jɛs kɔmɔt na di makit [15-105]'I just came back from the market.' The hearer has to infer the relevant orientation from the meaning of the verb.""",225,1,http://apics-online.info/parameters/81,81,,
536,Transitive motion verbs: ‘push’,"(By Susanne Maria Michaelis): ""Features 79 and 80 dealt with intransitive motion-to and motion-from constructions (e.g. 'I go to Leipzig', 'I come from Leipzig'). The present and the following features parallel these two features in that they also analyze motion-to and motion-from constructions, but this time transitive motion constructions with 'push' and 'pull'. ❡

In this feature, we investigate constructions with the verb 'push' (or semantically very similar transitive motion verbs), as in Lea pushed Maria into the hole. We are especially interested in how orientation or motion-to in this transitive motion verb is expressed in comparison to the corresponding at-rest situation (’to be at a place’). Do we find a special motion-to preposition, such as into in the English example cited above, which cannot be used in at-rest contexts (*Lea is into the hole)? Or does the language use the at-rest preposition also for motion-to, which is for instance the case in Seychelles Creole? (cf. motion-to: Lea ti pus Mari dan trou ‘Lea pushed Maria into the hole’, at-rest: Lea ti dan trou. ‘Lea was in the hole’). ❡

Some languages may use serial verb constructions (with or without a preposition) to express the transitive motion construction in question.""",225,1,http://apics-online.info/parameters/82,82,,
537,Transitive motion verbs: ‘pull’,"(By Susanne Maria Michaelis): ""This feature complements the previous features on transitive motion verbs like 'push'. It deals with transitive motion verbs like 'pull' as in Lea pulled Gabriel out of the hole, where the theme (Gabriel) is moved away from a source (hole). In the English construction, the source is marked by a combination of two prepositions, out of. Other languages, however, have the same preposition in motion-from contexts and in at-rest contexts, e.g. Reunion Creole (motion-from:) tir le ros dan la ter [54-184] 'to pull the stones out of the ground', (at-rest:) Nana tro d ros dan la ter. [54-185] 'There are too many stones in the ground.' ❡

This kind of polysemous use of the preposition _dan_ in Reunion Creole is strikingly different from the situation in its European base language French. In French, transitive motion-from constructions obligatorily show the ablative preposition de, as in tirer des pierres de la terre 'to pull stones out/from the ground', not the at-rest prepositions dans or sur (Les pierres sont dans la terre 'The stones are in the soil'). ❡

When we speak of at-rest situations, we refer – as in Feature 82 – only to the spatial relations of containment ('in') and attachment ('at') and compare the motion-from constructions with these two kinds of at-rest constructions. The English sentence Gabriel is out of the hole may also be regarded as a kind of at-rest situation, but here it is implied that the location of Gabriel is a derived one, the result of precisely a motion out of some other location. So if we included all kinds of spatial relations, then even English would have the same marking for at-rest and motion-from. ❡

As in Feature 82, there are different means to express transitive motion-from situations, and languages may show several construction types.""",225,1,http://apics-online.info/parameters/83,83,,
538,Directional serial verb constructions with 'come' and 'go',"(By Philippe Maurer and Susanne Maria Michaelis): ""This feature is about serial verb constructions in which the second verb (‘come’ or ‘go’) specifies the direction of the action that the first verb refers to. The first verb of a directional serial verb construction may be either an intransitive or a transitive verb.""",225,1,http://apics-online.info/parameters/84,84,,
539,‘Take’ serial verb constructions,"(By Philippe Maurer): ""In this feature, we consider serial verb constructions in which one of the two verbs means ‘take’ (or has a closely related meaning such as ‘raise’) and expresses instrumental role or theme role.""",225,1,http://apics-online.info/parameters/85,85,,
540,'Give' serial verb constructions,"(By Philippe Maurer): ""In serializing languages, the verb 'give' may be used as a serial verb, introducing a recipient or a beneficiary.""",225,1,http://apics-online.info/parameters/86,86,,
541,Reflexive constructions,"(By Martin Haspelmath): ""This feature describes how reflexive situations such as 'He hates himself', 'She sees herself in the mirror', 'He killed himself' are expressed, i.e. ordinary transitive constructions in which the patient is coreferential with the agent.""",225,1,http://apics-online.info/parameters/87,87,,
542,Intensifiers and reflexive pronouns,"(By Martin Haspelmath): ""This feature (based on WALS feature 47, by Ekkehard König & Peter Siemund (with Stephan Töpper)) deals with reflexive pronouns. Such pronouns are used to indicate that a non-subject argument of a transitive predicate is coreferential with (or bound by) the subject, i.e. expressions like English him-self: John1 saw himself1 in the mirror. (If a noun like ‘head’ is used in such contexts, or if the ordinary personal pronoun is used, this also counts as a “reflexive pronoun” for present purposes.) ❡

Intensifiers are expressions like him-self, which can be adjoined to either NPs or VPs, are invariably focused and thus are prosodically prominent. The main function of intensifiers can be seen in the evoking of alternatives to the referent of the NP they relate to: The director himself opened the letter (e.g. not his secretary). ❡

Here we ask whether intensifiers and reflexives are identical or different. If the reflexive pronoun contains the intensifier (as in Creolese, where ii-self is the reflexive pronoun and self is the intensifier), this also counts as identity.""",225,1,http://apics-online.info/parameters/88,88,,
543,Reciprocal constructions,"(By Martin Haspelmath): ""This feature (based on WALS feature 106, by Elen Malsova and Vladimir P. Nedjalkov) considers reciprocal constructions (constructions translated with ‘each other’) and compares them in particular to reflexive constructions. Reciprocals may be coded just like reflexives (identity), they may be coded in one of thee subtypes of ""special"" constructions, or there may be both reflexive-like and special reciprocal constructions (overlap, second value). Finally, some languages have no special reciprocal construction and have to use two clauses (“iconic coding”, last value).""",225,1,https://apics-online.info/parameters/89,89,,
544,Passive constructions,"(By Martin Haspelmath): ""A typical passive construction contrasts with a basic active construction, its subject corresponds to the object of the active and the active subject is expressed as an oblique phrase or dropped, it is pragmatically restricted vis-à-vis the active, and it is marked on the verb by an affix or auxiliary. Passives that lack verbal coding (e.g. Bahamian Creole I christen in that church) also occur quite widely. Passives may also be atypical in other ways, e.g. Singlish John give his boss scold 'John was scolded by his boss', where the active subject becomes the object of the passive auxiliary give.""",225,1,https://apics-online.info/parameters/90,90,,
545,Applicative constructions,"(By Martin Haspelmath and Susanne Maria Michaelis): ""In an applicative construction, there is an additional (direct) object argument compared to the basic non-applicative construction, and there is an overt marker on the verb. Some languages only allow applicative constructions with transitive bases. The applicative object can have a variety of functions, especially benefactive, instrumental and locative function. This feature is based on WALS feature 109, by Maria Polinsky.""",225,1,https://apics-online.info/parameters/91,91,,
546,Subject relative clauses,"(By Susanne Maria Michaelis and Martin Haspelmath): ""This feature (based on WALS feature 122, by Bernard Comrie and Tania Kuteva)concerns the expression of relative clauses whose head has the subject role in the relative clause. A relative clause is defined as a clause that helps narrow the reference of a noun (the head) and in which the referent of the noun head has a semantic role. Relative clauses can be marked by a particle or be left unmarked (zero). The role of the head inside the relative clause can be indicated by a gap (no overt expression), or by a resumptive pronoun. The relative clause and the head’s role may also be marked by the same element a relative pronoun. Relative pronouns are forms that have different subject/object forms or can be combined with an adposition. The non-reduction type subsumes the three minor types of Feature 7 (internally headed, correlative, adjoined).""",225,1,https://apics-online.info/parameters/92,92,,
547,Object relative clauses,"(By Susanne Maria Michaelis and Martin Haspelmath): ""This feature concerns the expression of relative clauses whose head has the object role in the relative clause. A relative clause is defined as a clause that helps narrow the reference of a noun (the head) and in which the referent of the noun head has a semantic role. Relative clauses can be marked by a particle or be left unmarked (zero). The role of the head inside the relative clause can be indicated by a gap (no overt expression), or by a resumptive pronoun. The relative clause and the head’s role may also be marked by the same element a relative pronoun. Relative pronouns are forms that have different subject/object forms or can be combined with an adposition. The non-reduction type subsumes the three minor types of Feature 7 (internally headed, correlative, adjoined).""",225,1,https://apics-online.info/parameters/93,93,,
548,Instrument relative clauses,"(By Martin Haspelmath and Susanne Maria Michaelis): ""This feature concerns the expression of relative clauses whose head has the instrumental role in the relative clause. A relative clause is defined as a clause that helps narrow the reference of a noun (the head) and in which the referent of the noun head has a semantic role. Relative clauses can be marked by a particle or be left unmarked (zero). The role of the head inside the relative clause can be indicated by a gap (no overt expression), or by a resumptive pronoun. The relative clause and the head’s role may also be marked by the same element a relative pronoun. Relative pronouns are forms that have different subject/object forms or can be combined with an adposition.""",225,1,https://apics-online.info/parameters/94,94,,
549,Complementizer with verbs of speaking,"(By Susanne Maria Michaelis): ""This feature deals with complementizers (like English that) used with verbs of speaking such as ‘say’, ‘tell’, ‘ask’, ‘shout’, ‘whisper’, in a reported speech construction such as She told me that she knew it. In general, the constructions that interest us are indirect-speech constructions (with person shift), but when a language does not have a special indirect-speech construction, we also consider direct-speech constructions.

Complementizers are defined here as elements that do not belong either to the verb of speaking or to the text of the reported speech and link the reported speech to the verb of speaking, normally marking what follows (or precedes) as a complement of the verb of speaking. ❡

In quite a few languages, a form of the verb 'say' is used as a complementizer with verbs of speaking. If the 'say' form is a bare stem, the pattern is often considered as a kind of serial verb construction. ❡

In this feature, we investigate asserted reported speech sentences like 'She said that the boy did not feel well', not sentences with directive modality like 'She told the boy to stay in bed', because these latter constructions often yield different syntactic structures. ❡

Languages often show several different complementizer constructions.""",225,1,https://apics-online.info/parameters/95,95,,
550,Complementizer with verbs of knowing,"(By Susanne Maria Michaelis): ""This feature asks about the complementizer used with the verb ‘know’, or similar factive verbs of cognition such as ‘learn’ or ‘forget’. The complementizer is often related to 'say' (either identical to bare 'say' or 'say' plus some other marker), but it may be unrelated to 'say'.""",225,1,https://apics-online.info/parameters/96,96,,
551,‘Want’ complement subjects,"(By Susanne Maria Michaelis and Martin Haspelmath): ""In this feature (based on WALS feature 124, by Martin Haspelmath), we look at same-subject complement clauses of ‘want’ (e.g. She wants to go home). The main question is whether the ‘want’ complement clause, whose subject is referentially identical with the ‘want’ subject, contains an overt subject pronoun, or is left implicit. Some languages do not use a ‘want’ verb, but instead have a desiderative affix on the verb, or an uninflected adverb-like particle meaning ‘want’.""",225,1,https://apics-online.info/parameters/97,97,,
552,Complements of 'think' and 'want',"(By Susanne Maria Michaelis): ""In the present feature, we consider the similarities and differences between two complement clause types. On the one hand, we consider complement clauses which depend on the verb ‘think’ and where the subject of the main clause is different from the subject in the complement clause (e.g. English She thinks that her son is at home). On the other hand, we look at complement clauses of ‘want’ where the subject of the matrix clause is again different from the subject in the complement clause (e.g. English She wants her son to come home). For same-subject complement clauses of ‘want’, see Feature 97 (“Want complement subjects”). ❡

In comparing these two complement clause types, two separate parameters are relevant: (i) whether there is an overt complementizer, and (ii) if so, whether both complement types show the same complementizer or different complementizers.""",225,1,https://apics-online.info/parameters/98,98,,
553,Negative morpheme types,"(By Martin Haspelmath and Susanne Maria Michaelis): ""This feature (based on WALS feature 112, by Matthew S. Dryer) deals with types of negative morphemes: affixes, particles, and auxiliaries. A fourth type is represented by languages with bipartite negation. Affixes and particles are difficult to distinguish, and the classification does not use consistent criteria, unfortunately. Negative auxiliaries are forms that distinguish tense. Many of them them are derived from English negative auxiliaries. Past-tense never in Atlantic English-based languages is also regarded as a negative auxiliary.""",225,1,https://apics-online.info/parameters/100,100,,
554,Indefinite pronouns,"(By Martin Haspelmath): ""This chapter examines indefinite pronouns like 'somebody' and 'something' and distinguishes two major types. On the one hand, they may be closely related to the interrogative pronouns 'who' and 'what', as in Russian, where kto-to  'somebody' and čto-to  'something' are derived from kto  'who' and čto  'what' by means of the indefinite suffix -to. On the other hand, they may be closely related to the generic nouns 'person' and 'thing', as in Persian, where 'somebody' is expressed as kæs-i  [person-indef] and 'something' is expressed as čiz-i  [thing-indef]. In addition to the two major types, there are some languages with special expressions for 'somebody' and 'something', unrelated to anything else. An example is Abkhaz (Northwest Caucasian), where 'somebody' is aj˚ə̀  and 'something' is ak'ə̀  (Hewitt 1979: 158). Theoretically one might expect further types, e.g. indefinites derived from demonstrative pronouns, but no other types have been found. ❡

Languages may also show a mixed type, e.g. when 'somebody' behaves differently from 'something'. For instance, in Khmer the word for 'somebody' is kè:, which is also translated as 'person' and is unrelated to nɛək na:  'who', but the word for 'something' is ʔvɤy(-mú:əy), which is closely related to ʔvɤy  'what' (Jacob 1968: 134-135, 294, 322, 325). ❡

Finally, languages may lack nominal indefinite pronouns entirely and express the equivalent of ‘someone’ and ‘something’ by means of an existential construction.""",225,3,http://wals.info/feature/46A,46A,,
555,Intensifiers and reflexive pronouns,"(By Ekkehard König, Peter Siemund and Stephan Töpper): ""Reflexive pronouns (or “reflexive anaphors“) are expressions which are prototypically used to indicate that a non-subject argument of a transitive predicate is coreferential with (or bound by) the subject, i.e. expressions like German sich, Russian sebja, Turkish kendi, Mandarin zìjĭ, English x-self... By intensifiers we mean expressions like German selbst, Russian sam, Turkish kendi, Mandarin zìjĭ, English x-self, which can be adjoined to either NPs or VPs, are invariably focused and thus are prosodically prominent....""",225,3,http://wals.info/feature/47A,47A,,
556,Person marking on adpositions,"(By Dik Bakker): ""This map gives a survey of the distribution of languages with person markers on their adpositions... In order to determine whether a language has person marking on its adpositions, we first need to establish whether it possesses the category adposition at all. In general, the major function of an adposition is to relate its object, i.e. the noun phrase with which it forms a constituent, to another nominal or a verbal constituent on the basis of a more or less specific semantic relationship, such as location, time, property, instrument or possession. Languages may use several strategies to fulfill this function, either lexical or morphological. In example (2) below, from Barbareño Chumash (California), we have a verbal construction fulfilling such a function. What is expressed by an adverb and an adposition in the English translation, across from, is rendered by a fully inflected verb in this language.""",225,3,http://wals.info/feature/48A,48A,,
557,Number of cases,"(By Oliver Iggesen): ""Morphological case on nominals is a common device to express the syntactic and semantic relationships between clausal constituents. However, the languages of the world that use this strategy vary greatly with respect to the number of case categories represented in their inflectional system. It is the purpose of this map to display this numerical variation in the productive case paradigms of substantives (full nouns) in 261 languages... The minimal case paradigm contains two members, since paradigmatic relationships between word-forms are ultimately based on binary oppositions (minimal pairs). This implies that whenever a language has an overtly marked case category expressing a specific function, a corresponding zero-marked base form is counted as a case (""default case"", or ""direct case"") even if it has no specific function describable in positive terms. In such instances, the base form receives its case status only through the existence of a functionally and formally marked case category...""",225,3,http://wals.info/feature/49A,49A,,
558,Asymmetrical case-marking,"(By Oliver Iggesen): ""Morphological case inflection is an efficient strategy for encoding syntactic relationships. Therefore one might naively expect that case-marking languages should use it consistently, by applying the same case categories to all nominal expressions occurring in the appropriate syntactic positions. Indeed, there are many case-marking languages of this kind. Such languages exhibiting identical sets of case categories for all nominals are called case symmetrical. Other languages, however, apply case marking more selectively across their lexicon, restricting the occurrence of certain (or all) cases to a subset of their nominals. The different subsets of nominals therefore display different case inventories. This typological property of languages is called case asymmetry, and the languages themselves, case asymmetrical. This map shows the distribution of case-asymmetry vs. case-symmetry on the basis of 261 languages (same sample as in Chapter 49), with case-asymmetrical languages being further divided into distinct subtypes.""",225,3,http://wals.info/feature/50A,50A,,
559,Position of standard negation,"(By Martin Haspelmath): ""Standard negation refers to the negative marker that is used for sentential negation in declarative main clauses (i.e. constituent negation, negation in subordinate clauses and in imperatives or questions is disregarded for this feature). We ask where the negative marker is located with respect to the main verb (auxiliaries and copulas are ignored for this feature). It does not matter whether the negative marker is a free word (=particle) or an affix. ❡

(WALS 2013 has a closely related feature, feature 144A, ""Position of negative word with respect to subject, object, and verb"", by Matthew S. Dryer).""",225,1,https://apics-online.info/parameters/101,101,,
560,Negation and indefinite pronouns,"(By Martin Haspelmath): ""This feature (based on WALS feature 115, by Martin Haspelmath) concerns the expression of negative sentences with indefinite pronouns such as ‘I didn’t see anything’ or ‘Nobody came to my house’. The question asked here is whether in such sentences the indefinite pronoun co-occurs with predicate negation (e.g. English I did not see anybody), or whether the indefinite pronoun precludes it (i.e. does not allow negation to be used, e.g. English I saw nobody/*I did not see nobody). Note that in this feature, we are not interested in whether the indefinite pronoun itself carries negative meaning, i.e. the issue of “double negation” is left aside. Sentences like I didn’t see anybody and I didn’t see nobody have the same status (indefinites cooccur with predicate negation). The reason for this is that in many languages it is hard to tell whether an indefinite pronoun is “inherently negative”. The indefinite words used in such sentences are not always special pronouns, but are sometimes generic nouns like ‘person’, or ‘thing’ (as in Feature 21).""",225,1,https://apics-online.info/parameters/102,102,,
561,Polar questions,"(By Martin Haspelmath): ""This feature (based on WALS feature 116, by Matthew S. Dryer) concerns the way in which polar questions (also called yes-no questions) are coded. The most common coding types are intonational coding and segmental coding (by a particle or by an affix on the verb). In addition to segmental and intonational marking, polar questions may be marked by special word order (as in English) and by an A-not-A pattern (as in Mandarin Chinese). ""Only interrogative intonation"" means that a polar differs from a declarative sentence only by intonation.""",225,1,https://apics-online.info/parameters/103,103,,
562,Focusing of the noun phrase,"(By Philippe Maurer): ""A noun or a noun phrase can be focused (contrastively) by different means. Among the most commonly used strategies in the APiCS languages, we find cleft constructions. A cleft construction is a biclausal construction consisting of a focus clause and a background clause. The focus clause consists of the focus (i.e. the focused noun phrase) and normally a highlighter, either a copula or a focus particle).""",225,1,https://apics-online.info/parameters/104,104,,
563,Verb doubling and focus,"(By Philippe Maurer): ""This feature is about the possibility of doubling the verb in order to focus on the situation referred to by the verb. ❡

There are two main kinds of verb doubling constructions: the fronting of the verb with a copy of the verb left in the background clause, and the reduplication of the verb within the matrix clause. The first is illustrated by Trinidad English Creole Iz walk he walkin. ‘He really is walking (and not taking the bus).’ The second is illustrated by Sango A-zo a-vo gi vo-ngo. ‘People just buy it (without subscribing to the newspaper).’ """,225,1,https://apics-online.info/parameters/105,105,,
564,Focus particle ‘also’,"(By Martin Haspelmath and Susanne Maria Michaelis): ""This feature is about the position of a particle that corresponds to the English _also_ or _too_. The focus particle indicates that its referent is added to a previously mentioned set of referents. The effect of such particles is to focus on a certain constituent, normally a noun phrase or adverbial phrase. (Focus on verbs involves additional complexity and is disregarded in this feature.) For example: John and Lea came to my party; Mary too came. Here Mary is the focused element.""",225,1,https://apics-online.info/parameters/106,106,,
565,Vocative markers,"(By Susanne Maria Michaelis and Martin Haspelmath): ""A vocative phrase may contain a vocative marker in addition to the address term (e.g. hey Ben!), and here we ask whether the vocative marker precedes or follows the address term, and whether it is optional or obligatory.""",225,1,https://apics-online.info/parameters/107,107,,
566,Para-linguistic usages of clicks,"(By Martin Haspelmath): ""While only a few languages in southern Africa have click sounds (velaric ingressive consonants) in ordinary words, many languages can use clicks as para-linguistic, interjection-like gestures. This feature follows WALS feature 142, by David Gil. ❡

Such usages of clicks are not systematically described by linguists, but they show interesting patterns. In some languages, clicks may have only logical meanings, i.e. ‘no’ or ‘yes’. In others, they may have only affective meanings, i.e. meanings such as disapproval, surprise, or disdain. English is such a language (the alveolar click is sometimes spelled “tsk” or “tut”). There are also languages where clicks can have both logical and affective meanings, and finally, some languages do not have para-linguistic clicks at all. ❡

(Click sounds are consonants that are articulated with two closures in the oral cavity. After the pocket of air enclosed between these two closures is rarefied by a sucking action of the tongue, the release of the forward closure produces the characteristic click sound; phoneticians describe clicks as having velaric ingressive airstream mechanism.)""",225,1,https://apics-online.info/parameters/108,108,,
568,Position of case affixes,"(By Matthew S. Dryer): ""This map shows the position of case affixes on nouns, especially whether they are prefixes..., or suffixes... A morpheme is considered a case affix for the purposes of this map if it attaches to nouns and signals a grammatical or semantic relation to some other word, most commonly a verb. Some case affixes mark arguments of the verb, such as the ergative case affix in (1b), while others signal the semantic relationship of a noun phrase that is not an argument, as with the instrumental case affix in (1a). While case prefixes are much less common than case suffixes, they are nevertheless attested...""",225,3,https://wals.info/feature/51A,51A,,
569,Comitatives and instrumentals,"(By Thomas Stolz, Cornelia Stroh, and Aina Urdze): ""The present chapter provides an overview of the relations that hold between comitatives and instrumentals in the languages of the world. Comitative  and instrumental  are labels for grammaticalized semantic relations between participants of an event. For the purposes of coding such relations, a wide variety of relator morphemes is used, such as case affixes and adpositions. For convenience, all of the relevant relators are glossed by with in the examples below. For the present purpose, we have looked only at the most grammaticalized overt morphological expressions. Stylistic and other variation has been discounted for obvious reasons. Moreover, we restrict this presentation to prototypical instances of comitatives and instrumentals. ❡ 

Prototypically, a comitative relator morpheme is employed to encode accompaniment.""",225,3,https://wals.info/feature/52A,52A,,
570,Ordinal numerals,"(By Thomas Stolz and Ljuba N. Veselinova): ""This article surveys the global distribution of morphological patterns that connect ordinal numerals with cardinal numerals. We associate these two classes of numerals with different functional domains: By cardinal numerals, we understand the set of numerals used in attributive quantification of nouns (e.g. 'four days'). Ordinal numerals typically identify the position a given member of a set occupies relative to other members of the same set (e.g. 'the fourth day'). The main functions of ordinal numerals thus comprise the identification of ranks within a hierarchy and the identification of the temporal order in a sequence of events or the like. For more information on numerals, see Hurford (1975, 1987). ❡

We look at the formal relationship that obtains between cardinal numerals and their ordinal counterparts, i.e. we study morphological and syntactic (periphrastic) ways of deriving ordinals from cardinals. However, we exclude non-morphological marking by word order (cf. §2.2). Furthermore, we restrict our investigation to the first decade (i.e. to the values 1 through 10), because in many languages numeral systems do not go beyond ten, or the use of ordinal numerals is optional with higher numerical values.""",225,3,https://wals.info/feature/53A,53A,,
571,Distributive numerals,"(By David Gil): ""Most languages have a series of cardinal numerals such as English one, two, three, and so on. Some of the ways in which such numerals are formed are described in Chapter 131. In addition, most languages also have various other series of numerals, whose forms are derived from cardinal numerals, and whose denotations combine the concept of number with other concepts of a variety of different kinds. Perhaps the most well-known of these other series are the ordinal numerals, described in Chapter 53. This map is concerned with one of the many other kinds of numeral series, namely, distributive numerals. ❡

Consider the following English sentence, containing the cardinal numeral three: (1) John and Bill carried three suitcases. ❡

How many suitcases did John and Bill carry? Sentence (1) is ambiguous, allowing for two possible answers to the preceding question. Under one interpretation, there was just a single set of three suitcases which both John and Bill carried. But under another interpretation, there were two sets of three suitcases, one set which John carried, another set which Bill carried. Or in other words, there were three suitcases per person, for a total of six suitcases. ❡

In English, the latter interpretation can be forced by means of operators such as each, as in John and Bill carried three suitcases each, or apiece, as in John and Bill carried three suitcases apiece. However, in other languages, there is another way of increasing the availability of this interpretation, by means of a distributive numeral...""",225,3,https://wals.info/feature/54A,54A,,
572,Conjunctions and universal quantifiers,"(By David Gil): ""Conjunctions are forms with meanings similar to that of English and. Universal quantifiers are expressions with meanings resembling those of English every, each, and all. ❡

Logicians, as well as logically-minded linguists, have suggested that there is a close affinity between conjunctions and universal quantifiers. For example, in the context of a class consisting of five students, Alice, Bill, John, Mary and Susan, sentence (1) with the conjoined NP Alice, Bill, John, Mary and Susan is logically equivalent to sentence (2) with the universally quantified noun phrase every student.""",20,3,https://wals.info/feature/56A,56A,,
573,Possessive classification,"(By Johanna Nichols and Balthasar Bickel): ""Many languages have more than one way of forming possessive noun phrases. English, for example, has a choice between the ""Saxon genitive"" (Mary's house, the director's office, the day's end) and the ""Norman genitive"" (the office of the director, the end of the month), conditioned in part by the part of speech and semantics of the possessor but with considerable overlap and stylistic variation. ❡

In contrast, many languages have an opposition of two (or sometimes more) forms of possessive marking whose choice is conditioned not by semantics or style, as in English, but lexically; and conditioned not by properties of the possessor but by the possessed noun, i.e. by the head noun in the construction. (The possessed nouns in the English examples above are house, office, and end.)...❡

This contrast of two formal types of possession, determined by the possessed noun, is possessive classification.  We use the terms possessive and possession, as is traditional, to refer to all kinds of adnominal constructions regardless of whether the semantics is literal possession. We use the term classification because the marking of possession in examples like (1) divides, or classifies, the nouns of Mesa Grande Diegueño into two sets: those that behave grammatically in possessive NPs like 'mother' and those that behave like 'house'.""",28,3,https://wals.info/feature/59A,59A,,
574,"Genitives, adjectives and relative clauses","(By David Gil): ""In English, nouns may be modified in a variety of ways, some of which are illustrated in the following example: (1a) John's apple, (1b) red apple, (1c) apple that John bought.❡

In (1) above, all three NPs consist of a head noun apple plus an attributive expression; however, the attributive expression is of a different semantic type in each example: in (1a) it denotes an alienable possessor John's, in (1b) a colour property red, and in (1c) an activity that John bought with respect to which the head noun has the role of patient.❡

In English, as evident in (1), these three semantic functions are coded by means of three different morphosyntactic constructions: in (1a) the attributive expression precedes the head and is marked with the possessive enclitic 's, in (1b) the attributive expression precedes the head but is unmarked, and in (1c) the attributive expression follows the head and is marked with the complementizer that. Based on paradigms such as the above in English and in other languages, grammarians distinguish between three different types of constructions, genitives, adjectives and relative clauses, of which the above are typical examples.""",28,3,https://wals.info/feature/60A,60A,,
575,Adjectives without nouns,"(By David Gil): ""Adjectives may occur either as predicates, for example This apple is red, or within noun phrases. When within noun phrases, they typically function as attributes to nouns, for example I want the red apple. However, in some cases, when the noun is either unimportant or is reconstructible from the discourse, it is absent from the construction, and, as a result, the adjective remains as the main lexical item within the noun phrase, denoting the understood object. An example of such a construction is: (1) I want the red one. ❡

In English, as suggested by this example, adjectives without nouns generally occur in construction with a grammatical marker, the proform one. However, in some other languages, adjectives without nouns may occur with different kinds of construction markers, and in yet others they may occur without any such markers whatsoever. Moreover, in a small number of languages, adjectives without nouns do not occur at all. This map displays the distribution of adjective-without-noun constructions, and the kinds of markers such constructions contain.""",28,3,https://wals.info/feature/61A,61A,,
576,Action nominal constructions,"(By Maria Koptjevskaja-Tamm): ""Map 62A shows the distribution across the world’s languages of constructions corresponding to the English John’s running and the enemy’s destruction of the city. These are action nominal constructions (ANCs), i.e. constructions which have an action nominal (AN, running, destruction) as their head and contain a reference to the participants in the situation designated by that AN. ANs themselves are either nouns or at least occur in typical nominal positions and show inflectional properties and/or combinability with adpositions typical of nouns. They are, however, in some reasonably productive way derived from verbs, either derivationally or inflectionally, and refer to events and/or facts, i.e. not just to actions, as the name might imply.  The issue at stake is whether words like running and destruction exist in a language at all and if so, how they combine with their arguments – such as John  (the S argument), the enemy  (the A argument) and the city  (the P argument).""",28,3,https://wals.info/feature/62A,62A,"The role labels S, A and P are used in a semantic sense in this WALS feature, not in the argument-type sense that is adopted in the Grammaticon.",
577,Noun phrase conjunction,"(By Leon Stassen): ""This map shows the distribution of the variation in the encoding of noun phrase conjunction. The basic distinction is between those languages which use a different marker for noun phrase conjunction and comitative phrases (so-called and-languages; Stassen 2000) and those languages in which the markers for noun phrase conjunction and comitative phrases are the same (with-languages). A clear example of an and-language is English. As the examples in (1) [John and Mary went to the movies; John went to the movies with Mary], in this language the marker of noun phrase conjunction (and) is different from the marker of comitative phrases (with). In contrast, the example in (2) shows that Nkore-Kiga (Bantu; Uganda) is a with-language: the item na  can be translated as either 'and' or 'with'. An alternative way of stating this is to say that with-languages like Nkore-Kiga lack the structural option of noun phrase conjunction.""",28,3,https://wals.info/feature/63A,63A,,
578,Nominal and verbal conjunction,"(By Martin Haspelmath): ""In the European languages, the same marker is used both for conjunction of noun phrases and for conjunction of verb phrases and clauses, as illustrated in (1) for Hungarian (and for English in the translation). Thus, Hungarian és  and English and  can conjoin both nominal and verbal/clausal constituents... ❡

But in many non-European languages, different conjunction markers are used for different constituent types. An example comes from Dagbani (Gur, Niger-Congo; Ghana), where mini  conjoins noun phrases (cf. 2a) and ka  conjoins verb phrases (cf. 2b) and clauses (cf. 2c)....""",28,3,https://wals.info/feature/64A,64A,,
579,Perfective/imperfective aspect,"(By Östen Dahl and Viveka Velupillai): ""The distinction between imperfective and perfective plays an important role in many verb systems and is commonly signalled by morphological means (rather than being expressed periphrastically). A particularly straightforward case is found in Rendille (East Cushitic; Kenya). Nonstative verbs in Rendille distinguish two basic forms, one which normally ends in -a  and one which normally ends in -e, as illustrated by the examples in (1)... ❡

The imperfective form in -a  is used for reference to the present and the future but also for ongoing and habitual events in the past, as indicated by the translations. The perfective form in -e  is basically restricted to single completed events in the past (with some vacillation for past habitual contexts). In most other languages with an imperfective/perfective distinction, this pattern is obscured by interaction with other tense/aspect grams, but the basic opposition between one form (or set of forms) which is used exclusively or almost exclusively for single completed events in the past and another form (or set of forms) which is used for everything else is characteristic of the distinction. ❡

To be interpreted as a perfective, we demand that a form should be the default way of referring to a completed event in the language in question. In many languages, there are forms or constructions that are used of completed events but only if some additional nuance of meaning is intended, for instance if emphasis is put on the result being complete or affecting the object totally. Such strong perfectives (“conclusives” in Dahl (1985) and “completives” in Bybee et al. (1994)) exhibit relatively large variation cross-linguistically. They are often called “perfectives” in grammars but are not counted as such here...""",28,3,https://wals.info/feature/65A,65A,,
580,The past tense,"(By Östen Dahl & Viveka Velupillai): ""In English, like virtually all European languages, there is a systematic grammatical distinction between present tenses and past tenses, as in the following sentence pair: (1a) The temperature is below zero right now. (1b) The temperature was below zero yesterday at noon. In (1) the form of the finite verb (in this case, the copula is/was) depends on what time we are talking about – what we may call the topic time (following Klein (1994)): the present form is used if the topic time coincides with the time of speech, and the past form if the topic time precedes the time of speech. This is of course a very rough rule in need of a number of further specifications. As was already noted in the introductory chapter, grammaticalized marking of time in the form of tenses is typically independent of considerations of relevance. The fact that time in (1) is also indicated (and more precisely so) by time adverbials does not make tense marking less necessary. Rather, the presence of a deictic time adverbial such as yesterday renders the use of anything but the simple past tense unacceptable in (1b). ❡

Since it is generally the past tense rather than the present that is overtly marked, we may speak of languages having or not having past marking rather than having a past/non-past distinction. ❡

It is only from a Eurocentric point of view that the marking of the distinction between present and past appears to be a necessary part of grammar. Languages may or may not distinguish (1) grammatically, and there is no clear majority for either alternative.""",28,3,https://wals.info/feature/66A,66A,,
581,The future tense,"(By Östen Dahl and Viveka Velupillai): ""In English, the sentence It is cold tomorrow, with the present tense of the copula is, sounds strange: it is more natural to say It will (it’ll) be cold tomorrow  or It is going to be cold tomorrow, using a future tense form. In Finnish, on the other hand, one may replace the adverb tänään  ‘today’ in (1) with huomenna  ‘tomorrow’, yielding (2) without any further changes in the sentence... ❡

The Present Tense can thus be used equally well for the present and the future in Finnish, in contrast to English, where it is often the case that auxiliary constructions such as shall/will+Verb and be going to+Verb must be used when speaking of the future. In many languages where future time reference is grammaticalized, the means employed is inflectional. Thus, in French, (3) and (4) differ in the form of the verb faire  ‘(lit.) do’... ❡

It is relatively rare for a language to totally lack any grammatical means for marking the future. Most languages have at least one or more weakly grammaticalized devices for doing so. In this chapter, we have therefore decided to map only the inflectionally marked future tenses, inflectional marking being a relatively clear criterion (although there are some borderline cases where it is unclear if one is dealing with a clitic or an affix).""",28,3,https://wals.info/feature/67A,67A,,
582,The perfect,"(By Östen Dahl and Viveka Velupillai): ""By perfect we mean a category with approximately the same semantics as the English (Present) Perfect in I have read this book, which is used to express events that took place before the temporal reference point but which have an effect on or are in some way still relevant at that point. This includes at least two related but distinguishable uses: (i) A perfect may be used resultatively, i.e. of an event, often but not always a recent one, which has results that hold at the time of speech (or any other time serving as reference point): Someone has stolen my purse! (=the purse is gone). (ii) A perfect may be used experientially, i.e. to say that a certain type of event took place one or more times over an interval of time, typically one that extends up to the moment of speech (or whatever time serves as the reference point): I have seen worse things in my life. ❡

Constructions that have only one of these two uses (dedicated resultatives and experientials) have not been treated as perfects here. Admittedly, the information given in grammars is not always specific enough to make reliable decisions on this point.""",28,3,https://wals.info/feature/68A,68A,,
583,Position of tense-aspect affixes,"(By Matthew S. Dryer): ""This map shows the position of tense-aspect affixes. The primary distinction is between tense-aspect prefixes, as illustrated by the past tense prefix ā-  in (1a) from Anywa (Nilotic; Ethiopia and Sudan), and tense-aspect suffixes, illustrated by the imperfective suffix -n  in (1b) from Harar Oromo (Cushitic, Afro-Asiatic; Ethiopia).... No attempt is made here to distinguish tense from aspect, and it is frequently difficult to determine from descriptive grammars whether a category ought to be considered tense or aspect. Different descriptions of the same language often differ in whether they characterize a category as one of tense or as one of aspect. ❡

While the major types of morphological indicators of tense-aspect are prefixes and suffixes, there are three less common morphological ways to indicate tense-aspect: tone, infixes, and stem changes. Tone is the primary method in 13 languages on the map...""",28,3,https://wals.info/feature/69A,69A,,
584,The morphological imperative,"(By Johan van der Auwera and Ludo Lejeune with Umarani Pappuswamy and Valentin Goussev): ""This map shows to what extent languages have second person singular and plural imperatives as dedicated morphological categories... The first type shown on the map includes languages that have special morphological marking both for the imperative second singular and for the imperative second plural... The second type shown is that of languages that possess morphologically specialized imperative forms for the second singular but not for the second plural... The third type shows languages with dedicated morphology for the second plural imperative, but not for the second singular imperative... Languages of the fourth type have a specialized second person imperative that does not distinguish between singular and plural... The final type shows languages that have no morphologically dedicated second person imperative at all, neither for the singular nor for the plural...""",28,3,https://wals.info/feature/70A,70A,,
585,The prohibitive,"(By Johan van der Auwera and Ludo Lejeune with Valentin Goussev): ""This map shows the grammaticalization of a prohibition addressed to a single addressee. The category will be called the “second singular prohibitive”... In the first type of language shown on the map, the second singular prohibitive is a combination of the verbal construction used for the second singular imperative plus a sentential negative strategy found in declaratives, or in indicative declaratives, if the notion of indicative is relevant... The second type employs a second singular imperative construction, but the sentential negation strategy is not found in declaratives or, if the notion of indicative is relevant, in indicative declaratives... In the third type, the second singular prohibitive employs a sentential negative that is used in declaratives or, if the notion of indicative is relevant, in indicative declaratives, but the verbal construction is not the one found in second singular imperatives... In the fourth type, the verbal construction of the second singular prohibitive is different from that of the second singular imperative, and the negative strategy is different from the sentential negative found in declaratives or, if the notion of indicative is relevant, in indicative declaratives...""",28,3,https://wals.info/feature/71A,71A,,
586,Imperative-hortative systems,"(By Johan van der Auwera, Nina Dobrushina, and Valentin Goussev): ""Imperatives and hortatives both have to do with the expression of a wish of the speaker about a future state of affairs. In this respect they are like optatives (see Chapter 73), but in contrast to optatives, they convey an appeal to the addressee(s) to help make the future state of affairs true. In case the person in control of the desired state of affairs is the addressee or addressees, then we speak of an imperative. In any other case, we speak of a hortative.""",28,3,https://wals.info/feature/72A,72A,"Here the term ""imperative"" is restricted to 2nd person forms, whereas in the Grammaticon, ""imperative"" is used broadly to encompass all persons, i.e. including jussive and hortative forms.",
587,The optative,"(By Nina Dobrushina and Johan van der Auwera): ""In this chapter, the term optative will refer to an inflected verb form dedicated to the expression of the wish of the speaker... This usage of the label optative is rather uncontroversial ..., but other terms are also found in descriptive grammars. The speaker’s wish can be expressed by different grammatical means across languages, for instance, by the use of modal verbs, such as English _may_ in (2), or by a Russian elliptical conditional in (3)...""",28,3,https://wals.info/feature/73A,73A,,
588,Situational possibility,"(By Johan van der Auwera and Andreas Ammann): ""In this chapter, we will examine the expression of the equivalents of English may  and can  as in (1): (1) a. The children can swim across the lake. b. You may leave now. c. One can get to Staten Island using the ferry. In (1a) can  expresses ability and in (1b) may  expresses permission. Both permission and ability have to do with a notion of possibility. These two kinds of possibility belong to a subtype which also includes readings like can  in (1c), where neither an individual’s ability nor an authority granting permission is involved. What the three examples have in common is that the speaker merely describes a possibility that exists in a given situation. For this reason we call this subtype situational  (also termed “deontic” or “root” in the literature). It is different from the kind of possibility illustrated in (2). (2) John may have arrived. In (2) the possibility concerns the speaker’s evaluation of the truth-value of a proposition about a situation, that is, it expresses a degree of the speaker’s certainty. This kind of possibility is commonly called epistemic (see Chapter 75). ❡

Possibility stands in direct contrast with necessity, and together they constitute the domain of modality. Just as there are two types of possibility, there are two types of necessity, a situational one, as in (3a), and an epistemic one, as in (3b)...""",28,3,https://wals.info/feature/74A,74A,,
589,Epistemic possibility,"(By Johan van der Auwera and Andreas Ammann): ""This chapter deals with the kind of modality expressed by English _may_ in (1): (1) John may have arrived. In (1) may  indicates that the speaker holds that the proposition that John has arrived is not certain, relative to what he knows or to his evidence. It contrasts with the statement in (2). (2) John must have arrived. In (2) the speaker indicates that the proposition that John has arrived is certain, again relative to what he knows or to his evidence. This type of modality is commonly called epistemic, and it is distinguished from what we call situational modality..""",28,3,https://wals.info/feature/75A,75A,,
590,Overlap between situational and epistemic modal marking,"(By Johan van der Auwera and Andreas Ammann): ""Modality is a dimension of meaning that crucially involves notions of possibility and necessity. These may relate to circumstances that allow or necessitate a situation, as in (1)... We call this type of modality situational (see Chapter 74). ❡

Situational modality is distinguished from epistemic modality, ... (see Chapter 75)... In these instances of epistemic possibility (2a) and necessity (2b), the speaker asserts that a proposition is possibly or necessarily true, relative to some information or knowledge. If the proposition is only possibly true, the propositional attitude is that of uncertainty; if it is necessarily true, the propositional attitude is that of a high degree of certainty. Note that the English modals may  and must  can be used both for situational and for epistemic modality. ❡

This chapter documents to what extent languages have identical markers for situational and epistemic modality. Three types will be distinguished.""",28,3,https://wals.info/feature/76A,76A,,
591,Semantic distinctions of evidentiality,"(By Ferdinand de Haan): ""Markers of evidentiality express the evidence a speaker has for his/her statement. For the purposes of this map and the following one, evidentiality is divided into two broad sub-categories, direct evidence and indirect evidence. Only grammaticalized evidentials have been included in this study; this excludes lexical adverbs, such as reportedly  in John is reportedly ill, and biclausal constructions, such as It is said that John is ill. Auxiliary verbs and particles have been included. Also, a distinction is made between evidentiality, which is used only for the evidence for the statement, and epistemic modality, which marks the speaker’s degree of confidence in the statement (see Chapter 75). Although it is possible for evidentials to develop from epistemic modals (see Chapter 78), this is not common.""",28,3,https://wals.info/feature/77A,77A,,
592,Coding of evidentiality,"(By Ferdinand de Haan): ""This chapter discusses the morphological coding of evidentiality, which marks the source of information the speaker has for his or her statement. This chapter complements Chapter 77, which deals with the semantic distinctions of evidentiality. As was the case in the previous chapter, only grammaticalized evidentials are included here.""",28,3,https://wals.info/feature/78A,78A,,
593,Suppletion according to tense and aspect,"(By Ljuba N. Veselinova): ""The maps in this and the following chapter show the distribution of suppletion in verb paradigms according to tense-aspect, imperative and hortative moods, and verbal number. Suppletion is defined as the phenomenon whereby regular semantic relations are encoded by unpredictable formal patterns. Cases where the paradigmatically related forms share some phonological material are examples of weak suppletion, as in English buy vs. bought, while cases with no shared phonological material are instances of strong suppletion, as in English go vs. went (Dressler 1985). These types reflect two ends of a continuum rather than an either-or opposition. Mel’čuk (1994) also introduces the criterion of uniqueness, i.e. in order to be classified as suppletive, the alternation shown between two paradigmatically related forms should be unique, in that no other two forms in the language show exactly the same morphophonological alternation, as in Spanish digo ‘say.pres.1.sg’ vs. dije ‘say.pret.1.sg’. The maps concentrate on strong and unique cases.""",28,3,https://wals.info/feature/79A,79A,,
594,Verbal number and suppletion,"(By Ljuba N. Veselinova): ""This chapter shows the distribution of suppletion according to verbal number. The term verbal number requires some clarification: number as a verbal category can reflect the number of times an action is done or the number of participants in the action. When we say that a verb or verb phrase in an Indo-European language, say French, is in the plural, as in ils étaient fatigués  ('they were tired'), what we mean is that the verb phrase étaient fatigués  agrees with the subject ils  in number. The term plural verbs (or pluractional verbs) in many of the languages to be discussed below, on the other hand, refers to any or all of the following senses: the action is performed several times (iterative), or at several places (distributive), or the action affects or involves several participants.""",28,3,https://wals.info/feature/80A,80A,,
595,Order of object and verb,"(By Matthew S. Dryer): ""This map shows the dominant order of lexical (nonpronominal) object and verb. As with Map 81A, the notion of object is defined semantically, as the P or most patient-like argument (see discussion under Map 81A) in a transitive clause. The primary types shown are languages which are OV (in which the object precedes the verb), illustrated by Turkish in (1a), and languages which are VO (in which the verb precedes the object), illustrated in (1b) by Gulf Arabic...""",376,3,https://wals.info/feature/83A,83A,,
596,"Order of object, oblique, and verb","(By Matthew S. Dryer): ""This map shows the dominant order of lexical object, oblique phrase and verb. An oblique phrase is a noun phrase or adpositional phrase (prepositional or postpositional) that functions as an adverbial modifier (or “adjunct”) of the verb. Of the six logically possible orders, five are attested...❡

Oblique phrases include phrases expressing location (such as source and goal), instruments (as in (1a)), benefactives (as in (1c)), and comitatives (as in English with Pat  in I played tennis with Pat ). Indirect objects (recipients with ditransitive verbs) are not included; in some languages they pattern with the direct object, in others with obliques. Temporal expressions are not included, since in many languages they exhibit positional properties different from other obliques, often occurring at the beginning of the clause.""",376,3,https://wals.info/feature/84A,84A,"In the Grammaticon, ""oblique"" is defined as flagged differently from S-/A-/P-arguments, so recipient nominals are oblique if they are dative-flagged. There are no semantic-role limitations on the notion of ""oblique"", in contrast to this WALS chapter.",
597,Order of adposition and noun phrase,"(By Matthew S. Dryer): ""This map shows the order of adposition and noun phrase.  The two primary types of adpositions are prepositions and postpositions: prepositions precede the noun phrase they occur with, as in English and in the Boumaa Fijian (Austronesian) example in (1a), while postpositions follow the noun phrase they occur with, as in the Lezgian (Nakh-Daghestanian; Russia) example in (1b)...❡

A word is treated here as an adposition (preposition or postposition) if it combines with a noun phrase and indicates the grammatical or semantic relationship of that noun phrase to the verb in the clause. Some languages also employ adpositions to indicate a relationship of a noun phrase to a noun (especially in a genitive/possessive relationship); however, if the only candidates in a language for adpositions are in the genitive construction, they are not treated as adpositions here.""",376,3,https://wals.info/feature/85A,85A,,
599,Order of genitive and noun,"(By Matthew S. Dryer): ""This map shows the order of a genitive or possessor noun phrase with respect to the head noun... The genitive noun phrase is often called the possessor (phrase) and the head noun is sometimes called the possessee (noun), and the construction itself is known either as a genitive construction  or as a possessive construction. It should be stressed that the term possession  is used in this context in a broader sense than the term is used in everyday English. Two basic semantic types of genitive relations involve body parts and kinship relations, as illustrated by the French examples in (3)...""",376,3,https://wals.info/feature/86A,86A,,
600,Order of adjective and noun,"(By Matthew S. Dryer): ""This map shows the distribution of the two possible orders of modifying adjective and noun... For the purposes of this map, the term adjective  should be interpreted in a semantic sense, as a word denoting a descriptive property, with meanings such as ‘big’, ‘good’, or ‘red’. It does not include nondescriptive words that commonly modify nouns, such as demonstratives (like this  in this dog ) (see Map 88A), numerals (as in two dogs ) (see Map 89A), or words meaning ‘other’ (as in the other dog ). In some languages, like English, adjectives form a distinct word class. In other languages, however, adjectives do not form a distinct word class and are verbs or nouns (see Chapter 118). For example, in Eastern Ojibwa (Algonquian; eastern Canada and United States), words expressing adjectival meaning are just like verbs morphologically and syntactically...""",376,3,https://wals.info/feature/87A,87A,,
601,Order of demonstrative and noun,"(By Matthew S. Dryer): ""This map shows the different orders of demonstrative and noun. For the purposes of this map, a word or affix is considered a demonstrative if it satisfies at least one of two criteria: (1) it has among its uses a meaning that contrasts with some other form in terms of physical proximity to the speaker, so that there is at least a two-way contrast of proximal (near speaker) versus distal (not near speaker); or (2) the form has among its uses an indication that the hearer is intended to direct their attention towards something in the physical environment. In many and probably most languages, demonstratives are associated with both of these functions. The words this  and that  (and their plural forms these  and those ) constitute the demonstratives of English. In many languages, including English, the demonstratives can be used without a difference in form, either as modifiers of nouns, as in (1a), or pronominally (not modifying a noun), as in (1b).""",376,3,https://wals.info/feature/88A,88A,,
602,Order of numeral and noun,"(By Matthew S. Dryer): ""This map shows the order of cardinal numerals with respect to a noun they modify. Cardinal numerals are words denoting the number of things referred to, as in English four chairs, in contrast to ordinal numerals, which specify the rank in some order of objects, as in English the fourth chair. See also Map 131A on numeral bases and Map 53A on ordinal numerals.""",376,3,https://wals.info/feature/89A,89A,,
603,Order of relative clause and noun,"(By Matthew S. Dryer): ""Map 90A shows the order of relative clause and noun. A construction is considered a relative clause for the purposes of this map if it is a clause which, either alone or in combination with a noun, denotes something and if the thing denoted has a semantic role within the relative clause. If there is a noun inside or outside the relative clause that denotes the thing also denoted by the clause, that noun will be referred to as the head of the relative clause. Headless relative clauses (like English what I bought at the store ) are not relevant to this map. ❡

The two basic types shown on Map 90A are languages in which the relative clause follows the noun, and languages in which the relative clause precedes the noun...❡

The relative clauses illustrated in (1) and (2) occur with heads outside the relative clause; these can be referred to as externally-headed relative clauses. In some languages, the head is inside the relative clause; these can be called internally-headed relative clauses. These are illustrated by the examples in (3) from Mesa Grande Diegueño (Yuman; southern California and northwest Mexico); the fact that the head is inside the relative clause is clearest in (3a), in which the head (gaat  ‘cat’) occurs between the subject and verb of the relative clause.❡

The fourth type shown on the map is correlative relative clauses... Correlative clauses are strictly speaking a subtype of internally-headed relative clauses in that the head noun occurs inside the clause, but they differ from those coded here as internally-headed in that the relative clause is outside the main clause and is connected anaphorically to a noun phrase in the main clause that corresponds to the head noun in the English translations. ❡

The fifth type shown on the map consists of languages with adjoined relative clauses. As with the preceding type, adjoined relative clauses are outside the main clause; they do not form a constituent with the head noun, which is in the main clause, and they may be separated from it. However, unlike correlative clauses, the head occurs in the main clause rather than in the relative clause...""",376,3,https://wals.info/feature/90A,90A,,
604,Order of degree word and adjective,"(By Matthew S. Dryer): ""This map shows the position of degree words with respect to the adjective that they modify. For the purposes of this map, the term adjective  should be interpreted in a purely semantic sense, as a word denoting a property, since in many languages the words in question do not form a separate word class, but are verbs or nouns. Degree words are words with meanings like ‘very’, ‘more’, or ‘a little’ that modify the adjective to indicate the degree to which the property denoted by the adjective obtains. Degree words are traditionally referred to as adverbs, though in many languages the degree words do not belong to the same word class as adverbs; even for English there is little basis for saying that degree words belong to the same word class as adverbs which modify verbs.""",376,3,https://wals.info/feature/91A,91A,,
605,Position of polar question particles,"(By Matthew S. Dryer): ""This map shows the position of question particles in polar questions. Polar questions are ones that elicit the equivalent of a ‘yes’ or ‘no’ response. This map does not include interrogative affixes on verbs, although it should be noted that the distinction between interrogative affixes and separate interrogative particles is often hard to make. The map treats interrogative clitics that can attach to words of different categories as question particles.""",376,3,https://wals.info/feature/92A,92A,,
606,Position of interrogative phrases in content questions,"(By Matthew S. Dryer): ""This map shows the position of interrogative phrases in content questions. Content questions are questions that contain an interrogative phrase, like the elements in boldface in the English examples in (1)... Content questions differ from polar questions (see Maps 92A and 116A) in that they elicit a specific answer other than ‘yes’ or ‘no’, and in containing interrogative phrases. All languages have a set of interrogative words that are characteristic of content questions, though in many languages they are identical in form to indefinite words (like someone  in English) (see Map 46A). These interrogative words typically belong to different categories (interrogative pronouns, interrogative adverbs, “interrogative adjectives”, “interrogative verbs”). Because most interrogative words in English begin with wh-, content questions in English are often called wh-questions. Although interrogative phrases often consist of single words (interrogative pronouns or interrogative adverbs), they may contain additional words, as in _which book_ in (1b).""",376,3,https://wals.info/feature/93A,93A,,
607,Order of adverbial subordinator and clause,"(By Matthew S. Dryer): ""This map shows the position of adverbial subordinators, morphemes which mark adverbial clauses for their semantic relationship to the main clause. Adverbial subordinators which are separate words are referred to as subordinating conjunctions  by traditional grammar. Examples of adverbial subordinators in English include because, although, when, while, and if. The map further distinguishes adverbial subordinators which are separate words from ones which are affixes on verbs.""",376,3,https://wals.info/feature/94A,94A,,
609,Alignment of case marking of full noun phrases,"(By Bernard Comrie): ""The core argument of a canonical, one-place intransitive predicate may be symbolized S. The two core arguments of a canonical, two-place transitive predicate may be symbolized as A and P, with A representing the more agent-like argument and P the more patient-like (Comrie 1978). (In another terminology, the symbol O is used rather than P; Dixon 1994.) In studying the alignment of case marking, we ask the question which of S, A, and P are coded identically and which are coded differently. Note that for the purposes of this chapter, only case marking is considered. Alignment of person marking in the verb is treated in Chapter 100. Other manifestations of alignment are also possible, such as word order, but are not treated here.""",376,3,https://wals.info/feature/98A,98A,,
610,Alignment of case marking of pronouns,"(By Bernard Comrie): ""The core argument of a canonical, one-place intransitive predicate may be symbolized S. The two core arguments of a canonical, two-place transitive predicate may be symbolized as A and P, with A representing the more agent-like argument and P the more patient-like (Comrie 1978). (In another terminology, the symbol O is used rather than P; Dixon 1994.) In studying the alignment of case marking, we ask the question which of S, A, and P are coded identically and which are coded differently. Note that for the purposes of this chapter, only case marking is considered. Alignment of person marking in the verb is treated in Chapter 100. Other manifestations of alignment are also possible, such as word order, but are not treated here. ❡

Pronouns merit a separate map from full noun phrases because in many languages pronouns have a different case marking system from full noun phrases — 23 languages in the sample used for these Chapters (25 if the marked nominative system is considered distinct from the rest of nominative–accusative). In English, for instance, while full noun phrases have a neutral case marking system, pronouns have a nominative–accusative system, e.g. with we  for S and A but us  for P. Some of the problems discussed in §2 apply also in the case of personal pronouns, and in such instances similar solutions are applied, with one additional criterion, namely the assignment of some weight to differentiating pronouns from full noun phrases. Thus, in English some pronouns have a nominative–accusative system, while others (in particular, second person you ) do not; the nominative–accusative system is selected here in part because it differs from the case marking system for full noun phrases. Sometimes the problems that occur with full noun phrases occur with somewhat less force in the case of pronouns; for instance, several languages where full noun phrase Ps sometimes take an accusative marker and sometimes not require pronouns to take this marker (e.g. Persian), so that there is no hesitation in assigning them to the nominative–accusative type with respect to case marking of pronouns. However, pronouns bring with them a host of other problems that can lead to uncertainties in assigning languages to case marking alignment types with respect to their pronominal systems.""",376,3,https://wals.info/feature/99A,99A,,
611,Alignment of verbal person marking,"(By Anna Siewierska): ""Languages differ not only in regard to the number and nature of the arguments displaying verbal person marking (see Chapter 102), but also in the alignment of the person markers. The term alignment may be intuitively understood as reflecting how the two arguments of the transitive verb, the agentive argument (A) and the more patient-like argument (P), align with the sole argument of the intransitive verb, the S.""",376,3,https://wals.info/feature/100A,100A,,
612,Expression of pronominal subjects,"(By Matthew S. Dryer): ""Across languages, we can distinguish two types of simple sentences differing in the nature of their subjects. One sort of simple sentence involves a nominal subject, a subject consisting of a noun, plus possibly some modifiers. The second sort of simple sentence involves a pronominal subject, where there is no nominal subject and where the subject is expressed at most by a morpheme or morphemes coding semantic or grammatical features of the subject, such as person, number, or gender.""",376,3,https://wals.info/feature/101A,101A,,
613,Verbal person marking,"(By Anna Siewierska): ""Map 102A depicts the number and identity of the arguments of a transitive clause which display person marking on the verb. “A” stands for the agentive argument and “P” for the patient argument. Five feature values are represented.""",376,3,https://wals.info/feature/102A,102A,,
614,Third person zero of verbal person marking,"(By Anna Siewierska): ""Map 103A represents the distribution of third person zeroes among verbal person markers of the sole argument of an intransitive clause (i.e. of the S argument). I have chosen to depict the person marking of the S rather than of either of the transitive arguments, as the verbal person markers of the latter are sometimes fused with each other (see Chapter 104), which makes it difficult to decide which one has a zero realization. The zero realization of third person S markers is captured by means of six values...""",376,3,https://wals.info/feature/103A,103A,,
615,Order of person markers on the verb,"(By Anna Siewierska): ""Map 104A represents the order of A and P person markers on the verb relative to each other, where A stands for the person marker of the agentive argument of a transitive verb and P for the person marker of the patient argument of the transitive verb. Five values are represented...""",376,3,https://wals.info/feature/104A,104A,,
616,Reciprocal constructions,"(By Elena Maslova and Vladimir P. Nedjalkov): ""Map 106A displays different ways in which languages encode reciprocal situations, i.e. situations like ‘They love each other’. The reciprocal situation comprises at least two simple situations (e.g., She loves him and He loves her), so one way to encode such a situation is to combine expressions for two simple situations... Apparently, this strategy of encoding reciprocated situations is possible in all languages, although the extent to which such a pattern is conventionalized in grammar and common in actual discourse differs from language to language. However, most languages also have simple or complex reciprocal markers (verbal affixes, pronouns, particles, adverbs, etc.), which, if combined with a verb within one clause, signal that the clause describes a reciprocal situation and not just the situation denoted by this verb, without repeating the verb for each simple situation. For example, English has two pronominal reciprocal markers, each other and one another; and in Kolyma Yukaghir (eastern Siberia), there is one reciprocal marker which is prefixed to the verb stem...""",81,3,https://wals.info/feature/106A,106A,"The WALS chapter uses ""reciprocal"" both for situations (""reciprocal situations"", corresponding to the Grammaticon's ""mutual situation"") and for constructions. The Grammaticon reserves ""reciprocal"" for strategies.",
617,Passive constructions,"(By Anna Siewierska): ""A construction has been classified as passive if it displays the following five properties:
(i) it contrasts with another constuction, the active; (ii) the subject of the active corresponds to a non-obligatory oblique phrase of the passive or is not overtly expressed; (iii) the subject of the passive, if there is one, corresponds to the direct object of the active; (iv) the construction is pragmatically restricted relative to the active; (v) the construction displays some special morphological marking of the verb. A prototypical example of the passive, as defined above, is given in (1b) from Swahili...""",81,3,https://wals.info/feature/107A,107A,"As in the Grammaticon, Siewierska's definition of ""passive construction"" includes the requirement of verbal marking. So-called ""unmarked passives"" do not fall under the definition.",
618,Antipassive constructions,"(By Maria Polinsky): ""An antipassive construction is a derived detransitivized construction with a two-place predicate, related to a corresponding transitive construction whose predicate is the same lexical item. In the basic transitive construction, the patient-like argument is realized as a direct object; in the antipassive construction, that argument is either suppressed (left implicit) or realized as an oblique complement. The term antipassive (Silverstein 1972) was coined to indicate that the construction is a mirror image of the passive: in the passive, the suppressed or demoted argument is the agent-like argument, in the antipassive, the patient-like argument.""",81,3,https://wals.info/feature/108A,108A,,
619,Applicative constructions,"(By Maria Polinsky): ""In an applicative construction, the number of object arguments selected by the predicate is increased by one with respect to the basic construction. For example, in Tukang Besi (Austronesian; Sulawesi, Indonesia), the verb ‘fetch’ takes one theme object in the basic construction (as shown in 1a), but with the applicative marker it takes two objects, theme and benefactive (as shown in 1b)...""",81,3,https://wals.info/feature/109A,109A,,
620,Periphrastic causative constructions,"(By Jae Jung Song): ""The causative construction is a linguistic expression which denotes a complex situation consisting of two component events (Comrie 1989: 165-166; Song 2001: 256-259): (i) the causing event, in which the causer does or initiates something; and (ii) the caused event, in which the causee carries out an action, or undergoes a change of condition or state as a result of the causer’s action...❡

Periphrastic causative constructions are causative expressions with the following three properties. First, the expression of the causer’s action (or the predicate of cause) and the expression of the causee’s action or change of condition or state (or the predicate of effect) must be in different clauses, as in (1). To put it differently, causative expressions, for the purposes of the map, must be biclausal. (The notion of biclausality being a continuum, however, the causative construction in one language (as in (5)) may be less biclausal than in another language (as in (1)); for further discussion, see Song 1996.)""",81,3,https://wals.info/feature/110A,110A,,
621,Nonperiphrastic causative constructions,"(By Jae Jung Song): ""The causative construction is a linguistic expression which denotes a complex situation consisting of two component events (Comrie 1989: 165-166; Song 2001: 256-259): (i) the causing event, in which the causer does or initiates something; and (ii) the caused event, in which the causee carries out an action, or undergoes a change of condition or state as a result of the causer’s action. ❡

Nonperiphrastic causative constructions are causative expressions with the following three properties. First, the expression of the causer’s action (e.g. -ase in (1)) and the expression of effect (e.g. ik- in (1)) must both be contained in one and the same predicate, which may consist of one or more verbs (e.g. one verb ik-ase- in (1), or two verbs me ŋò in (6) below). To put it differently, such causative expressions must be monoclausal. Second, the causer noun phrase must occupy a grammatically more ‘prominent’ position (e.g. the subject in (1)) than the causee noun phrase (the object in (1)). Third, the expression of the causer’s action, be it an affix or a separate verb, should be without specific meaning. In (1), the expression of cause -ase, as opposed to the expression of effect ik-, lacks specific meaning; all that is expressed by -ase is the pure notion of causation.""",81,3,https://wals.info/feature/111A,111A,,
622,Negative morphemes,"(By Matthew S. Dryer): ""This map shows the nature of morphemes signalling clausal negation in declarative sentences. By clausal negation is meant the simple negation of an entire clause... Not considered here are noun phrase negation (No students were present), negative pronouns (Nobody came), or negative adverbs (She never eats pizza) (though see Map 115A on negative pronouns). The map is based on the expression of negation in declarative sentences; thus, where a language employs a distinct construction in imperative sentences, that construction is ignored here (see Map 71A).""",81,3,https://wals.info/feature/112A,112A,,
623,Subtypes of asymmetric standard negation,"(By Matti Miestamo): ""The term standard negation refers to the basic way(s) a language has for negating declarative verbal main clauses. In symmetric negation affirmative and negative structures are identical except for the presence of the negative marker(s), whereas in asymmetric negation the structure of negatives differs from the structure of affirmatives in various other ways too. Structural differences, i.e. asymmetry, can be found either between the affirmative and negative constructions or between the paradigms that the affirmative and negative constructions form. These distinctions are defined and illustrated in connection with Map 113A, which shows the geographical distribution of symmetric and asymmetric standard negation.""",81,3,https://wals.info/feature/114A,114A,,
624,Symmetric and asymmetric standard negation,"(By Matti Miestamo): ""Standard negation can be defined as the basic way (or ways) a language has for negating declarative verbal main clauses. Negative constructions that fall outside standard negation include the negation of existential, copular or non-verbal clauses, the negation of subordinate clauses, and the negation of non-declarative clauses like imperatives (see Chapter 71). These negatives are not taken into account here, but it is of course possible that languages use their standard negation constructions for the negation of these clause types too. ❡

This map shows how symmetric and asymmetric standard negation are distributed among the languages of the world. In symmetric negation the structure of the negative is identical to the structure of the affirmative, except for the presence of the negative marker(s). In asymmetric negation the structure of the negative differs from the structure of the affirmative in various other ways too, i.e. there is asymmetry between affirmation and negation. Affirmative and negative structures can be symmetric or asymmetric in two ways: there can be (a)symmetry either between the affirmative and negative constructions, or between the paradigms that the affirmative and negative constructions form. Symmetric negative constructions do not differ from the corresponding affirmative constructions in any other way than by the presence of the negative marker(s), whereas asymmetric negative constructions show structural differences in comparison to the corresponding affirmative constructions...""",81,3,https://wals.info/feature/113A,113A,,
625,Negative indefinite pronouns and predicate negation,"(By Martin Haspelmath): ""Negative indefinite pronouns like 'nobody', 'nothing', 'nowhere' may or may not co-occur with the ordinary marker of predicate negation. A language where they always co-occur with predicate negation is Russian... A language where negative indefinites never co-occur with predicate negation is German. In (2a-b), use of the predicate negator nicht would render the sentences ungrammatical (*Niemand kam nicht; *Ich habe nichts nicht gesehen)...""",81,3,https://wals.info/feature/115A,115A,"It must be noted that WALS's ""negative indefinite pronoun"" is NOT the same as the Grammaticon's ""negindefinite pronoun"".",
626,Polar questions,"This map shows the method a language uses to indicate that an utterance is a polar question. Polar questions are ones to which the expected answer is the equivalent of ‘yes’ or ‘no’ (and which are thus sometimes called yes-no questions ). They contrast with content questions, which contain an interrogative word meaning something like ‘who’ or ‘where’, in which some more specific answer is expected; content questions in English are often called wh-questions... ❡

The first strategy for forming polar questions is the use of a question particle which is added to a corresponding declarative sentence to indicate that it is a question... Interrogative clitics, which attach to some word, but which exhibit freedom as to the category of word they attach to, are treated here as question particles.  ❡

The second general strategy for signalling polar questions involves the use of distinct interrogative verbal morphology. Most commonly, the verbal morphology may involve an affix that specifically signals that the utterance is a question...  ❡

The third type is languages that have both question particles and interrogative verb morphology, either as two separate constructions or occurring together in a single construction...  ❡

A fourth but fairly uncommon way to signal that an utterance is a question is by using a different word order from that used in corresponding declarative sentences. This method is used in a number of European languages...""",81,3,https://wals.info/feature/116A,116A,,
627,Predicative possession,"(By Leon Stassen): ""This map illustrates the areal distribution of the various encoding options for predicative possession. The data base for this map thus includes sentences in which ownership of a certain object (the possessed item) is predicated of a possessor, in a way that is illustrated by the English sentence John has a motorcycle. It should be noted that the scope of this map is restricted by several conditions. First, the map deals only with the encoding of predicative possession, as in John has a motorcycle; cases of adnominal possession (as in John’s motorcycle) are not dealt with. Secondly, within predicative possession it often matters whether the noun phrase that indicates the possessed item is indefinite or not. English is a language in which this parameter gives rise to two different encoding options (see 1a-b). For the purposes of this map, only constructions in which the possessed NP has an indefinite reading - i.e., only those constructions that are parallel to (1a) - have been taken into account.""",81,3,https://wals.info/feature/117A,117A,,
628,Nominal and locational predication,"(By Leon Stassen): ""This map shows the possible relationships between the encoding of nominal and locational predicates. In particular, the map shows for each language whether nominal predications (such as _John is a tailor_) and locational predications (such as _John is in Paris_) can or cannot be encoded by the same strategy. In the terminology of Stassen (1997), a language is called a share-language if the encoding strategy for locational predications is (or can be) used for nominal predications, and a split-language if the encoding strategies for the two constructions must be different.""",12,3,https://wals.info/feature/119A,119A,"From the examples (and the discussion in Stassen (1997)), it becomes clear that ""nominal predication"" refers to classificational clauses (where there is an indefinite nominal occurring as predicate), and ""locational predication"" refers to predlocative clauses (where there is a definite nominal in the subject position). Equational clauses are not treated here, and existential clauses (while involving a locational expression) lack a definite subject.",
629,Comparative constructions,"(By Leon Stassen): ""In semantic or cognitive terms, comparison can be defined as a mental act by which two objects are assigned a position on a predicative scale. If the positions on the scale are different, then we speak of the comparison of inequality, which finds its linguistic encoding in comparative constructions. Such a construction essentially involves three things: a predicative scale, which, in language, is usually encoded as a gradable predicate, and two objects. Although these objects can, in principle, be complex, the practice of typological linguistic research has been to restrict them to primary objects, which are typically encoded in the form of noun phrases. Thus, a comparative construction typically contains a predicate and two noun phrases, one of which is the object of comparison (the comparee NP), while the other functions as the ""yard-stick"" of the comparison (the standard NP). In short, prototypical instances of comparative constructions in the languages of the world are sentences that are similar to the English sentence in (1), in which the noun phrase following the item than is the standard NP: (1) _John is taller than Lucy_""",16,3,https://wals.info/feature/121A,121A,,
630,Relativization on subjects,"(By Bernard Comrie & Tania Kuteva): ""Since many languages use different strategies for relativizing on different roles, we distinguish between relativization on subjects and relativization on obliques. Map 122A shows what strategies the languages of the world use to relativize on the subject. ❡

For Map 123A, we take into consideration the relativizing strategies the languages of the world employ with obliques, whereby we take the instrumental to be the prototypical case of obliques. In languages where we have no ready access to information about relativization on instrumentals, we consider other, comparable constructions: the comitative, the indirect object, the benefactive, the locative, etc. but not the possessive or the temporal. ❡

Note that the head noun may have different roles in the main clause and in the relative clause. Thus in the English sentence in (4), the head noun the girl functions as the object of the main clause, and the subject of the relative clause. (4) _I like the girl who greeted us yesterday._ ❡

For the purposes of both Map 122A and Map 123A, the role relevant to our classification is the one the head noun has within the relative clause. Accordingly, the example in (4) is an example of relativizing on the subject, since the head noun the girl functions as the subject of the relative clause.""",16,3,https://wals.info/feature/122A,122A,,
631,Relativization on obliques,"(By Bernard Comrie & Tania Kuteva): ""Since many languages use different strategies for relativizing on different roles, we distinguish between relativization on subjects and relativization on obliques. Map 122A shows what strategies the languages of the world use to relativize on the subject. ❡

For Map 123A, we take into consideration the relativizing strategies the languages of the world employ with obliques, whereby we take the instrumental to be the prototypical case of obliques. In languages where we have no ready access to information about relativization on instrumentals, we consider other, comparable constructions: the comitative, the indirect object, the benefactive, the locative, etc. but not the possessive or the temporal. ❡

Note that the head noun may have different roles in the main clause and in the relative clause. Thus in the English sentence in (4), the head noun the girl functions as the object of the main clause, and the subject of the relative clause. (4) _I like the girl who greeted us yesterday._ ❡

For the purposes of both Map 122A and Map 123A, the role relevant to our classification is the one the head noun has within the relative clause. Accordingly, the example in (4) is an example of relativizing on the subject, since the head noun the girl functions as the subject of the relative clause.""",16,3,https://wals.info/feature/123A,123A,,
632,'Want' complement subjects,"(By Martin Haspelmath): ""This chapter looks at one important aspect of the syntax of 'want': whether the notional subject of its complement predication is left implicit when it is coreferential with the wanter, or whether it is expressed overtly in the complement clause by means of a pronominal element. ❡

The first is the case in many languages which have special verb forms for such purposes (often called infinitives)... ❡

Alternatively, the complement may look more like a complete clause in that the complement subject is expressed overtly by a pronominal element, generally a simple verbal person-number marker. Verb forms used in such complement clauses are sometimes called subjunctive... ❡

Another possibility is that a language has both constructions, one that has an implicit complement subject, and another one that has an overtly expressed subject... ❡

Finally, quite a few languages do not express the notion of wanting by means of an independent verb (or other lexeme), but by a desiderative marker...""",16,3,https://wals.info/feature/124A,124A,,
633,Purpose clauses,"(By Sonia Cristofaro): ""This chapter investigates the form of the verb in purpose clauses. Following a common practice in typological research (see among others Stassen 1985 and Croft 1990: ch.1), purpose clauses are defined in functional rather than morphosyntactic terms, as the latter turn out to be of restricted applicability in cross-linguistic comparison. A purpose construction is regarded as one encoding a particular relation between events. This relation is such that one of the linked events (the one coded by the main clause, or the main event) is performed with the goal of obtaining the realization of another one (the one coded by the purpose clause, or the dependent event). Typical cases of purpose relations involve motion predicates in the main event, as in (1). In this case, main and dependent event share a participant. However, non-motion predicates may also be involved, in which case main and dependent event need not share a participant...""",16,3,https://wals.info/feature/125A,125A,,
634,'When' clauses,"(By Sonia Cristofaro): ""This chapter examines the form of the verb in ‘when’ clauses. Examples (1) - (3) provide instances of ‘when’ clauses in English (throughout the chapter, ‘when’ clauses will be enclosed in square brackets in the examples): (1) _[When I go there], there is hardly anybody around._ (2) _[When writing the next chapter], you should deal with these issues._ (3) _[When the Nazis came to power], several intellectuals left Germany._ ...❡

As was done for purpose clauses (Chapter 125), ‘when’ clauses are defined in functional, rather than morphosyntactic, terms. A ‘when’ construction is regarded as one encoding a temporal relation between two events, such that there is a temporal overlap between the two. The exact extent of the overlap is unspecified and subject to variation. For instance, in (1) and (2) the linked events are simultaneous, while in (3) they may or may not be simultaneous – in fact, there might be an interval of some days, or even months or years between them.""",16,3,https://wals.info/feature/126A,126A,,
635,Reason clauses,"(By Sonia Cristofaro): ""As was done for purpose clauses and ‘when’ clauses (Chapters 125 and 126), reason clauses are defined in functional, rather than morphosyntactic, terms. A reason construction is regarded as one encoding a causal relation between two events, such that one of the two (the event coded by the reason clause, or the dependent event) represents the reason for the other event (the main event) to take place.""",16,3,https://wals.info/feature/127A,127A,,
636,Utterance complement clauses,"(By Sonia Cristofaro): ""Complement clauses are usually defined on the basis of syntactic criteria such as embedding, i.e. the fact that the complement clause functions as an argument of the main predicate (see for instance Noonan 1985: 46). However, as was done for purpose, ‘when’ and reason clauses (Chapters 125, 126, 127), utterance complements will be defined here in functional, rather than syntactic, terms. A complement construction is regarded as one expressing a particular relation between events, such that one event (the one coded by the main clause, or the main event) entails that another event (the one coded by the complement clause, or the dependent event) is referred to (for a detailed discussion of this definition, see Cristofaro 2003: ch. 2, 5).""",16,3,https://wals.info/feature/128A,128A,,
637,Numeral bases,"(By Bernard Comrie): ""This map is concerned with one aspect of the mathematical structure of linguistic expressions for numerals, namely the arithmetic base that is used in constructing numeral expressions. By the “base” of a numeral system we mean the value n  such that numeral expressions are constructed according to the pattern ... xn + y, i.e. some numeral x  multiplied by the base plus some other numeral. (The order of elements is irrelevant, as are the particular conventions used in individual languages to indicate multiplication and addition.)""",16,3,https://wals.info/feature/131A,131A,,
639,Are there demonstrative classifiers?,"(By Jeremy Collins and Jay Latarche): ""This question asks whether there is a classifier system in which classifiers appear with demonstratives to classify the noun. This classifier system can be symmetrical with numeral, possessive or verbal classifiers. It is sufficient if they sometimes occur. Please note, this feature does not concern gender/noun classes and agreement with the noun class, but a separate nominal classifier system.""",289,4,http://grambank.clld.org/parameters/GB038,GB038,,
640,Is there a gender/noun class system where plant status is a factor in class assignment?,"(By Hannah J. Haynie): ""A noun class/gender system categorizes nouns for the purposes of grammatical agreement with other constituents in the noun phrase or other inflectional morphology. See the classification wiki page for more information on our definition of noun class/gender. Noun class/gender assignment may be based on one or several factors. This feature focuses on whether one of these factors distinguishes plants from other concepts. For this feature to be coded 1, there must be a clear pattern in which nouns that refer to plants or some subset of plant referents are assigned to one or more specific noun classes. ❡

Although the semantic factors in noun class/gender assignment are not always perfectly clear-cut, this feature targets those systems in which certain nouns are assigned to a particular class because their referents are plants. Systems in which several nominals with plant referents are assigned to a particular class because of their phonology or due to some more or less arbitrary assignment are not the target of this feature. That is, plant status must be a relevant factor in the assignment of gender. However, it does not need to be an absolute deciding factor or the only relevant factor in gender/class assignment for a particular category.""",,4,https://grambank.clld.org/parameters/GB054,GB054,,
641,Are there possessive classifiers?,"(By Jeremy Collins and Jay Latarche): ""This question concerns whether there is an independent classifier system in possessive constructions that is not related to other nominal classification systems such as the gender/noun class of the language or numeral classifiers. ❡

We are concerned with markers that signal the nature of the possessor (possessor classifiers) or the possessum (possessed classifiers). This feature applies to both pronominal/nominal possessors and markers which are bound or free. Possessive classifiers need not be obligatory, it may also be possible to construct possessive phrases without possessive classifiers. ❡ 

Differences in the expression of individual, joint, separate and group possession are not relevant here.""",,4,https://grambank.clld.org/parameters/GB058,GB058,,
642,"Do core adjectives (defined semantically as property concepts such as value, shape, age, dimension) act like verbs in predicative position?","(By Jeremy Collins and Jay Latarche): ""Do property words used as predicates take on verbal morphology? The predicative property word need not take exactly all verbal marking. If there is at least some marking that verbs and predicative property words share, this counts as 1 (for example, if a language has he runs and he greens). However, if there is additional morphology or there are additional elements that the property word requires, then this feature should be coded as 0. This should apply to most property words in the language. Property words semantically roughly correspond to adjectives in those languages that have a separate adjective word class. We want to include elements that mark ‘adjectival’ function but that might not be described as ‘adjectives’.""",,4,https://grambank.clld.org/parameters/GB068,GB068,,
643,"Do core adjectives (defined semantically as property concepts; value, shape, age, dimension) used attributively require the same morphological treatment as verbs?","(By Jeremy Collins and Jay Latarche): ""Do adnominal property words receive the same treatment as verbs when verbs are used attributively, i.e. inside an NP? The adnominal property word need not take exactly all verbal marking. If there is at least some marking that verbal and adnominal property words share, this counts as 1. The result need not be finite: participles count as attributively used verbs. This means that if the language in question forms modifying verbs by participles (the running man) and this is the same for adnominal property word roots (the redding man), this counts as 1. Property words semantically correspond to adjectives in those languages that have a separate adjective word class. We want to include elements that mark 'adjectival' function but that might not be described as 'adjectives.' """,,4,https://grambank.clld.org/parameters/GB069,GB069,,
644,Are there morphological cases for independent oblique personal pronominal arguments (i.e. not S/A/P)?,"(By Jakob Lesage): ""Are phonologically independent personal pronouns morphologically marked for oblique case (i.e. not S, A or P)? Morphological case involves any type of case marking (or flagging) that is phonologically bound (affixes, clitics, tone, alternation, vowel lengthening, etc.). Suppletion also counts as case marking for this feature. Oblique NPs are NPs having a function other than S, A or P, e.g. dative, locative, ablative, instrumental, comitative, location in time, etc. Note that genitive or possessive are not seen as cases for this feature.""",,4,https://grambank.clld.org/parameters/GB073,GB073,,
645,"Do verbs have prefixes/proclitics, other than those that only mark A, S or P (do include portmanteau: A & S + TAM)?","(By Jakob Lesage): ""These prefixes or proclitics could have a variety of functions, marking TAME, functioning as verbal derivation markers, as inverse markers, relative markers, etc. Only indexes dedicated to core argument marking do not count. The end result has to be a finite verb and cannot, for example, be a deverbal noun or an adverb. Grambank counts the separate elements of circumfixes as affixes. If one of the elements of a circumfix precedes the host it attaches to, we treat it as a prefix. If one of the elements of a circumfix follows the host it attaches to, we treat it as a suffix.""",,4,https://grambank.clld.org/parameters/GB079,GB079,"On the Grammaticon definition of ""clitic"", it is odd to say that ""verbs have proclitics"", because clitics by definition occur on roots of different classes. The Grammaticon has no notion of ""finiteness"", but its ""inflectional affixes"" largely correspond to ""finite affixes"". Like this Grambank feature, the Grammaticon treats the elements of a circumfixing construction as a prefix and a suffix (because it has no notion of ""circumfix as an affix"").",
646,"Do verbs have suffixes/enclitics, other than those that only mark A, S or P (do include portmanteau: A & S + TAM)?","(By Jakob Lesage): ""These suffixes or enclitics could have a variety of functions, marking TAME, functioning as verbal derivation markers, as inverse markers, relative markers, etc. Only indexes dedicated to core argument marking do not count. The end result has to be a finite verb and cannot, for example, be a deverbal noun or an adverb. Grambank counts the separate elements of circumfixes as affixes. If one of the elements of a circumfix precedes the host it attaches to, we treat it as a prefix. If one of the elements of a circumfix follows the host it attaches to, we treat it as a suffix.""",,4,https://grambank.clld.org/parameters/GB080,GB080,"On the Grammaticon definition of ""clitic"", it is odd to say that ""verbs have enclitics"", because clitics by definition occur on roots of different classes. The Grammaticon has no notion of ""finiteness"", but its ""inflectional affixes"" largely correspond to ""finite affixes"". Like this Grambank feature, the Grammaticon treats the elements of a circumfixing construction as a prefix and a suffix (because it has no notion of ""circumfix as an affix"").",
647,Are variations in marking strategies of core participants based on TAM distinctions?,"(By Alena Witzlack-Makarevich): ""Marking strategies of core participants include both marking by indexing and by flagging (i.e. case or adposition marking). Variations in marking strategies include both variations in the alignment patterns and variations in position (e.g. suffixing vs. prefixing) in case of indexes. This question includes some of the cases referred to as (alignment) split in the literature. Merely different allomorphs of person/number indexes in the same position do not count. Polarity (i.e. positive vs. negative distinction) does not count as a TAM category. Any variation of indexing in the imperative does not count either.""",,4,https://grambank.clld.org/parameters/GB095,GB095,,
648,Are variations in marking strategies of core participants based on verb classes?,"(By Alena Witzlack-Makarevich): ""Marking strategies include both marking by indexing and by flagging. The distinction between intransitive and transitive verbs is not included here. Variations in marking strategies include both variations in the alignment patterns and variations in position (e.g. suffixing vs. prefixing) in case of indexes. Mere differences in forms of the indexes triggered by various conjugation classes are not sufficient for 1. For a language to be coded 1 the respective verb classes need to be of a substantial size (several dozen verbs or more) and ideally represent a productive pattern. The presence of small verb classes whose members are often exhaustively listed in a descriptive grammar and are presented as exceptional patterns does not qualify as 1. The patterns of interest are more common with intransitive verbs and include cases of the so-called active-inactive alignment (or simply: active, agentive-patientive or stative-active) in cases of differentially marked S arguments. Some grammars use the terms unergative-unaccusative verbs. The pattern of interest is, however, not restricted to the S argument. Variations in marking of A and P arguments are also included.""",,4,https://grambank.clld.org/parameters/GB096,GB096,,
649,Are variations in marking strategies of core participants based on person distinctions?,"(By Alena Witzlack-Makarevich): ""Marking strategies of core participants include both marking by indexing and by flagging (i.e. case or adposition marking). Variations in marking strategies include both variations in the alignment patterns and variations in position (e.g. suffixing vs. prefixing) in case of indexes. Mere differences in forms of the indexes triggered by various conjugation classes are not sufficient for a 1. This question includes cases referred to as person-based (alignment) split and hierarchical alignment in the literature.""",,4,https://grambank.clld.org/parameters/GB098,GB098,,
650,Can verb stems alter according to the person of a core participant?,"(By Alena Witzlack-Makarevich): ""Do some verbs have two or more suppletive allomorphs whose distribution is conditioned by the person of an S, A, or P argument? Suppletive allomorphs are allomorphs which are not similar in pronunciation, i.e. they cannot be related to each other by morpho-phonological rules. This question covers strong suppletion, weak suppletion, and ablaut. There must be at least three such verbs to code 1 for this feature.""",,4,https://grambank.clld.org/parameters/GB099,GB099,,
651,Is there a benefactive applicative marker on the verb (including indexing)?,"(By Jakob Lesage): ""This question concerns a phonologically bound verbal marker that signals that the verb has a beneficiary. The marker could be analyzed in the language-specific case as voice, indexing or a 'bound pronoun'. In some languages, applicative markers may be used to topicalize, focalize or background a beneficiary. This type of marking also counts for this feature. The marker does not have to index the beneficiary. Autobenefactive markers do not count and serial verb constructions that include a benefactive verb (typically 'give') do not count.",,4,https://grambank.clld.org/parameters/GB103,GB103,,
652,"Can standard negation be marked by an affix, clitic or modification of the verb?","(By Hedvig Skirgård): ""This feature refers to Standard Negation, i.e. the constructions that mark negation of (at least) dynamic (not-stative) verbal predicates in declarative mood. The marker has to form a phonological unit with the verbal root, be it by affixation, cliticization, suppletion, reduplication, tone, etc. For markers bound to auxiliaries, see GB298. If there is negative marking on the verb and elsewhere (for example by a particle) in the same construction, this is included in this feature. If there is a clitic that attaches to anything in its vicinity, this doesn't count.",,4,https://grambank.clld.org/parameters/GB107,GB107,,
653,Are there conjugation classes?,"(By Jeremy Collins & Jay Latarche): ""Are there multiple sets of verbs that each combine with different sets of (inflectional) markers in finite forms? We are concerned with whether there is non-phonological allomorphy of finiteness marking on verbs depending on which verb is chosen. Phonological rules are not considered here but they may correlate with non-phonological allomorphy. Conjugation classes that are lexically assigned are relevant for coding this feature. Please note that a class of suppletive verbs does not count. ❡

Look for finiteness markers such as: * Person: first, second, third * Number: singular, plural, dual and trial * Gender: masculine, feminine or neuter * Tense: present, past, or future * Aspect: perfect, perfective, progressive * Mood: indicative, subjunctive, imperative, optative * Voice: active, middle, or passive.""",,4,https://grambank.clld.org/parameters/GB111,GB111,,
654,"Do verbs classify the shape, size or consistency of absolutive arguments by means of incorporated nouns, verbal affixes or suppletive verb stems?","(By Jeremy Collins and Jay Latarche): ""This question aims to capture the classification of shape, size or consistency of absolutive arguments with verbal classifiers. Incorporated nouns, verbal affixes or suppletive verb stems are types of verbal classifiers. This feature is concerned with verbal classifiers and not whether the verb agrees with the gender/noun class of the noun. Verbal classifiers can, however, be identical or very similar to possessive, numeral or demonstrative classifier systems.",,4,https://grambank.clld.org/parameters/GB116,GB116,,
655,"Can mood be marked by an inflecting word (""auxiliary verb"")?","(By Hedvig Skirgård): ""This feature covers all grammatical moods (the relationship between the referred event/state/action and other possible worlds, or speaker's attitude) and aims to capture phonologically free elements that inflect (i.e. change form depending on person, number and other categories of the core arguments). These markers are often described as ‘auxiliary verbs’ in the literature, but are also analyzed under other labels by some authors (such as STAMP morphemes (STAM = Subject-Tense-Aspect-Mood-Polarity) or inflecting pronouns). We are interested in grammatical marking, i.e. dedicated, productive and obligatory marking. ❡ 

There are instances where TAM can be expressed by a combination of an affix and auxiliary or particle. For example, some grammarians state that a mood is expressed by a certain form on the verbal root and an auxiliary. If this is a productive and obligatory way of expressing mood then such a construction triggers 1 for both this feature (GB119) and the feature on bound mood marking (GB312). If not all parts of the discontinuous marking are necessary for expressing a mood, then only consider the marking that is obligatory. ❡ 

While negation or interrogation can be considered as grammatical moods, they are not included in this feature.""",,4,https://grambank.clld.org/parameters/GB119,GB119,,
656,"Can aspect be marked by an inflecting word (""auxiliary verb"")?","(By Hedvig Skirgård): ""This feature covers all grammatical aspects (internal temporal constitution of events/actions/states) and aims to capture phonologically free elements that inflect (i.e. change form depending on person, number and other categories of the core arguments). These markers are often described as ‘auxiliary verbs’ in the literature, but they are also analyzed under other labels by some authors (such as STAMP morphemes (STAM = Subject-Tense-Aspect-Mood-Polarity) or inflecting pronouns). We are interested in grammatical marking, that is, dedicated, productive and obligatory marking.",,4,https://grambank.clld.org/parameters/GB120,GB120,,
657,"Can tense be marked by an inflecting word (""auxiliary verb"")?","(By Hedvig Skirgård): ""This feature covers all tenses (present, past, and future) and aims to capture phonologically free elements that inflect (i.e. change form depending on person, number and other categories of the core arguments). These markers are often described as ‘auxiliary verbs’ in the literature, but are also analyzed under other labels by some authors (such as STAMP morphemes (STAM = Subject-Tense-Aspect-Mood-Polarity) or inflecting pronouns). We are interested in grammatical marking, i.e. dedicated, productive and obligatory marking.

There are instances where TAM can be expressed by a combination of an affix and auxiliary or particle. For example, some grammarians state that tense is expressed by a certain form on the verbal root and an auxiliary. If this is a productive and obligatory way of expressing tense then such a construction triggers 1 for both this feature (GB121) and the features on bound tense marking (GB082/GB083/GB084). If not all parts of the discontinuous marking are necessary for expressing a tense, then only consider the marking that is obligatory.",,4,https://grambank.clld.org/parameters/GB121,GB121,,
658,Is verb compounding a regular process?,"(By Jeremy Collins and Jay Latarche): ""Verbal compounds are lexicalized, often non-compositional, constructions which combine two or more verb stems. Languages with serial verb constructions can often have verb compounds too, however they might not always be described as such. (Code 1 if there is a conventionalized way of combining two verbal elements into a single lexicalized phonological and grammatical word. Code 0 if it is clear the two elements are phonologically independent.)""",,4,https://grambank.clld.org/parameters/GB122,GB122,"In the Grammaticon concept ""compound construction"", the construction is productive (and hence semantically regular), and ""phonological wordhood"" plays no role. Moreover, verb compounds are special kinds of serial verb constructions. (A notion of ""non-compositional construction"" is impossible in the Grammaticon.)",
659,Are there verb-adjunct (aka light-verb) constructions?,"(By Jeremy Collins and Jay Latarche): ""A light-verb construction is a lexicalized complex predicate with two components: (1) a lexical stem which is not an inflected verb and (2) an inflectable verb, which is called the light verb. It is form-identical with a main verb, but used with a different meaning such that it ‘cannot be said to be predicating fully' (examples in English include _give a sigh_ or _take a plunge_) (Butt 2003). ❡

Items that can occur as lexical stems in light-verb constructions are: (1) nouns (e.g. _do baby_ in Ivorian English or _have sex_ in English for ‘to copulate’), (2) adjectives (e.g. _make beautiful_ in English), (3) non-inflectable items such as ideophones (e.g. _do ssss_ for ‘to make an ssss sound’), or (4) verbs borrowed from other languages that do not inflect in the target language. ❡

Regular verbs cannot occur as lexical stems in light-verb constructions, in the Grambank definition. This makes light verb constructions different from serial verb constructions and verbal compounding, which involve a sequence of more than one verb. Another difference is that there is a predicate-argument relationship between the light verb and the other lexical stem (e.g. in _do baby_, baby is the object of do), while in serial verb constructions the verbs do not have a predicate-argument relationship between them since they instead describe a sequence of events.""",,4,https://grambank.clld.org/parameters/GB123,GB123,"An ""inflectable verb"" corresponds to a verb that can take inflectional affixes, but it seems that not all such verbs would count as ""light verbs"". And a notion of ""lexicalized construction"" is impossible in the Grammaticon, as it is forms, not constructions that are ""lexicalized"" (i.e. inventorized).",
660,Is incorporation of nouns into verbs a productive intransitivizing process?,"(By Hannah J. Haynie): ""Noun incorporation is defined as a construction where obligatorily bare (i.e. articleless, numberless, modifierless) nouns must occur adjacent to or inside of the verb, in a fixed order. This feature essentially asks whether transitive verbs may be rendered intransitive by means of noun incorporation, and whether this process is productive. This need not be the default way of intransitivizing verbs, but the process must be productive. The incorporated noun in the construction of interest for this feature is semantically an argument of the verb. For example: he was painting the bike = he was bike-painting. Noun incorporation where the relevant noun functions as an adjunct or modifier does not count, e.g. she was running like Jacob runs = she was Jacob-running. A construction where it is necessary to overtly represent the relevant argument with an additional form other than the incorporated noun, for example with a pronoun, also does not count.""",,4,https://grambank.clld.org/parameters/GB124,GB124,"In the Grammaticon's ""incorporation"", the noun must be an argument of the verb, too, though the construction may be unproductive. The noun is ""obligatorily bare"" because the Grammaticon defines incorporation as a construction with an unexpandable noun root adjacent to a verb root. But verbs with an incorporated noun in P-argument function may (cross-)index the noun.",
661,Is there an existential verb?,"(By Hedvig Skirgård): ""Is there an element expressing existential predication (_A book on that topic exists./There is a book on that topic._), that is different from the equative or attributive copula? It is possible that there are various existential verbs making further distinctions, temporary versus permanent existence, or that there is a special negative existential verb. The existential marker can be used for the expression of other functions, such as aspect, as long as it is not identical to the copula of identity or attribution (as is the case with is, _That book is part of a series._ and _That book is great_). The existential element need not fulfill all formal criteria to qualify as a verb. The existence of a negative existential alone is not sufficient for a 1. Locational or positional verbs are also not enough for a 1.",,4,https://grambank.clld.org/parameters/GB126,GB126,"The Grammaticon has a concept ""existive"", which seems to be meant here (called ""existential verb/marker/element""), although the first example is a hyparctic clause (not an existential clause). The ""copula of identity/attribution"" seems to mean a copula of an equational or ascriptive clause.",
662,"Is there a notably small number, i.e. about 100 or less, of verb roots in the language?","(By Hedvig Skirgård): ""This feature tracks languages with few members in the word class which is most commonly known as ‘verbs’. If the word class ‘verbs’ contains approximately 100 roots or less, the language qualifies for this feature. ❡

A large part of the grammar may be devoted to constructions where a verb from the closed class combines with open-class items to form predicates in most sentences. If a grammar never remarks on the size of the verbal inventory this almost always means that the language does not have a small number of verbs in the sense of the present question. If a language has a small number of verbs in this sense, typically a description will say that there is a closed class of verbs with few members. ❡

In such languages, it is typically the case that what is described by one verb in other languages is instead expressed by so called ‘light verb constructions’ (see GB123). For example, _do meeting_ could express the meaning ‘to meet’. It is also possible for a language to have few verbs but no light-verb constructions.""",,4,https://grambank.clld.org/parameters/GB129,GB129,"""Word class"" most often refers to ""lexeme class"", and a verb lexeme is not the same as a verb root. Languages may have a closed class (even a small class) of verb roots, but an open (and large) class of verb lexemes.",
663,Is a pragmatically unmarked constituent order verb-medial for transitive clauses?,"(By Hannah J. Haynie): ""This feature focuses on the relative order of the verb and its core arguments in a transitive clause. Any constituents other than the core arguments (A, P) and the verb of a transitive clause should be ignored. All questions concerning order of constituents aim to capture the pragmatically unmarked order between full NP constituents (not pronouns). Do not consider ‘left or right-dislocation’, accompanied by intonational signals or pragmatically marked constructions such as focus. If the verb phrase consists of several elements it is the lexical verb that counts. The position of auxiliaries/TAME marking elements can be ignored.""",,4,https://grambank.clld.org/parameters/GB132,GB132,"""Pragmatically unmarked order"" is not a concept in the Grammaticon, and the closest counterpart is ""dominant order"".",
664,Is the order of constituents the same in main and subordinate clauses?,"(By Hannah J. Haynie): ""This feature focuses on whether the basic word order(s) of main clauses are possible in subordinate clauses. A ‘yes’ response for this feature indicates that subjects, verbs, and objects occur in the same order in subordinate clauses as in main clauses. For example, the order between ‘woman’, ‘man’, and ‘chases’ is the same in the simple clause the woman chases the man as in the subordinate clause of I think that the woman chases the man in English, and this feature asks if it is the same in target languages. In languages with flexible word order it is sufficient for a 1 if all pragmatically unmarked main clause orders are possible in subordinate clauses, even if there are additional word order alternatives in subordinate clauses that are not available in main clauses. Subordinate clauses involving reported speech (e.g. _He said that the woman chases the man._) should be disregarded.""",,4,https://grambank.clld.org/parameters/GB134,GB134,"The term ""main clause"" seems to correspond to the Grammaticon concept ""independent clause"". The closest counterpart of ""basic word order"" in the Grammaticon is ""dominant order"".",
665,Can standard negation be marked clause-finally?,"(By Hannah J. Haynie): ""This feature refers to standard negation, or the construction(s) that mark negation of (at least) dynamic (i.e. non-stative) verbal predicates in declarative mood. It is possible that the same negation construction will be used for other purposes as well (e.g. with stative or non-verbal predicates), but clauses involving predicates other than the aforementioned dynamic verbal predicates in declarative mood should be disregarded. ❡ 

The position ‘clause-final’ includes suffixes on verbs in verb-final clauses, even if they are not the very last suffix on the verb. Prefixes on clause-final verbs do not count as clause-final negation. If a negator consists of two obligatory elements and only one is clause-final, this is sufficient to count as clause-final marking and trigger a 1 for this feature. As with other word order features in this dataset, we are concerned with the order of the negative marker when the clause has its canonical intransitive or transitive word order. We are not interested in cases of argument omission or pragmatically marked constructions (e.g. focus); these should be disregarded in coding this feature.""",,4,https://grambank.clld.org/parameters/GB137,GB137,"Instead of ""canonical order"", the Grammaticon has ""dominant order"".",
666,Can standard negation be marked clause-initially?,"(By Hannah J. Haynie): ""This feature focuses on standard negation, or the construction(s) that mark negation of (at least) dynamic (i.e. non-stative) verbal predicates in declarative mood. It is possible that the same negation construction will be used for other purposes as well (e.g. with stative or non-verbal predicates), but clauses involving predicates other than the aforementioned dynamic verbal predicates in declarative mood should be disregarded. ❡ 

The position ‘clause-initial’ includes prefixes on clause-initial verbs, even if the negator is not the left-most prefix, but suffixes on clause-initial verbs do not count as clause-initial negation. If the negator consists of two obligatory elements and only one is clause-initial, this is sufficient to count as clause-initial negation and to trigger a 1 for this feature. As with other word order features in this dataset, we are concerned with the order of the negative marker when the clause has its canonical intransitive or transitive word order. We are not interested in cases of argument omission or pragmatically marked constructions (e.g. focus); these should be disregarded in coding this feature.""",,4,https://grambank.clld.org/parameters/GB138,GB138,"Instead of ""canonical order"", the Grammaticon has ""dominant order"".",
667,Is there a morpho-syntactic distinction between predicates expressing controlled versus uncontrolled events or states?,"(By Jakob Lesage): ""In a number of languages, predicates referring to uncontrolled events or states happening to animate participants are encoded differently from those that refer to controlled events. Often, such a distinction surfaces in predicates referring to sensations (such as hunger, thirst, pain, cold, cramps, sleepiness, etc.), emotions (anger, happiness), or cognitive states (forgetting, remembering). These uncontrolled predicates may be found in specialized constructions, including different case frames (‘sleep hits me’), special conjugation classes of verbs or adjectives, dedicated (modal) markers for control vs. non-control, etc. Other terms that may be used in the literature are non-volitional, non-agentive, non-volitive or involuntary. Note that we are not interested in how stative events with inanimate experiencers are coded: their coding is irrelevant, whether they show distinctions with controlled events or states or not. The existence of verbal derivations such as passive or causative does not count here. At least three different predicates should show a special kind of construction to code 1 for this feature.""",,4,https://grambank.clld.org/parameters/GB146,GB146,,
668,Is there a morphologically marked inverse on verbs?,"(By Jakob Lesage): ""Inverse systems are based on an animacy, person, or topicality hierarchy. Inverse markers indicate that the patient outranks the agent on the hierarchy. In a system that has a hierarchy [speech act participants > 3SG pronouns > humans > animals, etc.], for example, ‘man INV-bite dog’ would mean ‘the dog bit the man’. Note that in some languages, there are portmanteau morphemes that both function as person indexes on verbs and as direct/inverse markers. They would trigger 1 for this question. This feature targets phonologically bound inverse markers.""",,4,https://grambank.clld.org/parameters/GB149,GB149,,
669,Is there clause chaining?,"(By Hannah J. Haynie): ""Clause-chaining involves sequences of medial clauses (i.e. formally reduced or restricted clauses that do not have the full marking that usually occurs on the verb) which are dependent on a single, fully inflected verb that often (but not always) occurs in final clause. Clause chains may also be referred to as topic chains or as sequences of medial clauses/medial verbs. Crucially, this construction involves a single clause with a full, unrestricted, finite verb form and medial clauses that are dependent on it for specification of inflectional categories (e.g. TAM). ❡ 

Clause chains are often used to describe sequences of events, and the medial verbs involved may be marked by special affixes to indicate temporal relationships. Clause chains may also include markers of switch reference. Medial verbs in some languages may be marked in the usual way for person/number of their arguments, though they generally lack some other canonical verbal inflection or involve specific marked verb forms that cannot be used in freestanding clauses.  ❡ 

There is considerable debate regarding the syntax of clause chaining generally and within individual languages. This construction is not merely a series of juxtaposed minimal clauses, as it requires dependency on one fully specified clause for full interpretation. It is also not straightforwardly a series of subordinated clauses (as in the series of temporal adjuncts in English, Before he ate, while he was cooking the soup, he added salt.). The syntactic relationship between clauses in clause chains is often described as a special type of coordination or a form of cosubordination.  ❡ 

In some cases clause-chaining may be difficult to distinguish from serial verb constructions. Remember that a serial verb construction involves a set of verbs or verb phrases that function as a single predicate, whereas clause-chaining involves a set of clauses with formally reduced verbs, all dependent on a single fully specified verb form. Clause-chaining is also different from verb compounding in that the clauses in clause chaining are phonologically independent and express separate propositions, which is not the case for verb compounding. In cases where it is unclear which of these constructions is represented by the examples in the grammar, a ? may be coded, but be sure to indicate in the comments that you were unable to determine which of these constructions is demonstrated in the relevant examples.""",,4,https://grambank.clld.org/parameters/GB150,GB150,,
670,"Is there an overt verb marker dedicated to signalling coreference or noncoreference between the subject of one clause and an argument of an adjacent clause (""switch reference"")?","(By Hannah J. Haynie): ""Is there an overt marker on the verb that marks whether the argument has the same/a different referent as/than an argument of the following clause? Some languages (e.g. Kashaya) signal switch reference by using different allomorphs of TAM markers depending on whether the subject of the following clause is the same or different. Some systems (e.g. Southeastern Pomo) only have special morphology to indicate different subjects, whereas the contrasting morphological pattern that is used for coreferential subjects can also be used for some combinations of clauses with different referents.""",,4,https://grambank.clld.org/parameters/GB151,GB151,,
671,Is there a morphologically marked distinction between simultaneous and sequential clauses?,"(By Hannah J. Haynie): ""This question is concerned with whether there is an overt marker dedicated to signaling the distinction between temporally simultaneous and sequential actions. If sequential meaning is a secondary function of an imperfective aspect this does not count; it must be indicated by a devoted marker. The language does not need to express both sequential and simultaneous temporal relationships overtly; one marker devoted to either function is sufficient to trigger a 1.""",,4,https://grambank.clld.org/parameters/GB152,GB152,,
672,Is there a causative construction involving an element that is unmistakably grammaticalized from a verb for 'to say'?,"(By Jakob Lesage): ""A causative is a valency increasing operation that introduces a causer subject that makes a non-subject argument do or become something (e.g. ‘x eats’ -> ‘y feeds x’ = ‘y causes x to to eat’). Both causatives adding an argument to a transitive clause (I drink milk -> x causes me to drink milk) and those adding an argument to an intransitive clause (I sit -> x causes me to sit) are included in this feature. This question targets causative constructions with an element that clearly originated as a verb for ‘to say’ (e.g. I said for the stone to fall to mean ‘I made the stone fall’). Various verbs of saying count for this feature, including ‘to say’, ‘to speak’ and ‘to call’. If another verb is involved that cannot be easily translated as ‘to say’, e.g. ‘ask’, code 0 but mention the verb in the comments.""",,4,https://grambank.clld.org/parameters/GB156,GB156,,
673,Are verbs reduplicated?,"(By Jakob Lesage): ""A verb is reduplicated if its root is fully or partially repeated. The word class of the outcome of the process is not relevant, as long as the root is a verb. Full repetition of already inflected verbs or units larger than a root does not trigger a 1 for this feature. This feature only targets productive reduplication. Reduplication in closed classes (e.g. only a small, closed conjugation class) is not relevant. Lexicalized examples are irrelevant.""",,4,https://grambank.clld.org/parameters/GB158,GB158,"When the verb root is fully copied, the two elements need to occur adjacent to each other. This is part of the Grammaticon definition of ""reduplication"", and maybe it is implicit here.",
674,Are nouns reduplicated?,"(By Jakob Lesage): ""A noun is reduplicated if its root is fully or partially repeated. The word class of the outcome of the process is not relevant, as long as the root is a noun. Full repetition of already inflected nouns or units larger than a root does not trigger a 1 for this feature. This feature only targets productive reduplication. Reduplication in closed classes (e.g. kinship terms) is not relevant. Lexicalized examples are irrelevant.""",,4,https://grambank.clld.org/parameters/GB159,GB159,"When the noun root is fully copied, the two elements need to occur adjacent to each other. This is part of the Grammaticon definition of ""reduplication"", and maybe it is implicit here.",
675,Are elements apart from verbs or nouns reduplicated?,"(By Jakob Lesage): ""A lexeme is reduplicated if its root is fully or partially repeated. The word class of the outcome of the process is not relevant, as long as the root is not a noun or a verb. Reduplication of function words counts, as does reduplication of numerals, adjectives and adverbs. Full repetition of already inflected words or units larger than a root does not trigger a 1 for this feature. This feature only targets productive reduplication. Lexicalized examples are irrelevant. For open word classes, this means that reduplication should not be limited to a small set of lexically determined roots. For closed word classes, any transparent reduplication counts as long as the non-reduplicated root is also still used. Roots that only occur in their reduplicated form should be considered lexicalized reduplications.""",,4,https://grambank.clld.org/parameters/GB160,GB160,"""Lexemes"" are always based on roots in the Grammaticon, and roots are either noun roots, verb roots, or adjective roots. Thus, ""function words"" (=clitics) cannot exhibit ""root repetition"", but reduplication is possible for clitics, too.",
676,Is there productive morphological trial marking on nouns?,"(By Hedvig Skirgård): ""This question concerns a bound grammatical marker of trial number on nouns. The marker should occur with an open set of nouns, not with a restricted set. This feature contrasts with GB319 Is trial number regularly marked in the noun phrase by a phonologically free element? which focuses on the non-bound marking of trial number. For more on bound marking, please see this page. Bound marking of number on nouns derived from other word classes (such as adjectives or verbs) does not suffice for a 1. ❡

Number marking is often fused with marking of other categories, such as definiteness/specificity or gender/noun class. It is possible for the number marker to also signal other functions and be coded as 1, as long as these other functions do not interfere with the number distinctions and as long as number marking is productive and regular. ❡

It can be difficult to determine how obligatory markers of dual, trial and paucal number are since they can often be replaced by plural number marking. If the grammar writers describe the marker as denoting grammatical number and there are several examples, this suffices. ❡

The trial marker may be similar to the numeral for ‘three’, but it is crucial that it is used in a similar morphosyntactic manner to other number markers in the language.""",,4,https://grambank.clld.org/parameters/GB165,GB165,,
677,"Can the verb carry a marker of animacy of argument, unrelated to any gender/noun class of the argument visible in the NP domain?","(By Alena Witzlack-Makarevich): ""Does the animacy of an argument (S or A or P) determine the form or presence of an index on the verb. This system of marking needs to be unrelated to or not reducible to the gender/noun class system as revealed by agreement in the noun phrase.""",,4,https://grambank.clld.org/parameters/GB177,GB177,,
678,Can an article agree with the noun in number?,"(By Jeremy Collins and Jay Latarche): ""An article is a marker that accompanies the noun and expresses notions such as (non-)specificity and (in)definiteness. When an article is marked for number, this counts as agreement even if the head noun is not overtly marked for number. This includes both definite and indefinite articles.""",,4,https://grambank.clld.org/parameters/GB186,GB186,,
679,Can an adnominal numeral agree with the noun in gender/noun class?,"(By Jeremy Collins and Jay Latarche): ""For this feature, we are interested in gender/noun classes (classes which nouns belong to based upon properties such as gender, animacy, or shape and can be identified through agreement with a modifier). We are not looking at noun classifiers (GB057) (classifiers classify the noun and occur independently from other elements). This feature asks whether adnominal numerals show agreement with the gender of nouns they modify. This system of agreement should be productive. ❡

If only the numeral ""one"" shows this agreement, that is sufficient.""",,4,https://grambank.clld.org/parameters/GB198,GB198,,
680,Can comparatives be expressed using two conjoined clauses?,"(By Hannah J. Haynie): ""Is there a comparative construction comprised of two conjoined clauses? Specifically, this construction must involve two conjoined clauses, one containing the standard of comparison and one containing the object of comparison, with no additional, obligatory, special markers of comparison (e.g. English than, or surpass/exceed). The NPs expressing the standard and object of comparison typically have the same function in the clauses. Note that many languages can juxtapose clauses (e.g. English She is nice and he is not nice.), however these sorts of constructions should only be considered for this feature when they are a dedicated way of expressing comparative meaning (e.g. when the structure clearly has a meaning like, ‘She is nicer than he is.’). In other words, we are focused on languages that have a dedicated comparative construction involving conjoined clauses.""",,4,https://grambank.clld.org/parameters/GB270,GB270,,
681,Is there a non-bound comparative degree marker modifying the property word in a comparative construction?,"(By Hannah J. Haynie): ""This feature focuses on the presence of a phonologically free marker of comparative degree that modifies the property word in a comparative construction (e.g. French plus grand). We specifically focus on comparative constructions where the standard of comparison is overtly expressed (e.g. meanings like ‘Maria is taller than John’) but also count clearly comparative forms where the standard of comparison is null/implied/inferred from the context (e.g. meanings like ‘Maria is taller’). The comparative constructions of interest express superiority (as in the French and English examples above), not inferiority (e.g. meanings like ‘John is less athletic than Maria’). ❡ 

This feature requires that the degree marker modify the property word. It should not be phonologically bound.""",,4,https://grambank.clld.org/parameters/GB276,GB276,,
682,Can polar interrogation be marked by a question particle and verbal morphology?,"(By Jeremy Collins and Jay Latarche): ""For this feature, we are looking for polar interrogation marked by a question particle and verbal morphology. These should be the only two markers in the construction. However, this does not have to be the only construction in the language which can mark polar interrogation. Nominalizers also count as verbal morphology for the purpose of this question. Tone does not count as a particle here. The intonation of the clause is not relevant to this question. It may be the same as or different from declarative clauses.""",,4,https://grambank.clld.org/parameters/GB285,GB285,,
683,Can polar interrogation be marked by tone?,"(By Jeremy Collins and Jay Latarche): ""This feature deals with the presence or absence of a construction where the only difference between the interrogative and the declarative is marked by tone. Please note that tone is the focus here, not intonation. Tonal marking is bound to a certain position in the clause (e.g. the final syllable, or a certain constituent). Intonation concerns the whole clause and will have a variation in pitch across sentences and phrases.""",,4,https://grambank.clld.org/parameters/GB291,GB291,,
684,Is there a phonologically or morphosyntactically definable class of ideophones that includes ideophones depicting imagery beyond sound?,"(By Jakob Lesage): ""Ideophones are marked words that depict sensory imagery, e.g. glimmer, twiddle, tinkle. In some languages, ideophones may have different morphosyntactic characteristics from other word classes (e.g. they have different morphology, or they have no morphology at all while other classes do; or they may be extremely free when it comes to word order, in comparison to other words). They may also feature sounds that are not present anywhere else in the language. Every language probably has ideophones, but not every language has a very well defined class of ideophones.""",,4,https://grambank.clld.org/parameters/GB296,GB296,,
685,Can polar interrogation be indicated by a V-not-V construction?,"(By Jeremy Collins and Jay Latarche): ""This feature concerns polar interrogative constructions where the main verb is repeated, once in the affirmative form and again in the negated form, as a pragmatically unmarked way of asking questions. The negated form can also occur before the affirmative form.""",,4,https://grambank.clld.org/parameters/GB297,GB297,,
686,"Can standard negation be marked by an inflecting word (""auxiliary verb"")?","(By Hedvig Skirgård): ""This feature refers to Standard Negation, i.e. the constructions that mark negation of (at least) dynamic (not-stative) verbal predicates in declarative mood. This question aims to capture phonologically free markers that inflect (i.e. change form depending on TAM, person, number and other categories of the core arguments). These inflecting phonologically free markers are often described as ‘auxiliary verbs’ in the literature, but are also analyzed under other labels by some authors (such as STAMP morphemes (STAM = Subject-Tense-Aspect-Mood-Polarity) or inflecting pronouns). We are interested in grammatical marking, i.e. dedicated, productive and obligatory marking.""",,4,https://grambank.clld.org/parameters/GB298,GB298,,
687,"Can standard negation be marked by a non-inflecting word (""auxiliary particle"")?","(By Hedvig Skirgård): ""This feature refers to Standard Negation, i.e. the constructions that mark negation of (at least) dynamic (not-stative) verbal predicates in declarative mood. This question aims to capture phonologically free markers that do not inflect (i.e. change form depending on TAM, person, number and other categories of the core arguments). These markers are often described as particles in the literature, but are also analyzed under other labels. We are interested in grammatical marking, i.e. dedicated, productive and obligatory marking. ❡ 

This particle does not have to be the sole marker of negation. There may be other markers in the language or the marker may be accompanied by other markers within the same construction. For example, the particle may be part of a double negation construction including both an affix and a particle.""",,4,https://grambank.clld.org/parameters/GB299,GB299,,
688,"Is there a phonologically free passive marker (""particle"" or ""auxiliary"")?","(By Jakob Lesage): ""Passivization is a valency reducing operation that takes a transitive clause (The dog bites the man.) and turns it into an intransitive clause by promoting the P argument (the man) to morphosyntactic S function. In the resulting intransitive clause, the former A argument (the dog) either vanishes or adopts an oblique function: The man is bitten (by the dog). ‘Mediopassives’, ‘anticausatives’ and the sort (e.g. x breaks the vase > the vase breaks) also count as passives. This question targets phonologically independent particles or auxiliaries marking passive clauses.""",,4,https://grambank.clld.org/parameters/GB302,GB302,"In the Grammaticon, ""passive"" is defined with respect to passive affixes.",
689,"Is there a phonologically free antipassive marker (""particle"" or ""auxiliary"")?","(By Jakob Lesage): ""An antipassive marker detransitivizes verbs by removing the P argument or realizing it as an oblique. In a construction with ergative alignment, this means that the A argument of a transitive clause is encoded as the S argument in a corresponding antipassive clause. An antipassive marker often also has other detransitivizing functions, such as reflexivization, reciprocal, passive, or anticausative. In practice, this feature targets any intransitivizing marker that is not, or not only, a reflexive, reciprocal, passive, or anticausative marker. This question targets phonologically independent particles or auxiliaries marking antipassive clauses.""",,4,https://grambank.clld.org/parameters/GB303,GB303,"In the Grammaticon, ""antipassive"" is defined with respect to passive affixes.",
690,Is there overt morphological marking on the verb dedicated to mood?,"(By Hedvig Skirgård): ""This question is concerned with phonologically bound marking on the verb that indicates grammatical mood. Grammatical mood is concerned with (1) the relationship between an event/state/action expressed in a clause and its actualization in reality (e.g. realis or irrealis) and/or (2) the speaker’s attitude towards the actualization of this event/state/action. This feature covers all grammatical moods, including declarative. The mood marker may be polysemous with other markers. ❡

There are instances where TAM can be expressed by a combination of an affix and auxiliary or particle. For example, some grammarians state that a mood is expressed by a certain form on the verbal root and an auxiliary. If this is a productive and obligatory way of expressing mood then such a construction triggers 1 for both this feature (GB312) and the features on free-standing mood marking (GB119 and/or GB519). If not all parts of the discontinuous marking are necessary for expressing a mood, then only consider the marking that is obligatory. ❡

While negation or interrogation can be considered grammatical moods, they are not covered by this feature.""",,4,https://grambank.clld.org/parameters/GB312,GB312,,
691,Are there special adnominal possessive pronouns that are not formed by an otherwise regular process?,"(By Hannah J. Haynie): ""This feature identifies phonologically independent possessive pronouns that are not formed by the application of regular possessive morphology or core case marking to more general pronominal forms. Instead, languages that qualify for a 1 code for this feature form at least some possessive pronouns through some process other than the usual possessive marking, or, frequently, with suppletive forms. Note that special adnominal possessive pronouns are most commonly found in the first and second person. ❡

To qualify as ‘special adnominal possessive pronouns’, the possessive pronouns must not be identical to the pronominal forms used for core arguments. It is not necessary for the possessive pronouns to be dedicated solely to the function of possession, provided that the criteria above are satisfied.""",,4,https://grambank.clld.org/parameters/GB313,GB313,,
692,Can diminutive meaning be expressed productively by a shift of gender/noun class?,"(By Jeremy Collins and Jay Latarche): ""Can diminutive function (i.e. smaller size) be marked by a shift of noun class? We are looking for morphemes in the sentence which vary depending on the noun used, and whether one of these morphemes can be used to change the meaning of a noun by adding the meaning ‘small’. This needs to be a productive pattern. Diminutive function often also entails other meanings, but it needs to minimally encode smaller size.""",,4,https://grambank.clld.org/parameters/GB315,GB315,,
693,Is singular number regularly marked in the noun phrase by a dedicated phonologically free element?,"(By Hedvig Skirgård): ""This question concerns regular marking of singular number in the noun phrase by a marker that is not bound to the noun, but free-standing. The marker should occur with an open set of nouns, not with a restricted set. This feature contrasts with GB042 Is there a productive overt morphological singular marker on nouns?, which focuses on the bound marking of singular number. (For more on wordhood and bound marking, please see this page.) ❡ 

Number marking is often fused with marking of other categories, such as definiteness/specificity or gender/noun class. It is possible for the number marker to also signal other functions and still be coded as 1, as long as these other functions do not interfere with the number distinctions and as long as number marking is productive and regular.""",,4,https://grambank.clld.org/parameters/GB316,GB316,"""Phonologically free"" typically corresponds to the Grammaticon's ""free form"", but not necessarily. A singular marker cannot be a free form because a marker is a bound form by definition, but it could be a clitic and written separately.",
694,Is dual number regularly marked in the noun phrase by a dedicated phonologically free element?,"(By Hedvig Skirgård): ""This feature intends to capture dual marking with an open set of nouns, not with a restricted set. Nouns derived from adjectives or verbs are not relevant. This feature contrasts with GB043 Is there a productive morphological dual marker on nouns? which focuses on bound marking of dual number. ❡

Number marking is often fused with marking of other categories, such as definiteness/specificity or gender/noun class. It is possible for the number marker to also signal other functions and still be coded as 1, as long as these other functions do not interfere with the number distinctions and as long as number marking is productive and regular. ❡ 

It can be difficult to determine how obligatory markers of dual, trial and paucal number are since they can often be replaced by plural number marking. If the grammar writers describe the marker as denoting grammatical number and there are several examples, this suffices.""",,4,https://grambank.clld.org/parameters/GB317,GB317,,
695,Is plural number regularly marked in the noun phrase by a dedicated phonologically free element?,"(By Hedvig Skirgård): ""This question concerns regular marking of plural number in the noun phrase by a marker that is not bound to the noun but free-standing. This marker should occur with an open set of nouns, not with a restricted set. This feature contrasts with GB044 Is there a productive morphological plural marker on nouns? which focuses on bound marking of plural number. For more on wordhood and bound marking, please see this page. ❡ 

Number marking is often fused with marking of other categories, such as definiteness/specificity or gender/noun class. It is possible for the number marker to also signal other functions and still be coded as 1, as long as these other functions do not interfere with the number distinctions and as long as number marking is productive and regular.""",,4,https://grambank.clld.org/parameters/GB318,GB318,,
696,Is trial number regularly marked in the noun phrase by a dedicated phonologically free element?,"(By Hedvig Skirgård): ""This question concerns regular marking of trial number in the noun phrase by a marker that is not bound to the noun, but free-standing. The marking should occur with an open set of nouns, not with a restricted set. This feature contrasts with GB165 Is there a productive morphological trial marker on nouns? which focuses on the bound marking of trial number. For more on wordhood and bound marking, please see this page. ❡

Number marking is often fused with marking of other categories, such as definiteness/specificity or gender/noun class. It is possible for the number marker to also signal other functions and still be coded as 1, as long as the other functions do not interfere with the number distinction and as long as number marking is productive and regular. ❡

It can be difficult to determine how obligatory markers of dual, trial and paucal number are since they can often be replaced by plural number marking. If the grammar writers describe the marker as denoting grammatical number and there are several examples, this suffices.""",,4,https://grambank.clld.org/parameters/GB319,GB319,,
697,Is paucal number regularly marked in the noun phrase by a dedicated phonologically free element?,"(By Hedvig Skirgård): ""This question concerns regular marking of paucal number in the noun phrase by a marker that is not bound to the noun but free-standing. This marker should occur with an open set of nouns, not with a restricted set. This feature contrasts with GB166 Is there a productive morphological paucal marker on nouns?) which focuses on bound marking of paucal number. For more on wordhood and bound marking, please see this page. ❡

Number marking is often fused with marking of other categories, such as definiteness/specificity or gender/noun class. It is possible for the number marker to also signal other functions and still be coded as 1, as long as these other functions do not interfere with the number distinctions and as long as number marking is productive and regular. ❡

It can be difficult to determine how obligatory markers of dual, trial and paucal number are since they can often be replaced by plural number marking. If the grammar writers describe the marker as denoting grammatical number and there are several examples, this suffices.""",,4,https://grambank.clld.org/parameters/GB320,GB320,,
698,"Is there an interrogative verb for content interrogatives (who?, what?, etc.)?","(By Hannah J. Haynie): ""Interrogative verbs are verbs that include a semantic wh-element. In other words, the semantic content of interrogative verb roots includes an element equivalent to a content question, with meanings such as, ‘to do what’ or ‘to be who’. The wh-element must behave like a verb in the language. In English, for example, it would require regular verbal morphology, as in, You what-ed yesterday? (meaning, ‘what did you do yesterday?’). The feature does not include verbs of asking (e.g. English ask, inquire) or interrogative forms created through affixation of interrogative markers to non-interrogative verb roots.""",,4,https://grambank.clld.org/parameters/GB324,GB324,,
699,Can adnominal possession be marked by a prefix on the possessed noun?,"(By Hannah J. Haynie): ""This feature targets a specific type of adnominal possessive construction, namely one where possession is marked by a prefix or proclitic on the possessed noun. In some cases, the morpheme that marks possession indexes agreement categories of the possessor. Crucially, the possession must be marked by an element that precedes and is phonologically bound to the possessed noun.""",,4,https://grambank.clld.org/parameters/GB431,GB431,,
700,Can adnominal possession be marked by a suffix on the possessed noun?,"(By Hannah J. Haynie): ""This feature targets a specific type of adnominal possessive construction, namely one where possession is marked by a suffix or enclitic on the possessed noun. In some cases, the possessive suffix indexes agreement categories of the possessor. Crucially, the possession must be marked by a phonologically bound element that follows and is phonologically bound to the possessed noun.""",,4,https://grambank.clld.org/parameters/GB433,GB433,,
701,"Can mood be marked by a non-inflecting word (""auxiliary particle"")?","(By Hedvig Skirgård): ""This feature covers all grammatical moods (the relationship between the referred event/state/action and reality and/or speakers' attitude toward what they are saying) and aims to capture phonologically free elements that do not inflect (i.e. do not change form depending on person, number and other categories of the core arguments). These markers are often described as ‘particles' in the literature, but are also analyzed under other labels. We are interested in grammatical marking, i.e. dedicated, productive and obligatory marking. ❡ 

There are instances where TAM can be expressed by a combination of an affix and auxiliary or particle. For example, some grammarians state that a mood is expressed by a certain form on the verbal root and an auxiliary. If this is a productive and obligatory way of expressing mood then such a construction triggers 1 for both this feature (GB519) and the feature on bound mood marking (GB312). If not all parts of the discontinuous marking are necessary for expressing a mood, then only consider the marking that is obligatory. ❡

While negation or interrogation can be considered as grammatical moods, they are not included in this feature.""",,4,https://grambank.clld.org/parameters/GB519,GB519,"In the Grammaticon, ""auxiliary"" is defined with respect to person indexing, so there is nothing that corresponds to ""auxiliary particles"".",
702,"Can aspect be marked by a non-inflecting word (""auxiliary particle"")?","(By Hedvig Skirgård): ""This feature covers all grammatical aspects (internal temporal constitution of event/action/state) and aims to capture phonologically free elements that do not inflect (i.e. change form depending on person, number and other categories of the core arguments). These markers are often described as ‘particles’ in the literature, but are also analyzed under other labels. We are interested in grammatical marking, i.e. dedicated, productive and obligatory marking. ❡

There are instances where TAM can be expressed by a combination of an affix and auxiliary or particle. For example, some grammarians state that an aspect is expressed by a certain form on the verbal root and an auxiliary. If this is a productive and obligatory way of expressing mood then such a construction triggers 1 for both this feature (GB520) and the feature on free-standing mood marking (GB086). If not all parts of the discontinuous marking are necessary for expressing the aspect, then only consider the marking that is obligatory.""",,4,https://grambank.clld.org/parameters/GB520,GB520,,
703,"Can tense be marked by a non-inflecting word (""auxiliary particle"")?","(By Hedvig Skirgård): ""This feature covers all tenses (present, past and future) and aims to capture phonologically free elements that do no inflect (i.e. do not change form depending on person, number and other categories of the core arguments). These markers are often described as ‘particles’ in the literature, but are also analyzed under other labels. We are interested in grammatical marking, i.e. dedicated, productive and obligatory marking. This means that words such as ‘tomorrow’ and ‘yesterday’ do not qualify as productively marking future and hesternal past. ❡ 

There are instances where TAM can be expressed by a combination of an affix and auxiliary or particle. For example, some grammarians state that tense is expressed by a certain form on the verbal root and an auxiliary. If this is a productive and obligatory way of expressing mood then such a construction triggers 1 for both this feature (GB521) and the features on bound mood marking (GB082/GB083/GB084). If not all parts of the discontinuous marking are necessary for expressing a tense, then only consider the marking that is obligatory.""",,4,https://grambank.clld.org/parameters/GB521,GB521,,
705,Markers for ‘specific known’,"""The referent is specific and known to the speaker (e.g. ‘I met someone yesterday at the workshop. We agreed to meet again tomorrow.’)""",,11,https://crossgram.clld.org/parameters/haspelmathindefpro-l-specific-known,l-specific-known,,40
706,Markers for ‘specific unknown’,"""The referent is specific but not known to the speaker (e.g. ‘Unfortunately, I lost my purse somewhere in the shopping centre.’)""",,11,https://crossgram.clld.org/parameters/haspelmathindefpro-l-specific-unknown,l-specific-unknown,,40
707,Markers for ‘irrealis non-specific’,"""The referent is non-specific, occurring only in some imagined mental space (e.g. ‘I hope that I will meet someone nice at the party.’)""",,11,https://crossgram.clld.org/parameters/haspelmathindefpro-l-irrealis-nsp,l-irrealis-nsp,,40
708,Markers for ‘question’,"""The indefinite pronoun occurs in a question (e.g. ‘Did you meet someone interesting at the workshop?’)""",,11,https://crossgram.clld.org/parameters/haspelmathindefpro-l-question,l-question,,40
709,Markers for ‘conditional’,"""The indefinite pronoun occurs in a subordinate conditional clause (e.g. ‘If you meet someone interesting at the workshop, you will be lucky.’)""",,11,https://crossgram.clld.org/parameters/haspelmathindefpro-l-conditional,l-conditional,,40
710,Markers for ‘indirect negation’,"""The indefinite pronoun is in the scope of negation, but not of the same clause (e.g. ‘I do not expect that any of our friends will be there.’)""",,11,https://crossgram.clld.org/parameters/haspelmathindefpro-l-indirect-negation,l-indirect-negation,,40
711,Markers for ‘direct negation’,"""The indefinite pronoun is in the scope of negation within the same clause (e.g. ‘I did not meet any of our friends there.’)""",,11,https://crossgram.clld.org/parameters/haspelmathindefpro-l-direct-negation,l-direct-negation,,40
712,Markers for ‘comparative’,"""The indefinite pronoun occurs in the standard of a comparative construction (e.g. ‘Our guest was more interesting than any of our old friends.’)""",,11,https://crossgram.clld.org/parameters/haspelmathindefpro-l-comparative,l-comparative,,40
713,Markers for ‘free choice’,"""The indefinite pronoun indicates free choice (e.g. ‘Anyone can come to my birthday party, and they can bring anything’.)""",,11,https://crossgram.clld.org/parameters/haspelmathindefpro-l-free-choice,l-free-choice,,40
714,How many levels of distance do (notionally) adnominal demonstratives have?,"(By David Inman and Marine Vuillermet): ""This is the same feature formulated as Chapter 41 in WALS (Diessel 2013) and as NP305 in SAILS (Krasnoukhova 2016). ❡

It is important to note that this feature only documents the number of distinctions made, and not other information which may be relevant to that number. For example, languages may differ in the number of deictic centers present in a system: i.e. distance from one deictic center: near (to the speaker) vs far (from the speaker); or distance from two deictic centers: near the speaker vs near the addressee vs far from both.""",,9,https://atlas.evolvinglanguage.ch/parameters/Dem-01,Dem-01,,
715,Do (notionally) adnominal demonstratives distinguish between visible and invisible entities?,"(By David Inman and Marine Vuillermet): ""In some languages, demonstratives additionally distinguish evidential or epistemic properties, the most common being between seen (or directly experienced) and unseen (or indirectly experienced) objects. This epistemic/evidential property can be described as a visible/invisible or a present/absent distinction. This feature considers all of these to be typologically similar and categorizes this set of properties as a visible/invisible distinction. This is designed to be compatible with the formulation made in NP306 in SAILS (Krasnoukhova 2016).""",,9,https://atlas.evolvinglanguage.ch/parameters/Dem-02,Dem-02,,
716,Do (notionally) adnominal demonstratives distinguish position in space or posture of the entity?,"(By David Inman and Marine Vuillermet): ""Examples of posture are properties like lying, standing, sitting, hanging, and so on. For the associated “position in space” property the concept has to be distinct from distance (e.g., “in the air” or “on the water”). This feature is designed to be compatible with the formulation made in NP308 in SAILS (Krasnoukhova 2016).""",,9,https://atlas.evolvinglanguage.ch/parameters/Dem-03,Dem-03,,
717,Do (notionally) adnominal demonstratives distinguish movement of the entity?,"(By David Inman and Marine Vuillermet): ""In some languages, demonstratives can also encode movement, such as movement toward or away from the speaker, general motion, or passing by something. This feature is designed to be compatible with the formulation made in NP309 in SAILS (Krasnoukhova 2016).""",,9,https://atlas.evolvinglanguage.ch/parameters/Dem-04,Dem-04,,
718,Do (notionally) adnominal demonstratives distinguish altitude?,"(By David Inman and Marine Vuillermet): ""In some languages, demonstratives can also indicate the altitude of the entity. This feature is strictly concerned with (relative) altitude and not posture such as ‘hang’. This feature is designed to be compatible with the formulation made in NP307 in SAILS (Krasnoukhova 2016).""",,9,https://atlas.evolvinglanguage.ch/parameters/Dem-05,Dem-05,,
719,To what lexical category do the stems of nominal attributive modifiers belong?,"(By David Inman): ""The possible syntactic categories are determined by reference to the noun and verb categories, which we assume to be distinguishable for every language. ❡

An <adjective> category is one whose members can be freely used to attributively modify nouns (but not verbs) and are somehow differentiated from both nouns and verbs....❡

A <modifier> category is one whose members can be freely used to attributively modify both nouns and verbs (i.e. they serve both the adjectival and adverbial functions). In some cases, modifiers can serve both functions without modification, and in others they are marked overtly for adjectival vs adverbial use.❡

An <adverb> category is one whose members are by default adverbs, and their adjectival use strictly requires derivational morphology. Only one such case was encountered, Trió. ❡

A <noun> category signifies that there is no syntactic differentiation between attributive nominal modifiers and nouns themselves. ❡

A <verb> category signifies that there is no syntactic differentiation between attributive nominal modifiers and verbs as a lexical category. We do not distinguish among the syntactic requirements for the verb category to be used attributively...""",,9,https://atlas.evolvinglanguage.ch/parameters/Attr-01,Attr-01,,
720,"If the answer to Attr-01 is <adjective> or <modifier>, is the adjective/modifier category an open or a closed class?","(By David Inman): ""This feature targets whether a language has a closed or open category of nominal attributives (<adjective> or <modifier>, as defined in Attr-01). Though a rare category, <modifier> is included with <adjective> because it is also a special lexical class which is syntactically marked as a modifier of nominals (just not only nominals). Many languages have a limited number of adjectives, and use other parts of speech (often verbs) for other attributive properties. If the adjective class was not mentioned in sources as being a limited set, we assumed during coding that the category was open...❡

In addition to having a small, closed category of adjectives, a language can have two adjective categories: one of which is closed, and one of which is open. In such languages, it is meaningful to refer to the adjective category as split into an open category and a closed category. An example of such a language is French [stan1290] (Indo-European; world), where a small class of adjectives occur before the noun they modify (mostly adjectives referring to the semantics of age, size, and sometimes value), while the much larger, open class of adjectives occur after the noun they modify. This is a mixed state, which we have called <open but>.""",,9,https://atlas.evolvinglanguage.ch/parameters/Attr-02,Attr-02,,
721,"If the answer to Attr-02 was <open but>, what is the basic word order for the second class of attributive Adjective and Noun?","(By David Inman): ""This feature only applies to languages which have two categories of adjectives. Sometimes, when this is the case, the closed class and the open class have different orders. The value of this feature can be compared with WO-02, which captures the word order for the open adjective class (if there are two).""",,9,https://atlas.evolvinglanguage.ch/parameters/Attr-03,Attr-03,,
723,WO-01: What is the word order for non-marked transitive clauses?,"(By David Inman): ""The definition of “basic” transitive clauses, for the purposes of this feature, is given in the What? section above, with details about specific types of problems in determining the basic word order given in the How? section.❡

The number of possible states for this feature is rather large and encompasses all claims about complete and partial word orders found in the grammars consulted for this survey. The partial word orders encountered during coding were V-first, V-last, and S-last (the latter only in Hanis, Frachtenberg 1922: 414). There are other conceivable partially restricted orders such as “O-last” or “S-first”, but these were not encountered....""",,9,https://atlas.evolvinglanguage.ch/parameters/WO-01,WO-01,,
724,What is the common and basic word order for Attributive and Noun?,"(By David Inman): ""The “attributive” category for this feature is described in the What? section above: the class of basic, qualificational property concepts, preferentially the category dedicated to modifying nouns, and preferentially the lexically open class. ❡

The definitions for this feature are by design mostly compatible with Dryer (2013c), from which we imported some data, with the exception of Dryer’s “internally-headed relative clauses”. While Dryer assigns these internally-headed relative clauses their own distinct state, we have narrowly focused on surface word order, and encoded such cases according to the order of the attributive element and the head noun. This decision belies a potential comparative problem: the order of a head noun and a direct attributive modifier (the be.beautiful(-ADJVZ) dog) is perhaps not directly comparative with a head noun and a verbal modifier which is inside a relative clause (the dog, which be.beautiful).""",,9,https://atlas.evolvinglanguage.ch/parameters/WO-02,WO-02,,
725,"What is the common and basic word order for Possessor (sometimes, ""genitive"") and Possessed (noun) for the open class of nouns?","(By David Inman): ""As described in the What? section, there may be different orders for different possession constructions and/or different noun possession classes. We code for the open class of nouns (sometimes called the alienable class), and if the relative frequencies of available constructions are known, we prefer the most common one. If only information about pronominal possession is available, then this feature is coded as unknown <?>. ❡

The state <no dominant order> refers to a single construction which has both orderings or when the grammar explicitly says that two constructions with different orders are equally common or basic. In cases where two different constructions exist for the default class with different orderings of possessor and possessed noun and there is no indication of which is more frequent or basic, we have opted to code this as <?>. ❡

Though the ordering of these constituents is largely determined by the surface structure, there are two particular types of constructions for which we believe <NA> and <?> values are most appropriate. These are constructions in which there is an intervening lexical head between the possessor and possessed nouns: clausal possessive constructions and classifier possessive constructions...""",,9,https://atlas.evolvinglanguage.ch/parameters/WO-03,WO-03,,
726,Is there a class of synchronically underived adjectival elements (lexemes)?,,,2,https://sails.clld.org/parameters/NP501,NP501,,
727,Which word class do (the majority of) words denoting DIMENSION belong to?,,,2,https://sails.clld.org/parameters/NP502,NP502,,
728,Which word class do (the majority of) words denoting AGE belong to?,,,2,https://sails.clld.org/parameters/NP503,NP503,,
729,Which word class do (the majority of) words denoting VALUE belong to?,,,2,https://sails.clld.org/parameters/NP504,NP504,,
730,What kind of adposition type is most dominant?,,,2,https://sails.clld.org/parameters/NP901,NP901,,
731,Is there agreement between adjective (property word) and the noun in the NP?,,,2,https://sails.clld.org/parameters/NP210,NP210,,
732,Is there agreement in NUMBER between adjective and noun?,,,2,https://sails.clld.org/parameters/NP211,NP211,,
733,Is there agreement in GENDER between adjective and noun?,,,2,https://sails.clld.org/parameters/NP212,NP212,,
734,Is there agreement in PHYSICAL PROPERTIES between adjective and noun?,,,2,https://sails.clld.org/parameters/NP213,NP213,,
735,Is there agreement between numeral and the noun in the NP?,,,2,https://sails.clld.org/parameters/NP220,NP220,,
736,Is there agreement in NUMBER between numeral and noun?,,,2,https://sails.clld.org/parameters/NP221,NP221,,
737,Is there agreement in GENDER between numeral and noun?,,,2,https://sails.clld.org/parameters/NP222,NP222,,
738,Is there a distinct category of dual for verbal agreement with a dual subject?,"""Dual is a grammatical number category that refers to two entities. In the case of agreement, dual is also marked on the verb. Agreement may be consistent for various kinds of nouns (e.g. animate and inanimate nouns) and pronouns... The value is ‘1’ if there is verbal agreement with dual subject in at least one of the possibilities mentioned above. The answer is ‘0’ if dual is marked only on the verb or only on the noun.""",,12,https://uralic.clld.org/parameters/UT001,UT001,,34
739,Is non-agreement in number between the nominal subject and verbal predicate possible?,"""In addition to instances where a verb agrees in number with the nominal subject, non-agreement may also be possible... The value is '1' if non-agreement can be attested. The value is '0' if non-agreement only involves agreement between a predicate and a quantity phrase acting as a nominal subject (2) and/or coordinated items (3).""",,12,https://uralic.clld.org/parameters/UT002,UT002,,34
740,Can finite verbs agree in number with the nominal object?,"""In addition to indexing the P argument on the verb a language may explicitly also mark the number of the object, as in Tundra Nenets (1). This question maps languages where such agreement is possible.""",,12,https://uralic.clld.org/parameters/UT003,UT003,,34
741,Can an adnominal property word agree with the noun in case?,"""This question asks whether adnominal property words can take the same case form as the nouns they modify, as in example (1). The adnominal property word roughly corresponds to the term adjective.""",,12,https://uralic.clld.org/parameters/UT004,UT004,,34
742,Are there cases that do not show agreement in terms of case?,"Adjectives used as adnominal modifiers may share some but not necessarily all categories with nouns. For instance, in Veps, the comitative head noun is preceded by an adnominal property word in the genitive form... In addition to languages that reveal non-agreement only in some parts of the paradigm (e.g. Veps), there are also languages that show no agreement between a modifier and a head noun, e.g., Mari (2).""",,12,https://uralic.clld.org/parameters/UT005,UT005,,34
743,Can adpositions be used to mark core verbal arguments?,"""Subjects and objects are usually necessary to complete the meaning of a verb, which is why they are called core arguments. In languages that have cases, the distinction between subject and object is typically revealed by case marking. The aim of this question is to find out whether adpositions can also be used to mark them.""",,12,https://uralic.clld.org/parameters/UT006,UT006,,34
744,Can adpositions be used to mark non-core/oblique verbal arguments?,"""The non-core/oblique verbal arguments are arguments that have a function other than that of S, A or P, e.g. they may encode the dative, locative, ablative, instrumental, comitative or some other function. This question asks whether adpositions can be used to mark such arguments.""",,12,https://uralic.clld.org/parameters/UT007,UT007,,34
745,Can non-finite clauses entail a special way for a core argument (S/A) marking?,"""Non-finite clauses can differ from finite clauses as regards core argument marking. For instance, in Meadow Mari, the genitive case can be used to mark S/A.""",,12,https://uralic.clld.org/parameters/UT008,UT008,,34
746,Can non-finite clauses entail a special way for a core argument (P) marking?,"""Can non-finite clauses entail a special way for a core argument (P) marking?""",,12,https://uralic.clld.org/parameters/UT009,UT009,,34
747,"Do characteristics of object referent (topicality, animacy, definiteness) influence object marking?","""The usage of case-marking for some objects and not for other objects is known as differential object marking (DOM). The aim of this question is to find out whether a language reveals differences in object marking conditioned by some characteristics (such as topicality, animacy, or definiteness) of an object. In Komi, definite inanimate objects may be unmarked (1a), whereas animate objects obligatorily take the accusative case (1b).""",,12,https://uralic.clld.org/parameters/UT010,UT010,,34
748,Does object marking correlate with aspectuality?,"""Although differential object marking (DOM) is generally based on hierarchies reflecting certain characteristics of an object (such as animacy, topicality, definiteness; see UT010), there are also languages that use DOM to convey aspectual nuances (e.g. perfectivity vs. imperfectivity) (Malchukov and Hoop 2011). In Estonian, the partitive object tends to receive imperfective/unbounded interpretation (1a), whereas the genitive object gets perfective/bounded interpretation (1b).""",,12,https://uralic.clld.org/parameters/UT011,UT011,,34
749,Does the marking of the object depend on the verb conjugation form?,"""The marking of the object may depend on a verb form (cf. UT010 and UT011), e.g. the imperative, impersonal or negative form of a verb may require an object in a particular case. In Estonian, the imperative verb form takes the object in the nominative (1a), whereas with negation the partitive marking is used (1b).""",,12,https://uralic.clld.org/parameters/UT012,UT012,,34
751,Adpositional phrase equivalent,,225,10,https://crossgram.clld.org/parameters/nicholsdiversity-5,5,,
752,Dependent marking in PP,,225,10,https://crossgram.clld.org/parameters/nicholsdiversity-6,6,,
753,Head marking in PP,,225,10,https://crossgram.clld.org/parameters/nicholsdiversity-7,7,,
754,Clausal dependent marking,,225,10,https://crossgram.clld.org/parameters/nicholsdiversity-8,8,,
755,Clausal head marking,,225,10,https://crossgram.clld.org/parameters/nicholsdiversity-9,9,,
757,Total dependent marking,,225,10,https://crossgram.clld.org/parameters/nicholsdiversity-11,11,,
758,Total head marking,,225,10,https://crossgram.clld.org/parameters/nicholsdiversity-12,12,,
759,Total floating marking,,225,10,https://crossgram.clld.org/parameters/nicholsdiversity-13,13,,
760,Dependent marking minus head marking,,225,10,https://crossgram.clld.org/parameters/nicholsdiversity-14,14,,
761,Overall marking complexity,,225,10,https://crossgram.clld.org/parameters/nicholsdiversity-15,15,,
762,Different classifiers for humans and animals,"""This feature indicates whether distinct numeral classifiers are used for people and animals. Southern Sinitic strictly differentiates them, whereas some Northern Mandarin dialects use a general classifier for both, potentially linked to the lack of obligatory classifiers in Altaic languages, the contact of which is responsible for the reduction of classifier inventories in Northwestern Mandarin dialects.""",,13,https://crossgram.clld.org/parameters/siniticbetween-humans-and-animal-classifiers,humans-and-animal-classifiers,,352
763,Modified-modifier order in animal gender marking,"""This refers to the head-initial word order ""animal-gender"" (e.g. ""chicken-male"" for rooster). This structure is found in Southern Sinitic varieties and is a strong areal trait of MSEA languages, contrasting with the Northern ""male-chicken"" order.""",,13,https://crossgram.clld.org/parameters/siniticbetween-modifier-order,modifier-order,,352
764,Post-verbal temporal adverb in VP,"""This feature involves placing temporal adverbs like ""first"" after the verb (e.g. ""go first"") rather than before it. This is a hallmark of Southern Sinitic varieties such as Cantonese and is highly characteristic of MSEA languages like Thai.""",,13,https://crossgram.clld.org/parameters/siniticbetween-post-verbal-temporal-adverb,post-verbal-temporal-adverb,,352
765,Post-adjectival degree adverb,"""This refers to placing the degree adverb after the adjective it modifies (e.g. ""good-very""). This head-initial order is a prominent feature in Wu dialects and some Southern varieties, mirroring structures found in MSEA languages.""",,13,https://crossgram.clld.org/parameters/siniticbetween-post-adjectival-degree-adverb,post-adjectival-degree-adverb,,352
766,V-DO-IO order in double object dative construction,"""This refers to the ditransitive word order ""Verb + Direct Object + Indirect Object"". This order is associated with Southern Sinitic and MSEA languages, contrasting with the Northern [V IO DO] or [V DO P IO] constructions.""",,13,https://crossgram.clld.org/parameters/siniticbetween-v-do-io-order,v-do-io-order,,352
767,Comparative construction: Standard-adjective,"""This refers to the ""Compare"" construction involving the order Marker-Standard-Adjective (e.g. bǐ tā gāo 'compare him tall'). This head-final pattern predominates in Northern Sinitic and correlates with the OV typology of Altaic languages.""",,13,https://crossgram.clld.org/parameters/siniticbetween-comparative-standard-adjective,comparative-standard-adjective,,352
768,Comparative construction: Surpass,"""This refers to the ""Surpass"" comparative construction (Adjective-Marker-Standard, e.g. gou1 gwo3 nei5 'tall surpass you'). This head-initial pattern is characteristic of Southern Sinitic and is a widespread areal feature of the MSEA region where the Sinitic comparative marker gwo ""Surpass"" has also spread to, such as in most Tai-Kadai languages.""",,13,https://crossgram.clld.org/parameters/siniticbetween-comparative-surpass,comparative-surpass,,352
769,‘Get/acquire’ > post-verbal modal of ability or possibility,"""This tracks the grammaticalization of a verb meaning 'get' (cognates of dé) into a post-verbal potential modal. It is a widespread feature in Sinitic but is most productive in the south, mirroring patterns found in many MSEA language groups.""",,13,https://crossgram.clld.org/parameters/siniticbetween-get-ability,get-ability,,352
770,‘Look/see’ > post-verbal marker of tentativity,"""This feature involves using the verb 'to see' after a (usually reduplicated) verb to express trying an action, also termed ""conative"" in some literature on auxiliary verb constructions. It is found in Central and Southeastern Sinitic and is common in both Altaic and MSEA languages.""",,13,https://crossgram.clld.org/parameters/siniticbetween-see-tentativity,see-tentativity,,352
771,Passive marker: ‘Give’,"""This refers to the use of the verb 'give' as a passive marker. This grammaticalization pathway is dominant in Southern coastal Sinitic varieties like Yue and Min, and appears in some neighbouring MSEA languages.""",,13,https://crossgram.clld.org/parameters/siniticbetween-passive-give,passive-give,,352
772,Passive marker: ‘Suffer/contact’,"""This refers to passive markers derived from verbs meaning 'suffer' or 'contact' (e.g. bèi). This type is prevalent in Central and Southwestern Sinitic and is also common in Tai-Kadai languages.""",,13,https://crossgram.clld.org/parameters/siniticbetween-passive-suffer,passive-suffer,,352
773,Post-VP ‘go’ as an associated motion marker,"""This describes the use of 'go' after a verb phrase to indicate purposive motion (e.g. ""buy things go""). This head-final structure is prevalent in Northern Sinitic and Altaic languages, contrasting with the resultative use of 'go' found in the south.""",,13,https://crossgram.clld.org/parameters/siniticbetween-post-vp-go,post-vp-go,,352
774,CLF-N construction in subject position with definite reference,"""This refers to a ""Classifier + Noun"" phrase functioning as a definite subject without a modifier like demonstrative or numeral. This function is largely confined to Southern Sinitic varieties like Cantonese and may be attributed to influence from Hmong languages.""",,13,https://crossgram.clld.org/parameters/siniticbetween-clf-n-constr,clf-n-constr,,352
775,Inclusive/exclusive distinction in first-person plural pronoun,"""This tracks the distinction between a first-person plural that includes the addressee and one that excludes them. This feature is found in Northern Sinitic and corresponds to distinctions made in Altaic languages like Tungusic and Mongolic.""",,13,https://crossgram.clld.org/parameters/siniticbetween-inclusive-exclusive,inclusive-exclusive,,352
776,Demonstrative as sentence subject,"""This feature indicates whether a demonstrative can stand alone as a sentence subject without a classifier. While common in Northern Sinitic, Altaic, and MSEA languages, many Southern Sinitic varieties require an obligatory classifier in this position.""",,13,https://crossgram.clld.org/parameters/siniticbetween-demonstrative-subject,demonstrative-subject,,352
777,Three-term (or more) demonstrative system,"""This refers to a demonstrative system with at least three distance contrasts (e.g. proximal, medial, distal). This is found in some Northwestern Mandarin dialects and is common in Turkic languages, whereas most Sinitic varieties only have a two-way distinction.""",,13,https://crossgram.clld.org/parameters/siniticbetween-3-term-dem-system,3-term-dem-system,,352
778,Different morphemes for ‘which’ and ‘who’,"""This tracks whether the interrogative pronouns for people and objects are distinct morphemes. Central and Southwestern Sinitic varieties often use a single morpheme (e.g. ""which one"") for both, a pattern resembling Hmong-Mien usage.""",,13,https://crossgram.clld.org/parameters/siniticbetween-which-vs-who,which-vs-who,,352
779,Different morphemes for plain negative and existential negative,"""This refers to the distinction between plain negation (""not"") and existential negation (""not have, exist""). Far Southwestern Sinitic varieties often use a single negative morpheme for both functions, matching the pattern in MSEA languages.""",,13,https://crossgram.clld.org/parameters/siniticbetween-plain-vs-existential-neg,plain-vs-existential-neg,"""Plain negation"" corresponds to the Grammaticon's ""standard negator"" (though the latter is still narrower).",352
780,Morphological case marking,"""This refers to the use of suffixes to mark grammatical case, such as accusative, datives, or ablative. This is a highly atypical feature for Sinitic, found only in the ""Amdo-Mandarin"" varieties in the northwest, resulting from intense contact with case-rich Altaic and Tibetic languages.""",,13,https://crossgram.clld.org/parameters/siniticbetween-morphological-case-marking,morphological-case-marking,,352
781,Verb doubling in temporal clauses,"(By Susanne Maria Michaelis and Martin Haspelmath): ""In some creole languages, a verb doubling construction can be used to express temporal adverbial clauses, and sometimes other types of subordinate clauses as well. An example from Haitian Creole is: Rive Jan rive (epi) Mari pati. ‘As soon as Jean arrived, Marie left.’ """,225,1,https://apics-online.info/parameters/99,99,,
783,Is there differential subject marking?,"""In addition to differential object marking (see UT010-UT012), languages may also show differential subject marking (DSM). In a broad sense, already a different case of a subject, or a different agreement or position of a subject counts as DSM; in a narrower sense, such differences ought to depend on the features of the subject in some way or other to be regarded as DSM (Woolford 2009:17). In Estonian, the nominative case may be used for identification or conveying a definite amount of something (1a), whereas the partitive case may be used to express an indefinite amount of something (1b).""",,12,https://uralic.clld.org/parameters/UT013,UT013,,34
784,Is there a grammatical device for frequentative?,"""The frequentative views the situation as being frequent during a certain period of time. Thus, it also includes the habitual meaning as the situation is characteristic to a certain period of time (cf. UT016). The aim of this question is to find out whether frequentativity can be expressed by other than lexical means. For instance, in Mansi and Hungarian, a derivational suffix is used...""",,12,https://uralic.clld.org/parameters/UT017,UT017,,34
785,Is there a grammatical device for habituality?,"""The habitual expresses an event or state as characteristic of a period of time. This question investigates whether a language has other than lexical means to express habituality. In Tundra Nenets, there is an inflectional marker to convey habituality (1), whereas in Mari a periphrastic device (compound past tense) is used (2). """,,12,https://uralic.clld.org/parameters/UT016,UT016,,34
786,Is there a grammatical device for progressivity?,"""The progressive views the situation “as ongoing at a single point in time, but it does not exhaustively localize the event” (Bertinetto et al. 2000: 527). Historically, progressives often have locative sources, and development into progressives has involved erosion of the locative meaning (e.g. Bybee et al. 1994). This question asks whether a language contains a dedicated means to express progressivity. Finnish and South Saami use a periphrastic construction that consists of an auxiliary 'be' + a non-finite verb form (in South Saami, the auxiliary verb may be dropped)...""",,12,https://uralic.clld.org/parameters/UT018,UT018,,34
787,Is it common to use a verb in the present tense for future time reference?,"""Future time reference (FTR) may be expressed in several ways. One option is to use the present tense form of the lexical verb and deduce the future meaning from the context. For example, a temporal adverb (such as 'tomorrow', 'next year') may give rise to a future reading; aspectual relations may also play a role. Usage of the present tense for FTR is common, for instance, in Hungarian...""",,12,https://uralic.clld.org/parameters/UT019,UT019,,34
788,Is there a grammatical device for immediate future?,"""A language may contain more than one means to express future time reference. There may also be a separate device for expressing immediate future (Bybee et al. 1994). In the case of immediate future, a situation can be viewed as about to take place. Whereas in Nganasan, there is a resultative inflection (1), in Estonian, a periphrastic device is used (2).""",,12,https://uralic.clld.org/parameters/UT020,UT020,,34
789,Is there a grammatical device for pluperfect?,"""Pluperfect is used to locate a situation in the past prior to a reference point that is also in the past, thus, it can be regarded as 'past in the past'. (Comrie 1985: 65). Whereas in example (1) the referece point is established by the subordinate clause, in example (2) it becomes clear from the context that an action was completed by a certain point in the past. Past perfects may be realised by periphrastic (1) or by synthetic means (2).""",,12,https://uralic.clld.org/parameters/UT021,UT021,,34
790,Can aspect be expressed overtly on the negative marker?,"""Languages that allow grammatical categories to occur on the negative marker (typically called negative auxiliary) differ as to which grammatical categories can be expressed on the negative auxiliary and which on the lexical verb. This question investigates whether aspect can occur on the negative marker. For instance, in negative constructions in Nganasan the iterative suffix -kǝ and habitual suffix -muŋha (both derivational) appear on the negative auxiliary (Gusev 2015: 107).""",,12,https://uralic.clld.org/parameters/UT022,UT022,,34
791,Markers for Simultaneity Overlap (SIOVER),"'when p, q': p overlaps with q (e.g. My parents arrived when the children came home from school.)",,14,https://crossgram.clld.org/parameters/kortmannadverbial-SIOVER,SIOVER,,
792,Markers for Simultaneity Duration (SIDUR),"'while p, q': p opens up a time interval for the whole or part(s) of which q is true (e.g. I learnt all about flowers while we lived in the country.)",,14,https://crossgram.clld.org/parameters/kortmannadverbial-SIDUR,SIDUR,,
793,Markers for Simultaneity Co-Extensiveness (SICOEX),"'as long as p, q': p opens up a time interval for the whole of which q is true (e.g. As long as we lived in the country our children were happy.)",,14,https://crossgram.clld.org/parameters/kortmannadverbial-SICOEX,SICOEX,,
794,Markers for Anteriority (ANTE),"'after p, q'; p simply precedes q in time (e.g. After we had breakfast we went to the river.)",,14,https://crossgram.clld.org/parameters/kortmannadverbial-ANTE,ANTE,,
795,Markers for Immediate Anteriority (IMANTE),"'as soon as p, q': p immediately precedes q (e.g. As soon as I had opened a window I felt much better.)",,14,https://crossgram.clld.org/parameters/kortmannadverbial-IMANTE,IMANTE,,
