ID,Name,Grammacode,Description,Comment,SIL_Counterpart,SIL_URL,Wikipedia_Counterpart,Wikipedia_URL,Croft_counterpart,Croft_definition,Croft_URL,GOLD_counterpart,ISOCAT_counterpart,Quotation,Source
1,grammatical marker,GM,A (grammatical) marker (a cover term) is a °clitic or an °affix.,"Alternatively and equivalently, one could say that ""a grammatical marker is a bound morph that is not a root"".  ❡

Linguists almost never discuss the meaning of ""(grammatical) marker"", but the term is very widely used, especially in the description of non-European languages, where it is taken as a cover term for an affix and a function word (= clitic). Matthews's (2007) definition (as the ""realization of a unit"") is too vague, and also too broad because one would say, for example, that plural can be ""realized"" as vowel change, but vowel change would not be considered as a marker. ❡

A synonymous term may be ""grammatical form"" (though is is rarely used in a technical sense), and the term ""gram"" from Bybee et al. (1994) also has a similar meaning.",marker,https://glossary.sil.org/term/marker,marker,https://en.wikipedia.org/wiki/Marker_(linguistics),,,,,,"""marker: Any unit or feature conceived (a) as the realization of a unit etc. at a more abstract level of representation, or (b) as indicating something to a potential addressee. Thus a ‘case marker’ or ‘tense marker’ is an inflection etc. which realizes a case or a tense; a boundary marker indicates a boundary e.g. between words; the in the house ‘marks’ the phrase as definite. A social marker likewise gives an indication of the status of a speaker in society."" (Matthews 2007) ❡

""Lexical forms include items such as nouns, verbs, adjectives, and adverbs. Grammatical forms, or “grams” (Bybee et al. 1994), in contrast, roughly correspond to what is referred to in some other traditions as “functional categories”, like adpositions, articles, markers of tense, aspect and modality, and clitics or affixes used for word derivation or inflection."" (Heine et al. 2026:",matthews_concise_2007;heine_grammaticalization_2026;bybee_evolution_1994
2,bound form,BOUND,A bound form is a °form that cannot occur on its own as a complete utterance.,"The term _bound form_ has been defined in a rather consistent way since Bloomfield, as opposed to _free form_. However, this definition is not widely known among linguists, and in practice, ""bound"" is often equated with ""(orthographically/phonologically) attached to a root/stem"". But ""attachment"" is not well-defined (see https://dlc.hypotheses.org/2847), so it is better to use _bound_ and _free_ in the original Bloomfieldian sense. Clitics are not normally thought of as ""attached"", but they are bound forms in that they cannot occur on their own (Haspelmath 2023).",bound morpheme,https://glossary.sil.org/term/bound-morpheme,bound and free morphemes,https://en.wikipedia.org/wiki/Bound_and_free_morphemes,,,,Bound Morpheme,,"“A linguistic form which is never spoken alone is a _bound_ form; all others ... are _free_ forms.” (Bloomfield 1933: 160) ❡

“Forms which never occur alone as whole utterances (in some normal situation) are bound forms; forms which may occur alone as utterances are _free_ forms.” (Lyons 1968: 201) ❡

""bound form = A morpheme that may not stand on its own and must be attached to a stem."" (Aronoff & Fudeman 2011: 260)",haspelmath_bound_2021;bloomfield_language_1933;lyons_introduction_1968;haspelmath_types_2023
4,second (clause) position,SECPO,"The second position of a °clause is the position after the initial °nominal, °adverbial, or °verb form.",,,,-,,,,,,,,
8,grammatical meaning,GRMEA,[[A grammatical meaning is a meaning that need not be expressed overtly in some languages but can be left for inference.]],,,,-,,,,,,,,
10,noun,NOUN,A noun is a °root that denotes an object.,"""Noun"" is defined here in notional terms, following Haspelmath (2023) (see also this blogpost: https://dlc.hypotheses.org/3467). Many authors define ""noun"" also (or alternatively) in terms of coding strategies, but languages show substantial differences in this respect. The definition proposed by Lehmann & Moravcsik (2000: 733) has the downside that one does not know how salient the grammatical properties need to be in order to single out a grammatical class (and distinguish it, say, from a formally defined adjective class).",noun,https://glossary.sil.org/term/noun,noun,https://en.wikipedia.org/wiki/Noun,,,,Noun; Substantive,,"""Languages have a class of expressions which designate entities, i.e. concepts that are reified, and which can be used to refer to specific en- tities. The prototypical representatives of this kind of concept are concrete individual physical objects such as a bird or an apple. The status of this class of expressions in the language system may vary. It need not, in principle, be a grammatical class, let alone one definable by morphological criteria. However, if there are grammatical criteria for assigning words (lexemes) to a class with these semantic properties, then this is the class of nouns of the language."" (Lehmann & Moravcsik 2000: 733)",haspelmath_word_2023;booij_noun_2000
11,numeral classifier system,NUMCS,A numeral classifier system is a system of nomifiers which occurs on numerals and possibly on other adnominal modifiers but not on predicates.,,,,(no direct counterpart),https://en.wikipedia.org/wiki/Classifier_(linguistics),,,,,,"""In many ... languages, nouns in construction with numerals may occur with an additional grammatical element even when such nouns are of high countability... Such elements are typically referred to as sortal numeral classifiers. This term makes reference to one of the most salient functions of such forms, which is to divide the inventory of count nouns into semantic classes, each of which is associated with a different classifier."" (Gil 2005)",gil_numeral_2005
12,possessive classifier system,POSSCS,A possessive classifier system is a system of nomifiers which occur on adpossessive modifiers but not anywhere else.,,,,-,,,,,,,,
14,adpossessive modifier,PSSMOD,An adpossessive modifier is a form that occurs adnominally and that denotes a possessor.,,,,-,,,,,,,,
15,numeral,NUM,"A numeral is an expression that denotes a number or a concept that includes a number but does not include an action, an object or a property.",,numeral,https://glossary.sil.org/term/numeral,numeral_(linguistics),https://en.wikipedia.org/wiki/Numeral_(linguistics),numeral (SEM),"numeral (SEM) = a word that specifies the precise cardinality of a set of referents. Numerals most typically are packaged as modifiers. Two common types of numerals are cardinal numerals and ordinal numerals (there are other types not discussed here); see also vague numerals. Example: in three women, three is a cardinal numeral functioning as a modifier of women. (Section 4.1.3)",https://comparative-concepts.github.io/cc-database/cc-database.html#sem:numeral,,,,
16,gender system,GNDS,A gender system (= a system of gender markers) is a system of non-°numerative °nomifiers which includes no more than 20 nomifiers.,"Gender systems are often distinguished from other nominal classification systems by the notion of ""agreement"", but what exactly is agreement is not clear (see also Corbett 2008). 

The definition proposed here is not based on ""agreement"", but on the notion of ""nomifier"", i.e. a classifier-like element in a nominal classification system (or nomification system; Haspelmath 2018).

The cut-off point of 20 is of course arbitrary, but if a system has many nomifiers, it is typically not regarded as a gender system (e.g. in Kilivila, an Austronesian language with over 150 nomifiers).",grammatical gender,https://glossary.sil.org/term/grammatical-gender,grammatical gender,https://en.wikipedia.org/wiki/Grammatical_gender,gender/class (SEM),"gender/class (SEM) = a semantic category that is expressed as an indexation feature, and covers both distinctions based primarily on sex and animacy (‘gender’) and distinctions based on animacy, sex, and various semantic properties of inanimate – or at least nonhuman – objects. (Section 4.4.2)",https://comparative-concepts.github.io/cc-database/cc-database.html#sem:gender-class,,,"""Genders are classes of nouns reflected in the behavior
of associated words."" (Hockett 1958: 231)

""...the determining criterion of gender is agreement; this is
the way in which the genders are ""reflected in the behavior of associated
words"" in Hockett's [1958]definition given earlier. Saying that a language has three
genders implies that there are three classes of nouns which can be distinguished
syntactically by the agreements they take."" (Corbett 1991: 4)",haspelmath_toward_2018;hockett_course_1958;corbett_gender_1991;senft_system_2023
17,TAM marker,TAMMK,"[[marker of tense, aspect or mood]]",,,,-,,,,,,,,
18,TAM,TAM,"[[tense, aspect and/or mood]]",,,,-,,,,,,,,
19,nominal,NM,A nominal is an °expression that °can occur on its own and that can serve as an °argument or as an an °adpossessive modifier.,"Nominals are often called ""nominal phrases"" or ""NPs"" (or ""DPs""), but it is not clear how nominals could be defined as kinds of ""phrases"" (because ""phrase"" is an abstract notion that is hardly suitable as a comparative concept). Even though ""NP"" was long the standard term in generative syntax, ""nominal"" has recently been used increasingly as neutral between ""NP"" and ""DP"" (e.g. Bruening 2020).

Nominals could also be defined as ""object-denoting referring phrases"", as in Croft (2022).

Nominals include independent personal pronouns. If one wants to refer to nominals which are not pronouns, one can use the term ""full nominal"".",noun phrase,https://glossary.sil.org/term/noun-phrase,noun phrase,https://en.wikipedia.org/wiki/Noun_phrase,nominal phrase (CXN),"nominal phrase (CXN) = a referring phrase whose head denotes an object concept. Example: a large balloon is a nominal phrase; the head balloon denotes an object concept. A nominal phrase is the prototypical referring phrase, and its head is a noun. (Section 2.2.3)",https://comparative-concepts.github.io/cc-database/cc-database.html#cxn:nominal-phrase,noun phrase,,"""Generally speaking languages use either pronouns (such as _you_ and _she_) or lexical NPs (like _the man, two cars, those big trees_) to refer to entities. In this book I will mainly restrict myself to lexical NPs which are headed by an underived noun and which are used to refer to a single, discrete, first order (i.e. spatial) entity or to a single individual."" (Rijkhoff 2002: §1.5.4)

""I will assume a rather rough characterization of noun phrases, as syntactic constituents which
serve as arguments of verbs. There are a variety of ways in which this is inadequate as a precise definition and there are a number of legitimate questions bout exactly what ought to be considered a noun phrase, but these issues are somewhat marginal to the primary purpose of this chapter, which is to discuss some of the ways in which noun phrases differ across languages..."" (Dryer 2007: 151)",bruening_head_2020;rijkhoff_noun_2002;croft_morphosyntax_2022;dryer_noun_2007
20,adverbial,ADVL,An adverbial is a °free expression that is not an °argument and that provides °circumstantial information about an event or state.,,,,adverbial,https://en.wikipedia.org/wiki/Adverbial,,,,Adverbial,,,
21,nomifier system,NOMFS,"A nomifier system is a paradigm of °grammatical markers which occur on °adnominal modifiers, °person indexes or °anaphoric pronouns, and each of which expresses (i.e. normally reflects, but sometimes contributes) a broad property other than person and number of the controlling noun (i.e. for adnominal modifiers: the modificatum, for person indexes: an °argument, for anaphoric pronouns: the antecedent).",,noun class,https://glossary.sil.org/term/noun-class,(no direct counterpart),https://en.wikipedia.org/wiki/Noun_class,,,,,,,
22,adjective,ADJ,An adjective is a °root that denotes a °property.,"""Adjective"" is defined here in notional terms, following Haspelmath (2023) (see also this blogpost: https://dlc.hypotheses.org/3467). Many authors define ""adjective"" also (or alternatively) in terms of coding strategies (e.g. presence of a copula in predicate use, or lack of a relativizer in adnominal use), but languages show substantial differences in their coding strategies.",adjective,https://glossary.sil.org/term/adjective,adjective,https://en.wikipedia.org/wiki/Adjective,adjective (CXN),"adjective (CXN) = the head of an attributive phrase that denotes a property. Example: the word new in a very new book is an adjective – it is a property concept that is the head of the attributive phrase very new and modifies book. (Sections 2.2.3, 4.1.1)",https://comparative-concepts.github.io/cc-database/cc-database.html#cxn:adjective,,,"""Nouns can be said to designate objects (including humans and other animates, places, things, etc.); verbs designate activities, processes, and states; adjectives denote qualities, attributes, and states, while adverbs denote manner, time, location, and further attributes of actions or properties."" (Aikhenvald 2015: 52)",haspelmath_word_2023;aikhenvald_art_2015
23,concord,CONCD,"[[Concord refers to the matching of number, gender or case properties between the noun head of a nominal and its modifiers.]]","""Concord"" is sometimes taken as a synonym of ""agreement"", but here it is restricted to the matching of properties within a nominal.",agreement,https://glossary.sil.org/term/agreement,agreement (linguistics),https://en.wikipedia.org/wiki/Agreement_(linguistics),indexation (STR),,https://comparative-concepts.github.io/cc-database/cc-database.html#str:indexation,,,"""Nominal concord (hereafter just ‘concord’) is the process whereby modifiers (loosely speaking) in a nominal phrase inflect for morphosyntactic features of that nominal phrase. It commonly involves demonstratives and adjectives bearing this inflection, and the fea- tures involved are things like gender, number, and case. In many instances, the noun also reflects these features, and it is thus common to say things like “adjectives agree with the head noun” when describing or discussing concord."" (Norris 2019) ❡

We take agreement to be canonically exemplified by covariance in form of a
verb or auxiliary with its arguments (e.g., subject or object, though, as we will
discuss, verbs and auxiliaries are not the only elements that may show agree-
ment). On the other hand, we take concord to be exemplified by covariance in
form of demonstratives, adjectives, or other modifiers (loosely speaking) with
the head noun of the phrase they appear in."" (Clem & Norris 2025: 613)",norris_typological_2019;clem_agreement_2025
24,adnominal,ADNOM,An adnominal expression is an expression that occurs in a nominal but that is not the noun.,,,,attributive expression,https://en.wikipedia.org/wiki/Attributive_expression,,,,,,,
25,predicate,PRED,"[[The predicate of a simple clause may be a verb form, a nominal, an adjective, or a locational expression.]]",,predicate,https://glossary.sil.org/term/predicate,predicate,https://en.wikipedia.org/wiki/Predicate_(grammar),,,,,,,
26,copula,COP,"A copula is a form that indicates a stative link between the two argument positions of an °equational, °ascriptive or °locational clause.",The definition is from Haspelmath (2025: 17).,copula,https://glossary.sil.org/term/copula,copula (linguistics),https://en.wikipedia.org/wiki/Copula_(linguistics),copula (STR),"copula (STR) = a strategy in which an additional morpheme is used in nonprototypical predication. Copulas can be divided into verbal copulas and nonverbal copulas. (Sections 1.4, 10.2)",https://comparative-concepts.github.io/cc-database/cc-database.html#str:copula,Copula,,,haspelmath_nonverbal_2025
27,negator,NEGR,"A negator is a morph that expresses negation and does not simultaneously express a root meaning (event, thing, property).","A largely equivalent term is ""negative marker"", but ""negator"" is preferred here, because a negator is not a _grammatical marker_ in the Grammaticon sense (it does not have _grammatical meaning_ as defined here). 

Moreover, grammatical markers are by definition bound forms, whereas negators may occur freely as response words ('no!').",,,-,,,,,Negation Operator,,,
28,affirmative clause,AFFCS,[[a clause lacking a negative marker with scope over the clause]],,,,affirmation and negation,https://en.wikipedia.org/wiki/Affirmation_and_negation,,,,,,,
29,scope [PR],SCOPE,PRIMITIVE,,,,scope,https://en.wikipedia.org/wiki/Scope_(formal_semantics),,,,,,,
32,indefinite article,INDF,[[An indefinite article is a bound morph that frequently occurs in  indefinite nominals and that never occurs in definite nominals.]],,indefinite,https://glossary.sil.org/term/indefiniteness,(no direct counterpart),https://en.wikipedia.org/wiki/Article_(grammar)#Indefinite_article,indefinite pronoun/article (CXN),"indefinite pronoun/article (CXN) = this term is applied to referring phrases – pronouns and articles combined with nouns – that are associated with the bottom end of the information status continuum, where the identity of the referent is not known to speaker or hearer (or both). This includes pragmatically specific, pragmatically nonspecific (but semantically specific), and various categories of nonspecific refer- ents (see Table 3.4 and Sections 3.4–3.5). Example: a glass bowl is an example of an indefinite referring phrase, used in a context where the individual glass bowl in ques- tion is not identifiable by the hearer. (Table 3.4, Section 3.3.1)",https://comparative-concepts.github.io/cc-database/cc-database.html#cxn:indefinite-article,Indefinite Article,indefinite article,,
33,conjunction construction,,[[Conjunction refers to a subtype of coordination that involves an 'and' relation.]],,,,(no direct counterpart),https://en.wikipedia.org/wiki/Logical_conjunction#Natural_language,conjunctive coordination (CXN),"conjunctive coordination (CXN) = a type of coordinate construction typically equated with coordination by ‘and,’ representing some sort of grouping together in the relevant context. Conjunctive coordination is prototypically associated with an additive rela- tion between the two (or more) entities, but often also may express a consecutive relation. Example: The robins drank water and the juncos ate fennel seeds is an instance of conjunctive coordination with an additive relation. (Section 15.2.1)",https://comparative-concepts.github.io/cc-database/cc-database.html#cxn:conjunctive-coordination,,,,
35,independent personal pronoun,INDPRO,An independent personal pronoun is a °personal pronoun that is a °free form.,"An alternative term that is often used is ""free personal pronoun"". 

Since personal pronouns in English, German and Russian are always free, the modifier ""independent"" is very often omitted. One also often sees ""personal"" omitted (""independent pronoun""), which makes sense because only personal pronouns make a frequent distinction between independent and bound forms. 

The definition here is not in terms of ""separate word"" (as in Siewierska 2004: 16), but in terms of ""free form"", because clitic person forms are ""words"" but are bound forms.",,,(no direct counterpart),https://en.wikipedia.org/wiki/Personal_pronoun#Strong_and_weak_forms,,,,,,"""The basic division of person markers in regard to morphophonological form is that between independent and dependent person markers. Other terms used for the independent forms are free, full, self/standing, cardinal, focal, strong, long and disjunctive. ... Typically what is meant by an independent/free/full, etc. person form is a person marker which constitutes a separate word and may take primary word stress, such as the English I, me, you, she, they."" (Siewierska 2004: 16)",siewierska_person_2004
36,dual affix,,[[A dual affix is an affix that indicates that a noun denotes two entities.]],,dual number,https://glossary.sil.org/term/dual-number,dual,https://en.wikipedia.org/wiki/Dual_(grammatical_number),,,,,,,
38,gender class assignment,,[[Gender class assignment refers to the way °nouns are assigned to gender classes in a °gender system.]],,,,,,,,,,,,
39,object nominalization,,"[[An object nominalization is a word derived from a verb, denoting the result of an action.]]",,,,,,,,,,,,
40,agent nominalization,,"[[An agent nominalization is a word derived from a verb, denoting the doer of an action.]]",,,,agent noun,https://en.wikipedia.org/wiki/Agent_noun,,,,,,,
42,associative plural,,"[[An associative plural form is a plural form meaning ""X and associates/family/companions"".]]",,,,-,,,,,,,,
43,plural affix,PL,A plural affix is an °affix occurring on a °noun that indicates that the referent set contains more than two items.,"In the literature, ""plural"" is often regarded as a ""category"", but for the purposes of grammatical plural marking, plural affixes provide the best basis.",plural number,https://glossary.sil.org/term/plural-number,plural,https://en.wikipedia.org/wiki/Plural,,,,,,,
44,singular affix,,[[A singular affix is an affix that indicates that a noun denotes a single entity.]],,singular number,https://glossary.sil.org/term/singular-number,(no direct counterpart),https://en.wikipedia.org/wiki/Grammatical_number#Singular_and_plural,,,,,,,
46,accusative flag,ACC,"An accusative flag is a °flag that marks a °nominal as °P-argument (in a °transitive clause), but not as °A-argument or °S-argument.","(1) This function need not be the only function; such flags commonly also express temporal extension (e.g. German _eine-n Tag_ [one-ACC day] ‘for one day’), or the R-argument in a ditransitive clause.

(2) In many languages, only some of the P-arguments are marked by an accusative flag, in particular those with relatively high prominence (“differential object marking”).",accusative case,https://glossary.sil.org/term/accusative-case,Accusative case,https://en.wikipedia.org/wiki/Accusative_case,accusative category (STR),"accusative category (STR) = the morphosyntactic category in the accusative alignment system that exclusively expresses the P role. Example: the English accusa- tive pronoun forms me, him, her, us, and them are used only for the P role (the S and A roles use the nominative forms I, he, she, we, and they), and represent the accusative flag (morphologically manifested in English as base modification). (Section 6.3.1)",https://comparative-concepts.github.io/cc-database/cc-database.html#str:accusative-category,accusative case,accusative case,"""An accusative marker is a marker that signals P-arguments, but not S- and A-arguments."" (Haspelmath 2022: 202)",haspelmath_ergative_2022
47,flag,FLG,A flag is a °marker that occurs on a °nominal and gives information about its °semantic role or °syntactic function.,"The term ""flag"" is a recent innovation in typological linguistics to refer to case forms and adpositions jointly (see Haspelmath 2019). In the past, it was often necessary to refer to ""case-marking and adpositional marking"", but ""flagging"" is much more convenient.",,,-,,"flag, flagging (STR)","flag, flagging (a.k.a. case marker) (STR) = a strategy for encoding the relation in major propositional acts (modifier–referent, predicate–argument), in which there is a third morpheme that encodes the semantic relation between the two concepts, where the dependent concept (modifier in a modification construction, argument in a clause) is an object concept. Flags subsume adpositions and case affixes. Examples: in the plate on the table, on is a flag, and in I dug the hole with a shovel, with is a flag; both are adpositions. (Sections 4.3, 6.2.2)",https://comparative-concepts.github.io/cc-database/cc-database.html#str:flagging,,,,haspelmath_indexing_2019
48,transitive clause,TRCS,"A transitive clause is a °clause which contains two °arguments that are coded in the same way as the arguments of physical-effect verbs ('kill', 'break').",,,,transitivity,https://en.wikipedia.org/wiki/Transitivity_(grammar),transitive construction (CXN),"transitive construction (a.k.a. monotransitive construction) (CXN) = the construction used to express the agent (A role) and the patient (P role) of the predicated biva- lent breaking event when the agent is more salient than the patient and the breaking event is a single, completed event. Example: Jack broke the window is an instance of the exemplar (the single “most prototypical” example) of the transitive construction. (Sections 6.1.2, 6.2.1, 7.3.3)",,,,,
49,P-argument,PARG,"A P-argument is the °patient °argument of a physical-effect °verb ('kill', 'break').","This is often simply called ""P"" (or ""P argument"" without a hyphen). Note that here it refers to an argument type (a syntactic function, like ""direct object""), not to a semantic role (as in Croft 2022; and also in Bickel's work; see Haspelmath 2011).",direct object,https://glossary.sil.org/term/direct-object,-,,P role (SEM),"P role (a.k.a. O role) (SEM) = the patient or patient-like central participant role in the prototypical bivalent event (that is, a breaking event). Example: in Jack broke the window, the window plays the P role in the breaking event. (Section 6.3.1)",https://comparative-concepts.github.io/cc-database/cc-database.html#sem:p-role,,,,haspelmath_s_2011;croft_morphosyntax_2022
50,article,ART,[[An article (a cover term) is a definite article or an indefinite article or a specific article.]],,article,https://glossary.sil.org/term/article,article,https://en.wikipedia.org/wiki/Article_(grammar),article (CXN),article (CXN) = a contextual form combining with a common noun that expresses primarily information status. [Example: English the and a(n) are articles.] (Section 3.2),https://comparative-concepts.github.io/cc-database/cc-database.html#cxn:article,Article,article,"""Articles are markers in the nominal domain whose main function it is to encode the referential function of the lexical referential expression that they occur with."" (Becker 2021: 37)",becker_articles_2021
51,indefinite nominal,,An indefinite nominal is a °nominal that is not °definite.,,,,(no direct counterpart),https://en.wikipedia.org/wiki/Article_(grammar)#Indefinite_article,,,,,,"""An NP is indefinite if it can introduce a new discourse referent whose identity need not be recoverable from the context."" (Dawson & Jenks 2023: 102)",jenks_describing_2023
52,specific nominal,SPEC,A nominal is specific if it has a referent in the speaker's reality space (one of their mental spaces).,,specificity,https://glossary.sil.org/term/specificity,specificity (linguistics),https://en.wikipedia.org/wiki/Specificity_(linguistics),,,,,,,
53,demonstrative,DEM,A demonstrative is a °form that directs the interlocutor's attention to a referent identified by egocentric spatial deixis.,,demonstrative,https://glossary.sil.org/term/demonstrative,demonstrative,https://en.wikipedia.org/wiki/Demonstrative,,,,Demonstrative,,"""A demonstrative is here defined as a grammatical word (or, occasionally, a clitic or affix) which can have pointing (or deictic) reference; for example This is my favourite chair (pointing at an object) or Put it there! (pointing at a place). It could be argued that 1st and 2nd person pronouns have, by their very nature, implicit pointing reference. In view of this, the definition of demonstrative can be modified to be “any item, other than 1st and 2nd person pronouns, which can have pointing (or deictic) reference”."" (Dixon 2003) 

""Demonstratives are deictic expressions such as English this and that. They indicate the relative distance of a referent in the speech situation vis-à-vis the deictic center. The deictic center, which is also called the origo, is roughly equivalent to the speaker’s location at the time of the utterance."" (Diessel 2005)

""For the purposes of this map, a word or affix is considered a demonstrative if it satisfies at least one of two criteria: (1) it has among its uses a meaning that contrasts with some other form in terms of physical proximity to the speaker, so that there is at least a two-way contrast of proximal (near speaker) versus distal (not near speaker); or (2) the form has among its uses an indication that the hearer is intended to direct their attention towards something in the physical environment. In many and probably most languages, demonstratives are associated with both of these functions."" (Dryer 2005)

""“My criteria for whether something is a demonstrative is that it have one of two properties: (i) it involves some sort of contrast in spatial distance, usually contrasting proximal with one or more spatial distal categories; or (ii) its basic use is ex- ophoric, referring to something in the shared perceptual space of the speaker and hearer.” (Dryer 2014: e234-e235) ❡

""The term “demonstrative” refers to a small class of expressions that are commonly divided into two basic types: nominal demonstratives such as English this and that and adverbial demonstratives such as here and there (Dixon, 2003). The two types of demonstratives are closely related. They usually include the same deictic roots (Diessel, 1999) and are defined by two basic concepts of language and cognition, i.e., joint attention and deixis (Levinson, 2004; Diessel 2014)."" (Diessel & Coventry (2020):",dixon_demonstratives_2003;dryer_competing_2014
54,complementizer,COMP,A complementizer is a °marker that indicates that the °clause on which it occurs is a °complement clause.,"Note that there is no corresponding verb (""to complementize"").",complementizer,https://glossary.sil.org/term/complementizer,complementizer,https://en.wikipedia.org/wiki/Complementizer,complementizer (STR),"complementizer (STR) = a morpheme that overtly expresses the semantic relation in a complement clause construction. Example: in She thought that he was tired, that is the complementizer. A complement clause construction with a complementizer is an example of syndetic subordination. If the morpheme is affixed to a predicate, it is not a complementizer but an overt marker of deranked status. (Section 18.3.1)",https://comparative-concepts.github.io/cc-database/cc-database.html#str:complementizer,Complementizer,,"""Complementizer: A word from a small class of grammatical items which introduce a clause, such as English that or whether. May indicate the tense or finiteness of the clause. In head-final languages, a complementizer often follows the clause."" (Tallerman 2011: 2092)",tallerman_understanding_2011
55,polar question construction,PQUC,[[A polar question construction is a sentence whose expected answer is one of two choices.]],,yes-no question,https://glossary.sil.org/term/yes-no-question,yes–no question,https://en.wikipedia.org/wiki/Yes%E2%80%93no_question,polarity question (INF/CXN),"polarity question (a.k.a. Y/N question, yes/no question) (INF/CXN) = an interrogative in which the unknown piece of the propositional content requested of the addressee is the polarity (positive or negative) of the proposition; and the construction expressing this function. Example: Are you coming? is an instance of the English polarity question construction, expecting a ‘yes’ or ‘no’ answer. (Section 12.3.1)",https://comparative-concepts.github.io/cc-database/cc-database.html#cxn:polarity-question-construction,,,,
56,clusivity,CLUS,the distinction between a group including speaker and hearer (inclusive) and a group including the speaker but excluding the hearer (exclusive),,,,clusivity,https://en.wikipedia.org/wiki/Clusivity,,,,,,,
57,complement clause,COMPCS,[[a clause that is an argument of a verb]],,complement clause,https://glossary.sil.org/term/complement-clause,content clause,https://en.wikipedia.org/wiki/Content_clause,,,,Complement Subordinate,,,
58,argument (expression),,An argument (expression) is a nominal or a person index that occupies an argument slot.,,,,argument,https://en.wikipedia.org/wiki/Argument_(linguistics),argument phrase,"argument phrase (CXN) = a referring phrase that refers to an argument. Example: in _The tree fell, the tree_ is an argument phrase because it is a referring phrase that refers to the argument of the predicate – namely, the tree that fell. Argument phrases are divided into core argument phrases (subject phrase, object phrase) and oblique argument phrases. (Sections 2.2.2, 6.6.1) ❡

argument (INF ) = a referent of which something is being predicated. Example: in Masha is nice, being nice is being predicated of the referent Masha, and hence the referent Masha is an argument. Most referents are also arguments, but it is possible for a ref- erent to “stand alone” in discourse, particularly in spoken discourse, independent of any predication. Arguments are divided into core arguments (subject and object) and peripheral arguments. (Sections 2.1, 6.1.1)",https://comparative-concepts.github.io/cc-database/cc-database.html#cxn:argument-phrase,Syntactic Argument,,,
59,verb,VERB,A verb is a °root that denotes an °action.,"""Verb"" is defined here in notional terms, following Haspelmath (2023) (see also this blogpost: https://dlc.hypotheses.org/3467). Many authors define ""verb"" also (or alternatively) in terms of coding strategies, but languages show substantial differences in this respect. Many definitions of ""verb"" have the downside that one does not know how salient the grammatical properties need to be in order to single out a grammatical class (and distinguish it, say, from a formally defined adjective class).",verb (linguistics),https://glossary.sil.org/term/verb-linguistics,verb,https://en.wikipedia.org/wiki/Verb,verb (CXN),"verb (CXN) = the head of a verbal clause – that is, a clause that denotes an action. Example: the word jumped in the clause She jumped, is a verb – it is an action word that is the head of the clause and is predicated of She. (Sections 2.2.3, 6.1.1)",https://comparative-concepts.github.io/cc-database/cc-database.html#cxn:verb,Verbal,,"""The class of verbs in any language is the grammatical category that
includes lexemes which express the least time-stable concepts, e.g., events
such as die, run, break, etc."" (Payne 1997: 47)",haspelmath_word_2023;payne_describing_1997
60,standard negation construction,STNEGC,A standard negation construction is a clausal construction with a negated verbal predicate in a declarative non-subordinate clause.,"""Standard negation"" is a typical typological concept that will hardly be needed in language description.",,,,,,,,,,"""Since Payne (1985) and especially Miestamo (2025), typologists have used the terms 'standard' and 'non-standard' negation. 'Stanard negation' is the non-emphatic negation of a lexical main verb in a declarative main clause... Negation in all other functions is collectively referred to as 'non-standard negation'..."" (van der Auwera & Krasnoukova 2020: §7.1)",miestamo_standard_2005;van_der_auwera_typology_2020;payne_negation_1985
61,spatial adverbial,,A spatial adverbial is an adverbial that denotes a spatial circumstance.,,,,,,,,,,,,
62,adnominal modifier,ADN,[[An adnominal modifier is a non-°affixal expression that occurs in a °nominal and that provides further information beyond the °noun.]],"In the Grammaticon definition, ""modifier"" is restricted to adnominal use, so ""adnominal modifier"" could be shortened to ""modifier"". However, since ""modification"" is often used more widely in the literature (including adverbials in clauses), the tautological term ""adnominal modifier"" is used here.

""Attributive"" is an older synonym of ""adnominal"" that is still very widely used.",modifier,https://glossary.sil.org/term/modifier,attributive expression,https://en.wikipedia.org/wiki/Attributive_expression,attributive phrase (CXN),"attributive phrase (CXN) = a construction that performs the act of modification. Example: in a very slow truck, the attributive phrase very slow modifies the truck with respect to its speed. The head of an attributive phrase is a modifier. The prototypical attributive phrase is an adjectival phrase. (Sections 2.2.2, 4.1.1) ❡ modifier (CXN) = the head of an attributive phrase. Example: in nearly fifty trees, fifty is a modifier. A prototypical modifier, a property concept, is an adjective. (Section 2.2.4)",https://comparative-concepts.github.io/cc-database/cc-database.html#cxn:attributive-phrase,,,"""Pronominal demonstratives are independent pronouns in argument position of verbs and adpositions. They are often formally distinguished from adnominal
demonstratives, which accompany a cooccurring noun. For instance, French uses the demonstratives celui, celle, ceux, and celles as independent pronouns and ce,
cette, and ces as modifiers of a subsequent noun."" (Diessel 1999: 4)",diessel_demonstratives:_1999
64,affix,AFF,An affix is a °bound form that occurs adjacent to °roots of only one °root class and is not separable by °free forms from it.,,affix (linguistics),https://glossary.sil.org/term/affix-linguistics,affix,https://en.wikipedia.org/wiki/Affix,,,,affix,,,
65,root,ROOT,"A root is a contentful °morph (i.e. a morph denoting an °action, an °object or a °property) that can occur as part of a °free form without another contentful morph.","The definition was first given in Haspelmath (2023: 287) and is discussed in detail in Haspelmath (2025). ❡ 

Other definitions of root make reference to word, e.g. ""the unanalyzable core of a word"", but since word cannot be easily defined, it is better to define root in terms of the most important meanings. Including other meanings is not necessary, because these never behave in a special way.",root,https://glossary.sil.org/term/root,root (linguistics),https://en.wikipedia.org/wiki/Root_(linguistics),,,,root,,"“root: the part of a word that is left after all affixes have been removed. Roots may be free bases, as is frequently the case in English, or bound morphemes, as is the case in Latin.” (Lieber 2009: 204)

""root: The basic form from which another is derived by internal change or by addition of inflectional or derivational morphemes."" (Aronoff & Fudeman 2011: 269)",haspelmath_roots_2025;lieber_introducing_2009
66,form (or expression) [PR],FORM,"PRIMITIVE 

(A form (or expression) is a conventional pairing of a shape, i.e. a continuous sequence of segments, and a content, i.e. meaning or discourse function or grammatical function.)","Instead of ""a form"", one may also say ""an expression"". These terms refer to the same concept, but longer forms (such as nominal phrases or clauses) are usually called ""expressions"". 

In Croft (2022), the term ""element"" is used roughly in this sense.

Note that ""form"" is often used alternatively for the signans of a linguistic sign, and signs are often said to have a ""meaning"" side and a ""form"" side. For this latter sense, it is better to use ""shape"" if one wants to be precise, because a form/expression (in the sense of the current entry) is itself a sign.

Note that the shapes of forms/expressions must be continuous. Parts of forms/expressions that belong together but are not continuous are not forms/expressions, but something else (for example, the plural suffixes _-se_ and _-s_ in _the-se book-s_ belong together, via concord, but they cannot be treated as a single expression because they are not continuous).",,,-,,element (CXN),"element (CXN) = a word or construction that is part of – that is, functions in a role in – a construction. Example: in an ancient watch, the elements are an, ancient, and watch. (Section 2.2.1)",https://comparative-concepts.github.io/cc-database/cc-database.html#cxn:element,,,"“Every language consists of a number of signals, _linguistic forms_. Each linguistic form is a fixed combination of signaling-units, the _phonemes_ . . . We assume that each linguistic form has a constant and definite meaning.” (Bloomfield 1933: 158)",croft_morphosyntax_2022;bloomfield_language_1933
67,root class,ROOTCL,"A root class is one of the following three classes of °roots: °action roots, °object roots, and °property roots.",,,,,,,,,,,,
68,free form,FREE,A free form is a °form that can occur on its own as a complete utterance.,"Instead of ""on its own"", one can also say ""in isolation"". Note that a form is the same as an expression, so one may also say ""free expression"". Longer forms (such as nominal phrases and clauses) are usually called ""expressions"", not ""forms"", but these terms refer to the same concept.

The term (and the definition) comes from Bloomfield (1926; 1922) (see also this blogpost:  https://dlc.hypotheses.org/4485). The importance of the distinction between free forms and bound forms was recently highlighted by Haspelmath (2021).",free morpheme,https://glossary.sil.org/term/free-morpheme,bound and free morphemes,https://en.wikipedia.org/wiki/Bound_and_free_morphemes,,,,free morpheme,,,bloomfield_language_1933;bloomfield_set_1926;haspelmath_bound_2021
69,person index,PX,A person index is a °bound °person form.,"Traditionally, person indexes are often treated as ""agreement markers"" or as ""clitic pronouns"". Since Haspelmath (2013), the term ""person index"", which neutralizes this distinction, has become more and more common.",,,(no direct counterpart),https://en.wikipedia.org/wiki/Personal_pronoun#Free_vs._bound_pronouns,,,,,,"""Here I have focused on bound person forms, which are conveniently called person indexes, and I have argued that one should not try to conceptualize person indexes uniformly as either “pronouns” of a special kind or as “agreement markers” of a special kind. As shown by Siewierska (2004), bound person markers are most commonly cross-indexes (optionally cooccurring with a conominal), and these are best regarded as phenomena sui generis."" (Haspelmath 2013: 233)",haspelmath_argument_2013;siewierska_person_2004
70,person form,PERS,"A person form is a °form that denotes 1st, 2nd or 3rd person, i.e. the speech role of the speaker, the speech role of the hearer, or a referent that is neither speaker nor hearer.",,,,grammatical person,https://en.wikipedia.org/wiki/Grammatical_person,,,,,,,
71,possessive person index,POSSPX,A possessive person index is a °person index that denotes an °adpossessor (i.e. an adnominal possessor).,"An even more explicit term would be ""adpossessive person index"", but it is probably not necessary to specify this, because person indexes are not relevant to predpossessive constructions.",,,,,,,,,,,
72,adpossessor,ADP,An adpossessor (or adnominal possessor) is an adnominal modifier that denotes a possessive relationship.,,,,,,,,,,,,
73,possessive (semantic relation),,"A possessive relation is a relationship of kinship, of part-whole, or of ownership.","In all languages, the forms for possessive relationships are also used for other, loosely associative relationships, such as 'my path (on which I'm walking)', 'my chair (on which I'm sitting)', 'my school (which I attend)'. These are not part of the definition because such meanings are never expressed in a special way.",,,possession (linguistics),https://en.wikipedia.org/wiki/Possession_(linguistics),,,,,,,
75,possidend noun,,A possidend noun is a noun that obligatorily carries a possessive person index.,,,,,,,,,,,,
76,possessive classifier,POSSCLF,A possessive classifier is a genifier that is part of a possessive classifier system.,,,,,,,,,,,,
77,normal order,NORMORD,A normal order of elements is one that occurs in constructions that do not express focus or topicality by special intonation or special marking.,,,,,,,,,,,,
78,property word,PROP,"A property word is a form containing at least one root that denotes a property such as 'old', 'big', 'good', 'red'.",,,,adjective,https://en.wikipedia.org/wiki/Adjective,,,,,adjective,,
79,clause [PR],CS,PRIMITIVE,,clause,https://glossary.sil.org/term/clause,clause,https://en.wikipedia.org/wiki/Clause,clause (CXN),"clause (CXN) = a construction that performs the function of predication, including the predicate (which may be a complex predicate) and the referring phrases and other roles dependent on the predication. Example: The birds were singing is an instance of a clausal construction. This is the prototypical function of clauses; there are also nonpredicational clauses that perform different information packaging functions. The prototypical predicational clause is a verbal clause. (Sections 1.3, 2.2.2, 6.1.1)",https://comparative-concepts.github.io/cc-database/cc-database.html#cxn:clause,Clause,,,
82,definite nominal,,"A definite nominal is a °nominal whose °referent can be uniquely identified by the hearer, either in °anaphoric contexts, as referring back to something mentioned in the preceding discourse, or in associative contexts, as referring to something that is not mentioned in the preceding discourse but that is identifiable because of an associative relationship.","An example of definiteness due to previous discourse mention is: ""I bought a new bicycle... My husband likes the bicycle"". An example of associative definiteness is ""I bought a new bicycle. The saddle is very comfortable.""",definiteness,https://glossary.sil.org/term/definiteness,,,,,,,,"""An NP is definite if it must be used in a context where its intended reference is recoverable."" (Dawson & Jenks 2023: 102)",jenks_describing_2023
83,abessive flag,,[[An abessive flag is a °flag indicating the absence of something.]],,abessive case,https://glossary.sil.org/term/abessive-case,Abessive case,https://en.wikipedia.org/wiki/Abessive_case,,,,abessive case,abessive case,,
84,absolutive flag,ABS,"An absolutive flag is a °flag that is used with an °S- and °P-argument, but cannot be used with an °A-argument.","Most languages lack a flag for the absolutive relation, but the relation is still formulated in terms of ""absolutive flag"".",absolutive case,https://glossary.sil.org/term/absolutive-case,absolutive case,https://en.wikipedia.org/wiki/Absolutive_case,absolutive category (STR),"absolutive category (STR) = the category in the ergative alignment strategy that co-expresses both S and P roles. Example: Yuwaalaraay argument phrases use the same zero flag to express the S and P roles, and hence this is an absolutive flag. (Section 6.3.1)",https://comparative-concepts.github.io/cc-database/cc-database.html#str:absolutive-category,absolutive case,absolutive case,,
85,adessive flag,,[[An adessive flag is a °flag indicating spatial closeness.]],,,,,,,,,adessive case,adessive case,,
86,allative flag,,[[An allative flag is a °flag indicating the role of spatial goal.]],,allative case,https://glossary.sil.org/term/allative-case,allative case,https://en.wikipedia.org/wiki/Allative_case,,,,allative case,,,
87,benefactive flag,,[[A benefactive flag is a flag indicating the role of beneficiary.]],,benefactive case,https://glossary.sil.org/term/benefactive-case,benefactive case,https://en.wikipedia.org/wiki/Benefactive_case,,,,benefactive case,benefactive case,,
88,comitative flag,COMIT,A comitative flag is a flag that codes a °companion role.,,comitative case,https://glossary.sil.org/term/comitative-case,comitative case,https://en.wikipedia.org/wiki/Comitative_case,,,,comitative case,,,
89,dative flag,,[[A dative flag is a flag that occurs with °nominals bearing the °recipient role but not with nominals in °P-argument function.]],,dative case,https://glossary.sil.org/term/dative-case,,,,,,dative case,,,
90,subordinate clause,SUBCS,"A subordinate clause is a °clause that is a °relative clause, a °complement clause, or an °adverbial clause.","See Haspelmath (1995) and Cristofaro (2003) for discussion of the notion of subordination (or embedding). Most complement and relative clauses are unquestionably subordinate, but for many adverbial clauses, this is not so clear, and some relative clauses (""correlative relative clauses"") are not clearly subordinate either.",subordinate clause,https://glossary.sil.org/term/subordinate-clause,subordination (linguistics),https://en.wikipedia.org/wiki/Subordination_(linguistics),,,,Subordinate Clause,,,
91,common noun,COMMN,[[A common noun is a noun that is not a proper name.]],,common noun,https://glossary.sil.org/term/common-noun,(no direct counterpart),https://en.wikipedia.org/wiki/Noun#Proper_and_common_nouns,,,,Common Noun,,,
92,proper name,PROPN,[[A proper name is a form that is used to refer to a single entity.]],,proper noun,https://glossary.sil.org/term/proper-noun,proper noun,https://en.wikipedia.org/wiki/Proper_noun,,,,Proper Noun,,,
93,interjection,INTJ,[[An interjection is a free morph that has no morphosyntactic relations to other morphs.]],,interjection,https://glossary.sil.org/term/interjection,interjection,https://en.wikipedia.org/wiki/Interjection,,,,Interjection,,,
95,coordinator,COORD,[[A coordinator is a morph that marks two or more nominals as occurring as the coordinands in a coordination construction.]],,coordinating conjunction,https://glossary.sil.org/term/coordinating-conjunction,,,coordinator (STR),"coordinator (STR) = a morpheme that overtly expresses the coordination relation in a coordinate construction. Example: in She picked up the pieces and dumped them in the wastebasket, and is the coordinator. A coordinate construction with a coordinator is an example of syndetic coordination. If the morpheme is affixed to a predicate, it is not a coordinator but an overt marker of deranked status. (Section 15.2.2)",https://comparative-concepts.github.io/cc-database/cc-database.html#str:coordinator,,coordinating conjunction,,
96,subordinator,SUB,A subordinator is a °grammatical marker that occurs in a peripheral clause position and that indicates that the clause is a °subordinate clause.,"Note that traditionally, subordinators are called ""subordinating conjunctions"", but it is very hard (and actually not necessary) to define a concept ""conjunction"" that comprises both coordinators and subordinators, so here this traditional concept is not used.",subordinator,https://glossary.sil.org/term/subordinating-conjunction,-,,,,,Subordinating Connective,subordinating conjunction,,
97,particle,PCL,A particle is a °bound °morph that is neither a °root nor an °affix nor a °person form nor a °linker.,"A particle is defined here as a subtype of clitic (= a bound morph that is neither a root nor an affix). In the literature, ""particle"" is usually treated as rather vague, but non-clitic forms are almost never called particles, and neither are person clitics.",particle,https://glossary.sil.org/term/particle,grammatical particle,https://en.wikipedia.org/wiki/Grammatical_particle,,,,Particle,,,
98,personal pronoun,PERSPRO,A personal pronoun is a person form that cannot cooccur with a conominal.,"When a person form can cooccur with a conominal, it is called ""cross-index"", and when it must cooccur with it, it is called ""gramm-index"". When a personal pronoun is a bound person form (i.e. a person index), it can be called ""pro-index"".",personal pronoun,https://glossary.sil.org/term/personal-pronoun,personal pronoun,https://en.wikipedia.org/wiki/Personal_pronoun,personal pronoun (CXN),personal pronoun (CXN) = a linguistic form used for contextual reference to a person in terms of their role in the speech act event. Example: I is a pronoun that refers to a person in terms of their role as speaker in a speech event. (Section 3.1),https://comparative-concepts.github.io/cc-database/cc-database.html#cxn:personal-pronoun,Personal Pronoun,,,
99,argument coding,ARGCOD,"Argument coding includes person indexing on the verb, flagging on the argument nominal, and rigid word order.",,,,,,,,,,,,
100,rigid order,RGORD,[[Rigid order refers to an order of two forms in a construction that is always the same in that construction.]],,,,,,,,,,,,
101,conominal,CONOM,A conominal is a °nominal that can cooccur in the same minimal clause with a °person index and that is °coreferential with it.,"The term was introduced in Haspelmath (2013). Note that when a person index can cooccur with a conominal, it is a cross-index or a gramm-index. ❡

Conominals are also often referred to as ""appositional NPs"", and a cross-indexing construction with a conominal is sometimes called ""doubling"" (because the referent appears to be expressed twice).",,,,,doubling (STR),"doubling (STR) = expression of a referent twice in a clause, by a referring phrase and simultaneously by an index. (Section 3.3.3)",https://comparative-concepts.github.io/cc-database/cc-database.html#str:doubling,,,,haspelmath_argument_2013
102,syntactic function,SYNTF,"[[The syntactic function of a nominal is its status as S- A-, P-, T- or R-argument.]]",,grammatical relation,https://glossary.sil.org/term/grammatical-relation,grammatical relation,https://en.wikipedia.org/wiki/Grammatical_relation,,,,,,,
104,interrogative pronoun,QPRO,An interrogative pronoun is a form that occurs in a constituent question and that occupies the position of the open parameter at issue.,,interrogative pro-form,https://glossary.sil.org/term/interrogative-pro-form,interrogative word,https://en.wikipedia.org/wiki/Interrogative_word,interrogative pronoun (CXN),"interrogative pronoun (CXN) = pronoun that is used to ask an addressee about the iden- tity of a referent whose identity is unknown to the speaker. Example: in Who ate my cookie?, who is an interrogative pronoun; the identity of the cookie eater is unknown to the speaker, who is asking the hearer to provide the referent’s identity. The interrog- ative form may also be a modifier rather than a pronoun: in Which book is required reading?, which is an interrogative modifier denoting the missing information about the book that is required reading. (Sections 3.4.2, 12.3.1)",https://comparative-concepts.github.io/cc-database/cc-database.html#cxn:interrogative-pronoun,Interrogative Proform,,,
105,grammatical person,PERSON,"Grammatical person is a dimension of grammatical meaning which has three values, two of which are speech roles: the speaker (1st person) and the hearer (2nd person), plus other referents that are neither speaker nor hearer (and do not include them) (3rd person).",,,,grammatical person,https://en.wikipedia.org/wiki/Grammatical_person,,,,,,,
106,A-argument,AARG,"An A-argument is the agent argument of a physical-effect verb ('kill', 'break').","This is often simply called ""A"" (or ""A argument"" without a hyphen). Note that here it refers to an argument type (a syntactic function, like ""subject""), not to a semantic role (as in Croft 2022; and also in Bickel's work; see Haspelmath 2011).",,,-,,A role (sem),"A role (SEM) = the agent or agent-like central participant role in the prototypical bivalent event (that is, a breaking event) or the prototypical trivalent event (that is, a giving event). Examples: in Jack broke the window, Jack plays the A role in the breaking event; and in Jill gave Joe the keys, Jill plays the A role in the giving event. (Section 6.3.1)",https://comparative-concepts.github.io/cc-database/cc-database.html#sem:a-role,,,,haspelmath_s_2011;croft_morphosyntax_2022
108,title [PR],TITLE,PRIMITIVE,,,,,,,,,,,,
110,applicative marker,APPL,An applicative marker is a grammatical marker occurring on a verb that changes the verb's valency in such a way that an argument other than the P of the base verb gets to be coded like the P-argument in a simple transitive clause.,"There are various subtypes of applicative markers, depending on the role which they transform into a P-argument. Thus, for example, an instrumental applicative marker is an applicative marker that transforms a nominal with an instrumental role into a P-argument, and languages often have benefactive or comitative applicative markers.

–– Polinsky (2005), Peterson (2007) and Pacchiarotti (2017) offer general cross-linguistically informed discussions of applicatives, and Pacchiarotti's Chapter 2 has extensive discussion of the terminology.

–– Many authors think of applicative constructions as containing an additional ""direct object"" of some kind, and then the question of the cross-linguistic identification of ""direct object"" arises. The definition in terms of ""P-argument"" (= coded like the monotransitive P) solves this problem.

–– Some languages have object-adding markers that indicate the addition (or mere presence) of a different kind of ""object"", e.g. a dative or oblique object, or even an adpossessor of an object. Such constructions are not applicatives by the definition given here, though they are of course very similar to them and may be treated identically in particular languages.",-,,applicative voice,https://en.wikipedia.org/wiki/Applicative_voice,,,,,,"""The effect of the applicative is to introduce a new internal argument into the argument structure of a verb. It thus allows a role that would be expressed as an oblique, if at all, to be expressed as a direct argument. The theta roles that the applicative can affect in this way are those which in many languages are expressed as obliques (adpositional or semantically case-marked phrases) and which are often optional arguments of the verb: beneficiaries, goals, instrumentals, etc."" (Alsina & Mchombo 1993: 27)

–– ""Applicatives assign the status of direct object to oblique roles of different kinds. [...] The applicative transitivizes an intransitive verb, providing it with a direct object. If a transitive verb is extended by an applicative the original direct object [...] will normally give up its status. But there are instances [...] where the original patient retains its ability to become the subject of a passive even after applicative formation has taken place."" (Haspelmath & Müller-Bardey 2004: 1134)

–– ""In terms of their morphosyntax, applicative constructions are constructions, or sentential structures, which involve a participant that normally would not be instantiated in a core object relation, but rather as an oblique of one or another sort, in a core (usually direct object) instantiation. There must be overt marking of the construction in the verbal complex [...]. The construction should also be highly productive across a significant portion of the verbal lexicon"" (Peterson 2007: 39)",polinsky_applicative_2005;peterson_applicative_2007;pacchiarotti_bantu_2017;alsina_object_1993;haspelmath_valency_2004
111,instrumental (role),INSTR,"A nominal bears the instrumental role if it serves to express the instrument (implement carried in the hand, body part, means of transport, or language) with which an action is carried out by the agent.",,instrument as a semantic role,https://glossary.sil.org/term/instrument-semantic-role,instrumental case,https://en.wikipedia.org/wiki/Instrumental_case,instrument (SEM),"instrument (SEM) = a semantic role including participant roles for a participant that is manipulated by the agent to bring about an event. Example: in Jack broke the window with a rock, the agent (Jack) manipulates the rock to bring about the breaking of the window. (Sections 6.1.2, 6.2.1)",https://comparative-concepts.github.io/cc-database/cc-database.html#sem:instrument,,,,
112,valency,VALY,The valency of a °verb is the set of °argument positions that the verb takes together with their grammatical properties.,"The valency of a verb is a kind of verb-specific construction, but since most valencies recur in multiple verbs, linguists set up macro-valency constructions (Haspelmath 2026), which are also called ""argument structure constructions"" (or simply ""valency constructions"").",valency,https://glossary.sil.org/term/valency,valency (linguistics),https://en.wikipedia.org/wiki/Valency_(linguistics),valency (SEM),"valency, valency class (SEM) = a class of events based on the number of central participant roles in the event, also described as the valency of an event. Events are divided into three valency classes: monovalent events, bivalent events, and trivalent events. (Section 6.1.2) ❡ argument structure construction (CXN) = a clause construction that consists of the predicate and the argument phrases that are dependent on that predicate. Example: the clause The engineers placed sandbags on the levee is an instance of an English argument structure construction made up of the predicate (placed) and the combination of three argument phrases, the Subject (the engineers) plus the Object (sandbags) plus the Oblique (on the levee). The function of the argument structure construction is its semantics – the participant roles that the referents of the argument phrases are playing in the event – combined with its information packaging – the relative salience implied by the Subject – Object – Oblique ranking of argument phrases. (Sections 2.2.4, 6.1.1)",https://comparative-concepts.github.io/cc-database/cc-database.html#sem:valency,,,,haspelmath_valency_2026
113,R-argument,RARG,The R-argument of a °ditransitive verb is the argument that expresses the °recipient or °addressee participant or that is °coded in the same way as these.,,indirect object,https://glossary.sil.org/term/indirect-object,-,,R role (SEM),"R role (a.k.a. G role, recipient) (SEM) = the recipient central participant role in a transfer event – that is, the participant that receives the theme (T) from the agent. Example: in Randy gave the car to his daughter, Randy’s daughter is in the R role. (Section 7.5.2) ❡ indirect object category (STR): the morphosyntactic category in the indirective align- ment system that exclusively expresses the R role. Example: in Randy gave the car to his daughter, the flag to exclusively expresses the R role. (Section 7.5.2)",,,,,
114,ditransitive verb,DITRV,"A ditransitive verb is a °verb that expresses transfer: physical transfer of °possession, like 'give', or mental transfer of information, like 'tell'.",,,,ditransitive verb,https://en.wikipedia.org/wiki/Ditransitive_verb,,,,Ditransitive Verb,,,
115,recipient (role),RECRL,"A nominal bears the recipient role if it serves to express the recipient of a physical transfer of °possession verb ('give', 'lend').",,,,,,recipient (SEM),"recipient (SEM) = a semantic role including participant roles for a participant that receives an entity from another participant. Example: in I sent the forms to the accountant, the accountant is the recipient of the forms sent. (Section 6.1.2)",https://comparative-concepts.github.io/cc-database/cc-database.html#sem:recipient,,,,
116,addressee (role),ADDR,"A nominal bears the addressee role if it serves to express the addressee of a mental transfer of information verb ('tell', 'teach').",,,,,,,,,,,,
117,negation [PR],NEGA,"PRIMITIVE 

(Negation means that a proposition has the opposite truth value.)",,negation,https://glossary.sil.org/term/negation,affirmation and negation,https://en.wikipedia.org/wiki/Affirmation_and_negation,negative (polarity) (SEM),"negative (polarity) (SEM) = indicates that the situation expressed in the utterance is false. Example: Kit didn’t find his glasses expresses that Kit finding his glasses is false. This is the prototypical use of negative polarity. Negative polarity may be used to reject other aspects of the construal of the situation expressed in the utterance, as in Kit didn’t like the movie – he loved it! (where the degree expressed by like is the information rejected).",https://comparative-concepts.github.io/cc-database/cc-database.html#sem:negative-polarity,,,,
118,standard negator,STNEG,A standard negator is a °negator that occurs in °declarative non-°subordinate clauses with a °verbal predicate.,,,,,,,,,,,,
119,declarative sentence,,A declarative sentence is a °sentence that can express a °statement speech act.,,declarative illocutionary point,https://glossary.sil.org/term/declarative-illocutionary-point,statement (logic),https://en.wikipedia.org/wiki/Statement_(logic),declarative (INF/CXN),"declarative (INF/CXN) = a speech act which simply asserts its propositional content, and the construction that expresses this speech act. Example: The English sentence Sandra picked up the children is an instance of a declarative speech act. The declarative is the most common speech act construction, and is considered the default speech act construction. (Section 12.1)",https://comparative-concepts.github.io/cc-database/cc-database.html#cxn:declarative-construction,,,,
120,root suppletion,SUPP,Root suppletion is a situation where two different °root forms have the same meaning and occur in different grammatical contexts in complementary distribution.,,suppletion,https://glossary.sil.org/term/suppletion,suppletion,https://en.wikipedia.org/wiki/Suppletion,,,,,,,
121,strong root suppletion,SSUPP,Strong root suppletion is a situation where two root forms that do not share the first plus another segment have the same meaning and occur in different grammatical contexts in complementary distribution.,,,,suppletion,https://en.wikipedia.org/wiki/Suppletion,,,,,,,
122,weak root suppletion,WSUPP,Weak root suppletion is a situation where two root forms that share the first plus at least another segment but are not regularly related have the same meaning and occur in different grammatical contexts in complementary distribution.,,,,,,,,,,,,
123,core argument,,"A core argument is an °A-argument, a °P-argument, or an °S-argument, or another argument that is °coded like one of these.","Core arguments contrast with oblique nominals, defined here as nominals flagged by a flag other than nominative, accusative, ergative and absolutive. The term ""core argument"" has been current in typological syntax since the 1980s. ❡

Note that the ""core"" constituent in Role and Reference Grammar may also contain oblique arguments, so that in this context, one needs to talk about ""direct (= non-oblique) core arguments"" (e.g. Van Valin 2023: 81).",core argument,https://glossary.sil.org/term/core-argument,,,core arguments (INF),"core arguments (INF) = the most salient arguments associated with a predication. Example: in Sally threw the letter into the wastebasket, Sally and the letter are construed as the most salient arguments; in The letter was thrown into the wastebasket, only the letter is construed as a salient argument. When there are two core arguments, the more salient argument is the subject and the less salient argument is the object. Core arguments are expressed by core argument phrases. (Section 6.1.1)",https://comparative-concepts.github.io/cc-database/cc-database.html#cxn:core-argument-phrase,,,"""All languages have grammatical functions because all languages have a contrast of core vs oblique NPs ([−oblique] vs [+oblique]). This is the minimal system of grammatical functions permissible and it does appear that there are languages in which this minimal system is all that there is."" (Foley 2007: 392) ❡

In this book, CORE NOMINAL TERMS (or simply CORE TERMS) is the cover term encompassing the nominal terms of verbal clauses fulfilling one of the three TR-roles, A, P, and S. OBLIQUE NOMINAL TERMS (or simply OBLIQUES), symbolized as X, are defined as nominal terms of verbal clauses that do not meet the definition of either A, P, or S."" (Creissels 2024: 30)",foley_typology_2007;creissels_transitivity_2024;bentley_principles_2023
125,S-argument,SARG,"An S-argument is the single argument of a noncausal change-of-state verb ('die', 'fall').",,,,,,,,,,,,
126,tense,,[...],,tense,https://glossary.sil.org/term/tense,grammatical tense,https://en.wikipedia.org/wiki/Grammatical_tense,tense (SEM),"tense (SEM) = a grammatical category, typically an inflectional category, that expresses the location of an event in time, usually with respect to the time of the speech act situation. In this textbook, tense is discussed primarily with respect to the expression of TAMP categories. (Sections 6.2.1, 13.4)",https://comparative-concepts.github.io/cc-database/cc-database.html#sem:tense,,,,
127,aspect,,[...],,aspect,https://glossary.sil.org/term/aspect,grammatical aspect,https://en.wikipedia.org/wiki/Grammatical_aspect,aspect (SEM),"aspect (a.k.a.aspectual structure) (SEM) = how an event unfolds over time. The semantics of aspectual structure is not discussed in detail in this textbook. However, certain basic aspectual distinctions are discussed in Section 6.2.2: dynamic and stative, punctual and durative, and telic and atelic. (Sections 6.1.1, 6.2.2)",https://comparative-concepts.github.io/cc-database/cc-database.html#sem:aspect,,,,
128,agent (role),AGRL,An °argument expression has the agent role if it denotes the instigator of an °action.,,agent as a semantic role,https://glossary.sil.org/term/agent-semantic-role,agent (grammar),https://en.wikipedia.org/wiki/Agent_(grammar),agent (SEM),"agent (SEM) = a semantic role that includes participant roles for a participant that volitionally initiates an event. Example: in Jack broke the window, Jack volitionally initi- ates the breaking event. (Section 6.1.2)",https://comparative-concepts.github.io/cc-database/cc-database.html#sem:agent,,,,
129,transitivizer,,A transitivizer is an °affix that combines with the °stem of an °intransitive verb and indicates that the resulting verb is °transitive.,,,,,,,,,,,,
130,transitive verb,,A transitive verb is a °verb that may occur in a °transitive clause.,,transitive verb,https://glossary.sil.org/term/transitive-verb,transitive verb,https://en.wikipedia.org/wiki/Transitive_verb,,,,Transitive Verb,,,
131,intransitive clause,INTRCS,"An intransitive clause is a °clause which is not °transitive, i.e. which does not contain two °argument positions that are coded in the same way as the arguments of the verbs 'kill' and/or 'break'.","Intransitive clauses need not be monovalent (contra Croft's definition), because they can contain an oblique argument in addition to the S-argument.",intransitivity,https://glossary.sil.org/term/intransitivity,intransitive verb,https://en.wikipedia.org/wiki/Intransitive_verb,intransitive construction (CXN),"intransitive construction (CXN) = the construction, or possibly set of constructions, used to express monovalent events with their single salient argument, in the S role. Example: The boys walked is an example of an English intransitive construction. Unlike the transitive construction and the ditransitive construction, there is no clear exemplar event for defining intransitive constructions, thanks to the existence of active align- ment. (Sections 6.1.2, 6.3.3)",https://comparative-concepts.github.io/cc-database/cc-database.html#cxn:intransitive-construction,,,,
132,intransitive verb,,An intransitive verb is a °verb that normally occurs in an °intransitive clause.,,,,intransitive verb,https://en.wikipedia.org/wiki/Intransitive_verb,,,,Intransitive Verb,,,
133,reflexive nominal,,A reflexive nominal is a form that is nominal-like in that it can be °flagged and that indicates that its referent is °coreferential with the °subject.,"A much more common term is ""reflexive pronoun"", but in most languages, such elements are more noun-like than pronoun like (see Haspelmath 2023).",,,reflexive pronoun,https://en.wikipedia.org/wiki/Reflexive_pronoun,,,,,,,janic_comparing_2023
134,reflexive marker,,A reflexive marker is a °bound form that occurs on °verbs and indicates that the °subject and an °object are °coreferential.,,,,,,,,,,,,
135,subject,SBJ,The subject of a °clause is its °S-argument when the clause is °intransitive and its °A-argument when the clause is °transitive.,"It has often been said that ""subject"" is a concept that cannot be applied cross-linguistically because of the diverse coding strategies (e.g. Foley & Van Valin 1977), but if it is defined disjunctively as the S-argument or the A-argument (as in Dixon 1994), it can be applied in a general sense.",subject,https://glossary.sil.org/term/subject,subject (grammar),https://en.wikipedia.org/wiki/Subject_(grammar),,,,,,"""Subject: A grammatical relation which refers to the grouping of the A and S arguments of a verb. In English, subject pronouns have a special case‐marking in the first and third person, i.e. I, we, he/she, they. Cross-linguistically, prototypical subjects are agents, but subjects may bear numerous other semantic roles."" (Tallerman 2011: 295)",tallerman_understanding_2011;foley_viability_1977;dixon_ergativity_1994
136,object (argument),,"An object argument of a °clause is its °P-argument when the clause is °transitive, and its °T-argument or its °R-argument when the clause is °ditransitive.",,object,https://glossary.sil.org/term/object,object (grammar),https://en.wikipedia.org/wiki/Object_(grammar),,,,,,,
137,ditransitive construction,DITRC,"A ditransitive construction is a °clause construction with a °verb and three °arguments that denotes an event of physical or mental transfer with an °agent argument, a °recipient/addressee argument, and a °theme argument, or a clause that has the same coding properties.",,ditransitivity,https://glossary.sil.org/term/ditransitivity,,,ditransitive construction (CXN),"ditransitive construction (CXN) = the construction used to express the agent of the trivalent giving event (the A role), the theme of the giving event (the T role), and the recipient of the giving event (the R role) when the agent is more salient than the theme or recipient. Example: Randy gave the car to his daughter is an instance of the exemplar (the single “most prototypical” example) of the ditransi- tive construction. (Sections 6.1.2, 7.5.1)",https://comparative-concepts.github.io/cc-database/cc-database.html#cxn:ditransitive-construction,,,,
138,T-argument,TARG,[[The T-argument of a ditransitive verb is its theme argument or another argument that is coded like the theme of a verb with a recipient-theme pattern.]],,,,,,T role (SEM),"T role (SEM) = the theme central participant role in a transfer event – that is, the par- ticipant that is transferred from the agent (A) to the recipient (R). Example: in Randy gave the car to his daughter, the car is in the T role. (Section 7.5.2)",,,,,
139,reciprocal marker,,A reciprocal marker is a °bound form that occurs on °verbs and indicates that the °subject and an °object are in a °mutual relationship.,,,,,,,,,,,,
140,serial verb construction,,A serial verb construction is a monoclausal construction consisting of multiple independent °verbs with no element °linking them and with no semantic predicate–argument relation between the verbs.,"The definition is from Haspelmath (2016: 296), where it is discussed in detail (see also Haspelmath 2027).",serial verb construction,https://glossary.sil.org/term/serial-verb-construction,,,,,,,,"“In many languages of the world, a sequence of several verbs act together as one unit. They form one predicate, and contain no overt marker of coordination, subordination, or syntactic dependency of any other sort. Such series of verbs are known as serial verb constructions, or serial verbs for short. Serial verbs describe what can be conceptualized as a single event. They are often pronounced as if they were one word.” (Aikhenvald 2018: 1)",haspelmath_serial_2016;haspelmath_biverbal_2027;aikhenvald_serial_2018
141,dominant order,DMORD,The dominant order of two (or more) forms is the order that occurs in at least two thirds of the occurrences in texts.,This definition is from Dryer (2005).,,,,,,,,,,,dryer_determining_2005
142,animate,,A noun or nominal or referent is animate if it denotes a human being or an animal.,,animate class,https://glossary.sil.org/term/animate-class,animacy,https://en.wikipedia.org/wiki/Animacy,animate (SEM),,https://comparative-concepts.github.io/cc-database/cc-database.html#sem:animate,,,,
143,relative pronoun,RELPRO,A relative pronoun is a °relativizer that can carry a °flag or has distinct forms for the roles °A and °P.,"Relativizers sometimes show gender or number distinctions reflecting the gender/number of the head noun, as in Standard Arabic, but do not carry a flag or distinguish syntactic roles. Such relativizers are not regarded as relative pronouns. (Cf. Comrie & Kuteva (2005: 494): ""Note that the mere presence of a pronoun that is restricted to relative clauses, and is thus in some intuitive sense a relative pronoun, is not sufficient to define an instance of the pronoun strategy  (Comrie 1998: 61-62). Such a relative pronoun can be case-marked, for instance, not to indicate its role in the relative clause, but rather to agree in case with the head noun in the main clause."")",relative pronoun,https://glossary.sil.org/term/relative-pronoun,relative pronoun,https://en.wikipedia.org/wiki/Relative_pronoun,relative pronoun (CXN),"relative pronoun (CXN) = a pronoun form that is unique to the relative clause construction, and is found in the externally headed relative clause construction using the relative pronoun strategy. Example: in He stole the emerald [which he gave to his wife], which is the relative pronoun. (Section 19.2.2)",https://comparative-concepts.github.io/cc-database/cc-database.html#str:relative-pronoun-strategy,Relative Pronoun,,"Comrie & Kuteva (2005: 494)
“[T]he position relativized is indicated inside the relative clause by means of a clause-initial pronominal element, and this pronominal element is case-marked (by case or by an adposition) to indicate the role of the head noun within the relative clause.” (http://wals.info/chapter/122) /// 

Michaelis et al. (2013)
""a relative-clause marker is regarded as a relative pronoun if it has different subject and object forms ..., or if it can be combined with an adposition"" (http://apics-online.info/parameters/92.chapter.html).",comrie_rethinking_1998;comrie_relativization_2005;michaelis_subject_2013
144,relativizer,RELZR,A relativizer is a °form that marks a °clause as being a °relative clause.,"A relativizer can have the same shape as a complementizer, i.e. one and the same form can be simultaneously a relativizer and a complementizer. A synonym is ""relative marker"".",relativizer,https://glossary.sil.org/term/relativizer,,,relativizer (STR),"relativizer (STR) = a form that signals that an action is being used as a modifier – that is, it signals a relative clause. Example: in I ate the cheesecake [that Carol baked], that is the relativizer. A relativizer makes a relative clause construction syndetic. (Section 19.2.1)",https://comparative-concepts.github.io/cc-database/cc-database.html#str:relativizer,Relativizer,,,
145,relative clause construction,RELC,A relative clause is a °clause which delimits the reference of a °nominal by specifying the °syntactic function or °semantic role of the nominal or the nominal’s referent in the (situation described by) the clause.,,relative clause,https://glossary.sil.org/term/relative-clause,relative clause,https://en.wikipedia.org/wiki/Relative_clause,relative clause construction (CXN),"relative clause construction (CXN) = a construction defined by the function of modifying a referent with an action concept. Example: I ate the cheesecake [that Carol baked] is an instance of a relative clause construction: that Carol baked is the relative clause (indicated by brackets), the cheesecake is the relative clause head, and I ate the cheesecake is the matrix clause. There are a wide variety of strategies used for relative clauses, including externally headed, internally headed, adjoined, correlative, noun-modifying clause and verb-coding, as well as participles. (Sections 2.2.5, 19.1)",https://comparative-concepts.github.io/cc-database/cc-database.html#cxn:relative-clause,,,“A canonical relative clause construction: (a) The construction involves two clauses – a main clause (MC) and a relative clause (RC) – making up one sentence … (b) The underlying structures of these two clauses must share an argument. This can be called the common argument (CA)... (c) The RC functions as a syntactic modifier of the CA in the MC… (d) The RC must have the basic structure of a clause – involving a predicate and the core arguments required by that predicate…” (Dixon 2010: 314),dixon_basic_2010-1
149,labile verb pair,LABILE,A labile verb pair is a °verb pair occurring in a °valency alternation where the °P-argument of the transitive alternant corresponds to the °S-argument of the intransitive alternant.,"Labile verb pairs are often called simply ""labile verbs"", treating both verbs as belonging to the same lexeme. For example, one might says that English break can be used transitively (I broke it) and intransitively (it broke), and English eat can be used transitively (I ate it) and intransitively (I ate). ❡ 

In an alternative usage (e.g. Letuchiy 2009), ""labile"" has a broader sense, referring to verb pairs occurring in all kinds of transitivity alternations.",,,labile verb,https://en.wikipedia.org/wiki/Labile_verb,labile (STR),"labile (a.k.a. ambitransitive, lexical causative) (STR) = a strategy in which the verb expressing a noncausal event and the verb expressing its counterpart causal event are identical. Example: in English, the same verb break is used for the causal event I broke the vase and the noncausal event The vase broke. (Section 6.3.4)",,,,"""In this discussion, I consider the traditional definition of a labile verb, adopted in Chikobava (1942), Kibrik et al. (1977) and many other typological and descriptive works: a labile verb is a verb which can be used transitively or intransitively without any formal change. In many other works, such as Haspelmath (1993a) and Ljutikova (2002), the definition is more restrictive: “in labile alternations, the same verb is used both in the inchoative and in the causative sense” (Haspelmath 1993a: 92); thus, a labile verb must have one monovalent (inchoative) and one bivalent (causative) use."" (Letuchiy 2009: 223)",letuchiy_towards_2009
150,ergative flag,,"An ergative flag is a °flag that marks a °nominal as °A-argument (in a transitive clause), but not as °P-argument or °S-argument.",,ergative case,https://glossary.sil.org/term/ergative-case,ergative case,https://en.wikipedia.org/wiki/Ergative_case,ergative category (STR),"ergative category (STR) = the morphosyntactic category in the ergative alignment system that exclusively expresses the A role. Example: The Yuwaalaraay flag -gu exclusively expresses the A role, and hence is an ergative flag. (Section 6.3.1)",https://comparative-concepts.github.io/cc-database/cc-database.html#str:ergative-category,ergative case,,"""An ergative argument marker is a marker that signals A-arguments, but not S- and P-arguments."" (Haspelmath 2022: 202)",haspelmath_ergative_2022
151,neutral monotransitive alignment,,[[Neutral monotransitive alignment is an argument coding pattern where the S-argument of intransitive verbs has the same argument coding as the A-argument and the P-argument of transitive verbs.]],,,,,,neutral alignment system (STR),"neutral alignment system (STR) = a system in which all three of the A, P, and S roles are expressed with the same form. Example: English argument phrases use the same (zero) flag for A, P, and S roles: Jack [A] broke the window [P] and Jack [S] died. (Section 6.3.1)",https://comparative-concepts.github.io/cc-database/cc-database.html#str:neutral-alignment,,,,
152,propositional verb,,A propositional verb is a verb of thinking or of knowing that can take a complement clause.,,,,,,,,,,,,
153,determiner,,A determiner (a cover term) is an °article or an °adnominal °demonstrative.,"The term was introduced by Bloomfield (1933) as a cover term for articles and demonstratives in English, because these occur in the same slot and are mutually exclusive. But they also have some semantic similarity, so the term can also be used as a comparative concept, for adnominal modifiers that are articles or demonstratives.",determiner,https://glossary.sil.org/term/determiner,determiner,https://en.wikipedia.org/wiki/Determiner,determiner (CXN),determiner (CXN) = a superordinate category of contextually defined forms that combine with common nouns; determiners include both demonstrative attributives and articles. (Section 3.2),https://comparative-concepts.github.io/cc-database/cc-database.html#cxn:determiner,,,,
154,plural form,,"[[A plural form is a form that can be used for a set of three or more entities of the same kind, that cannot be used for one entity of this kind, and that corresponds to a non-plural form that can be used for one entity.]]",,,,,,,,,,,,
155,logophoric pronoun,,A logophoric pronoun is an anaphoric form for a 3rd person referent in a complement clause of a verb of speech or a verb of thought that indicates coreference with the subject (the speaker or thinker) of the matrix clause.,"Works on logophoric pronouns often emphasize that the antecedent of the logophoric pronoun is best characterized in semantic terms, but the subject of the verb of speech or of thought is always included, so the narrower definition given here is not problematic.",,,,,logophoric construction (CXN),"logophoric construction (CXN) = the construction in a logophoric system for complement clause constructions that is used when a participant in the complement event is coreferential with the speaker, addressee, or experiencer of an utterance, propositional attitude, knowledge, or commentative event. Example: Donno Sɔ Oumar Anta inyemɛñ waa be gi ‘Oumari said that Anta had seen himi’ is an instance of the logophoric construction – the reference to Oumar in the comple- ment clause uses a special pronoun form inyemɛñ. (Section 18.4.2)",https://comparative-concepts.github.io/cc-database/cc-database.html#cxn:logophoric-construction,,,"""The logophoric form in a dependent clause is taken to mark coreference with a higher subject of a verb of saying... The logophoric form denotes reference to the reported speaker, whereas the regular pronominal form... in reported speech indicates reference to someone else."" (von Roncador 1992: 164)

""Logophoricity refers to the phenomenon whereby the ‘perspective’ of an internal protagonist of a sentence or discourse, as opposed to that of the current, external speaker, is being reported by some morphological and/or syntactic means."" (Huang 2002: 211)",huang_logophoric_2002
156,matrix clause,MATCS,The matrix clause of °subordinate clause is the minimal clause that contains it.,"A _matrix-clause fragment_ is the part of a matrix clause that is not the subordinate clause (Haspelmath 2020). In many cases, linguists actually mean a matrix-clause fragment when they use the term ""matrix clause"". (Another term that is frequently used in the same sense is ""main clause"", but a main clause is expected to be non-subordinate, in contrast to a matrix clause, which can itself be subordinate.)",matrix sentence,https://glossary.sil.org/term/matrix-sentence,,,matrix clause (CXN),"matrix clause (CXN) = the clause in a complex sentence construction that also contains a dependent clause; the dependent clause is a dependent of the matrix clause. Example: in She watered the plants before she ate lunch, She watered the plants is an instance of a matrix clause; before she ate lunch is a dependent clause. A matrix clause is often, but not always, a main clause; it may be a subordinate clause that is itself dependent on another matrix clause.",https://comparative-concepts.github.io/cc-database/cc-database.html#cxn:matrix-clause,,,,haspelmath_difference_2020
157,ownership (semantic relation) [PR],OWN,"PRIMITIVE 

(Ownership (of a possessum by a possessor) means that the possessor (a person) has control over the the possessum (an artifact, domestic animal, or piece of land) in the way that is usually referred to as ""owning"".)",,,,,,,,,,,,
158,applicative voice construction,APPLCON,An applicative voice construction is the coded alternant in an °applicative voice alternation.,,,,applicative voice,https://en.wikipedia.org/wiki/Applicative_voice,applicative construction (CXN),"applicative construction (CXN) = a construction describing an event in which a participant other than the P participant is coded as object – that is, a non-P participant is salient enough to be expressed as a core argument phrase, specifically object. Example: Fred baked me a shepherd’s pie, in which Fred baking the pie is the base event, encodes a non-participant, namely the recipient of the shepherd’s pie, as object. (Sections 9.1, 9.3)",https://comparative-concepts.github.io/cc-database/cc-database.html#cxn:applicative-construction,,,"""An applicative construction (henceforth: AC) is defined here in opposition to a base construction (henceforth: BC) with respect to several formal features, including those of one particular constituent of the former that bears a non-agentive semantic role, namely the applied phrase..."" (Zúñiga & Creissels 2024: 4)",
159,diminutive marking pattern,DIM,"A diminutive marking pattern is a pattern with an affix, or stem change, or partial reduplication marking diminutive meaning.",,,,,,,,,,,,
160,augmentative marking pattern,AUGM,"An augmentative marking pattern is a pattern with an affix, or stem change, or partial reduplication marking augmentative meaning.",,,,,,,,,,,,
161,collective universal quantifier,COLLUQ,A collective universal quantifier is an adnominal form that expresses 'all' (contrasting with distributive universal quantifier).,,,,,,,,,,,,
162,distributive universal quantifier,,A collective universal quantifier is an adnominal form that expresses 'every' (contrasting with collective universal quantifier).,,,,,,distributive quantifier (CXN),"distributive quantifier (CXN) = a form that specifies the members of the set but treats them 
individually (that is, the predicate applies to the whole set by virtue of applying to the individual members of the set). Example: in Every dog has fleas, every is a distributive quantifier. (Section 4.1.3)",https://comparative-concepts.github.io/cc-database/cc-database.html#cxn:distributive-quantifier-term,,,,
163,predpossessive clause,,A predpossessive clause is a °clause in which an °indefinite nominal is said to be °possessed by a °definite possessor expression.,"An example is 'My sister has a house.' A more traditional term is ""predicative possession"" (e.g. Stassen 2009), shortened here to ""predpossessive"" (cf. Haspelmath 2017: 196). ❡ 

It should be noted that predpossessive constructions are not ""predicational"" in that they lack a topic-comment structure, so the term is not particularly transparent. (""Predicative possession"" was introduced in order to contrast with ""attributive/adnominal possession"", but ""clausal possession"" would probably have been a better choice.)",,,,,presentational possession construction,,https://comparative-concepts.github.io/cc-database/cc-database.html#cxn:presentational-possession-construction,,,,stassen_predicative_2009;haspelmath_explaining_2017
164,comparative construction,,A comparative construction is a construction which compares two entities with respect to a °gradable property and in which one of the two shows a higher degree of the property than the other.,"The most commonly discussed type of comparative construction is called ""basic comparative construction"".",,,comparative sentence,https://en.wikipedia.org/wiki/Comparative_sentence,,,,,,"""In semantic or cognitive terms, comparison can be defined as a mental act by which two objects are assigned a position on a predicative scale. If the positions on the scale are different, then we speak of the comparison of inequality, which finds its linguistic encoding in comparative constructions. Such a construction essentially involves three things: a predicative scale, which, in language, is usually encoded as a gradable predicate, and two objects."" (Stassen 2005)",
165,comparative standard marker,STM,"[[In a °comparative construction in which the °standard is expressed, the °grammatical marker occurring on the standard nominal is the standard marker.]]",,,,,,,,,,,,
166,comparative degree marker,,A comparative degree marker is a marker that occurs on the parameter expression and that marks the construction as a comparative construction.,,,,,,degree marker (CXN),"degree marker (CXN) = a free morpheme or affix that expresses the relative degree of the gradable predicative scale applied to the comparee, in comparative and equative constructions. Example: in taller, the suffix -er is a degree marker. In addition to comparative and equative degree markers, some languages have a distinct superlative degree marker, such as -est in English tallest. (Section 17.2.2)",https://comparative-concepts.github.io/cc-database/cc-database.html#str:degree-marker,,,,
167,inclusory construction,,An inclusory construction is a construction in which a nonsingular person form (person index or independent personal pronoun) (= the inclusory conjunct) cooccurs in the same clause with a nominal (= the included conjunct) that denotes a proper subset of the referents of the inclusory conjunct.,,,,,,inclusory construction (CXN),"inclusory construction (CXN) = a construction in which there is reference to a first or second person participant, and additional third person participants. More specifically, attention is focused on the inclusory construction strategy in which an index encodes nonsingular first (or second) person, and the additional participants are expressed in an accompanying referring phrase. Example: In Toqabaqita doqora-mu mere ngata ‘Your brother and I spoke (to each other),’ first person ‘I’ is expressed only in the aux- iliary form mere ‘1st person dual exclusive nonfuture’; the referring phrase doqora-mu refers only to ‘your brother.’ (Section 4.4.4)",https://comparative-concepts.github.io/cc-database/cc-database.html#cxn:inclusory-construction,,,,
169,causative construction,CAUSC,"[[A causative construction is a construction describing an event in which an external cause has been added to the base event, and the external cause is salient enough to be expressed as a core argument phrase, specifically the subject.]]",,causative,https://glossary.sil.org/term/causative,causative,https://en.wikipedia.org/wiki/Causative,causative construction (CXN),"causative construction (CXN) = a construction describing an event, in which an external cause has been “added” to the base event, and the external cause is salient enough to be expressed as a core argument phrase, specifically the subject. Example: I made Fred wash the car is an instance of a causative construction in which Fred washing the car is the base event, and an external cause (me) is added and is encoded as the subject. (Sections 9.1, 9.2)",https://comparative-concepts.github.io/cc-database/cc-database.html#cxn:causative-construction,,,,
171,sentence,,"A sentence is a maximal °clause, i.e. a clause that is not part of another clause.",https://dlc.hypotheses.org/1725,sentence,https://glossary.sil.org/term/sentence,sentence,https://en.wikipedia.org/wiki/Sentence_(linguistics),,,,,,,
172,complex clause,CPLXCS,A complex clause is a °clause that contains at least one other °clause.,"The term ""complex sentence"" is often used as an alternative (but less precise) term.",,,,,complex sentence (CXN),"complex sentence (CXN) = a construction made up of more than one clausal construction. Example: [The birds were singing] [when I went out to get the newspaper] is an instance of a complex sentence construction consisting of two clauses, indicated by square brackets in the example. (Sections 1.3, 15.1.1)",https://comparative-concepts.github.io/cc-database/cc-database.html#cxn:complex-sentence,,,,
173,kinship (semantic relation) [PR],,"PRIMITIVE 

(A kinship relation means that two people are related to each other through parenthood or mating or relations derived from these.)",,,,,,,,,,,,
176,third person form,,[[A third person form is a form that can refer to a referent that is neither the speaker/producer nor the addressee.]],,third person deixis,https://glossary.sil.org/term/third-person-deixis,-,,third person pronoun (CXN),"third person pronoun (CXN) = a personal pronoun used for contextual reference to a person that is neither the speaker nor an addressee, or group of persons that does not include the speaker or addressee. Example: they is a third person pronoun, referring to a group, none of whom is the speaker or the addressee. (Section 3.1.1)",https://comparative-concepts.github.io/cc-database/cc-database.html#cxn:third-person-pronoun,,,,
177,reduplication,REDUP,"[[Reduplication is a process by which a root or part of a root, or a clitic or part of a clitic, is copied and occurs directly adjacent to the root.]]","The definition excludes ""affix reduplication"". If this were a possible type of reduplication, one could replace ""root/clitic"" by ""morph"".",reduplication,https://glossary.sil.org/term/reduplication,reduplication,https://en.wikipedia.org/wiki/Reduplication,,,,,,,
178,morph,MORPH,A morph is a minimal form.,"Colloquially, morphs are usually called ""morphemes"", but this term also has a range of technical uses. For example, one sometimes says that English has an abstract morpheme [PLURAL] that can be realized by -s (in student-s) or by -i (in alumn-i). But -s and -i are different forms, and hence different morphs (see Haspelmath 2020 for discussion). ❡

Sometimes morphs are said to be ""phonetic realizations of (abstract) morphemes"" (as in the SIL definition), or even that they belong to performance (language use) rather than the language system. But we clearly need a term for a minimal form (because roots, clitics and affixes are defined as kinds of minimal forms), so it is best to use ""morph"" in this sense. This seems to be what Bloomfield (1926: 155) had in mind with his term ""morpheme""",morph,https://glossary.sil.org/term/morph,morpheme,https://en.wikipedia.org/wiki/Morpheme,,,,morpheme,,"""A minimum form is a morpheme; its meaning a sememe. Thus a morpheme is a recurrent (meaningful) form which cannot in turn be analyzed into smaller recurrent (meaningful) forms. Hence any unanalyzable word or formative is a morpheme."" (Bloomfield 1926: 155) ❡ 

""Alternatively, _morph_ can be used for the minimal sign (cf. Mel’čuk 1982: 63; Mel’čuk 2006: 388), in which case the unit “set of minimal signs with the same expression” has no name − a tolerable gap since this unit is of far less interest than the morpheme."" (Mugdan 2015: 239)",bloomfield_set_1926;melcuk_towards_1982;melcuk_aspects_2006;mugdan_units_2015;haspelmath_morph_2020
179,clitic,CLC,A clitic is a bound morph that is not a root or an affix.,"The term ""clitic"" is used very inconsistently in the literature, but typically in contrast to ""affix"", and very often in contrast to ""free form"" (there is thus widespread agreement that clitics are bound forms). However, many authors say that affixes are somehow ""more bound"" than clitics, and/or that clitics are somehow ""phonologically deficient"" (and thus in need of a host). These statements have never been made fully precise. In the definition given here, there is no reference to phonological properties, and all that counts is indiscriminacy (or ""promiscuity"", i.e. lack of word-class selectivity).",clitic (grammar),https://glossary.sil.org/term/clitic-grammar,clitic,https://en.wikipedia.org/wiki/Clitic,,,,clitic,,,
180,enclitic,ENCLC,An enclitic is a clitic that can occur at the end of a free form but not at the beginning.,"Enclitics are often defined with respect to ""phonological attachment"" or phonological units (as in the definition of the SIL Glossary: ""An enclitic is a clitic that is phonologically joined at the end of a preceding word to form a single unit""). But the definition in terms of free form is easier to apply, because the nature of phonological units is often unclear.",enclitic,https://glossary.sil.org/term/enclitic,(no direct counterpart),https://en.wikipedia.org/wiki/Clitic#Classification,,,,enclitic,,,
181,proclitic,PROCLC,A proclitic is a clitic that can occur at the beginning of a free form but not at the end.,,proclitic,https://glossary.sil.org/term/proclitic,,,,,,proclitic,,,
182,suffix,SUF,A suffix is an affix that follows its root.,,suffix,https://glossary.sil.org/term/suffix,suffix,https://en.wikipedia.org/wiki/Suffix,,,,suffix,,,
183,prefix,PREF,A prefix is an °affix that precedes its °root.,,prefix,https://glossary.sil.org/term/prefix,prefix,https://en.wikipedia.org/wiki/Prefix,,,,prefix,,,
184,circumfixing construction,CIRCCON,A circumfixing construction is a °construction in which a °prefix and a °suffix occur on the same °root and occur always together without contributing separate meanings.,"Note that it is not possible to say that ""a circumfix is a kind of affix"", because affixes are by definition morphs (i.e. their shape is a continuous sequence of segments). The term ""a circumfix"" can only be an abbreviation for a circumfixing construction, or the two affixes that figure in it.",circumfixation,https://glossary.sil.org/term/circumfixation,circumfix,https://en.wikipedia.org/wiki/Circumfix,,,,circumfix,,"""Circumfix: An affix that appears in two pieces simultaneously with a prefixal portion and a suffixed portion. The participle of the German verb _machen_ (‘to make’) is _ge-mach-t_, with the circumfix _ge ... t_ appearing on both sides of the stem _mach_."" (Gebhardt 2023: xiv)",gebhardt_study_2023
185,infixing construction,INFCON,An infixing construction is a construction in an endophonic alternation in which the root contains an additional segment sequence.,"Most definitions of ""infix"" treat it as a kind of ""affix"", but a root or stem cannot contain an element ""inside"" it, because otherwise it would no longer be a contiguous segment sequence. Thus, infixing must be treated as a kind of root alternation.",infixation,https://glossary.sil.org/term/infixation,infix,https://en.wikipedia.org/wiki/Infix,,,,infix,,"""An infix is an affix inserted inside a word stem (an existing word or the core of a family of words)."" (English Wikipedia, April 2024)",
186,genitive flag,,A genitive flag is a °flag that indicates an °adpossessor.,"The term ""genitive"" has sometimes been used more generally, for all adpossessive nominals (e.g. by Greenberg (1963)).",genitive case,https://glossary.sil.org/term/genitive-case,genitive case,https://en.wikipedia.org/wiki/Genitive_case,,,,genitive case,,,
187,locative flag,,A locative flag is a °flag that indicates the °location role.,,locative case,https://glossary.sil.org/term/locative-case,,,,,,locative case,,,
188,nominative flag,,A nominative flag is a flag that marks an °argument as an °A-argument or an °S-argument.,,nominative case,https://glossary.sil.org/term/nominative-case,,,,,,nominative case,,,
189,predlocative clause,,[[A predlocative clause is a °clause with a °topic‐comment structure in which the subject is °definite and the °predicate is a locative phrase.]],"The term is from Haspelmath (2025). Creissels (2019) used ""plain-locational clause"". The subject of a predlocative clause can be called ""predlocatum"".",,,,,,,,,,,haspelmath_nonverbal_2025;creissels_inverse-locational_2019
192,shape or orientation copula,,A shape or orientation copula is a locational copula that depends on the shape or the orientation of the located object or person.,,,,,,,,,,,,
194,anaphoric form,,An anaphoric form is a form that stands for a referent which is °coreferential with another referent (an antecedent) in discourse.,"The definition is from Haspelmath (2023: 52). Typical anaphoric forms are anaphoric pronouns. Alternatively, one might say that an anaphoric form is ""a form which always receives its referential interpretation from another expression in the context.""",pro-form,https://glossary.sil.org/term/pro-form,,,anaphoric pronoun (CXN),"anaphoric pronoun (CXN) = a pronoun that is used for active referents. Example: English unstressed he, she, they are examples of anaphoric pronouns. Anaphoric pronouns are most often, but not always, used when the referent is active because it has been previously referred to in the discourse. (Section 3.3.1)",https://comparative-concepts.github.io/cc-database/cc-database.html#cxn:anaphoric-pronoun,,,,
195,future-tense marker,,A future tense marker is a marker that indicates temporal location after the moment of utterance and which is distinct from at least one other marker that does not indicate this.,,future tense,https://glossary.sil.org/term/future-tense,future tense,https://en.wikipedia.org/wiki/Future_tense,,,,,,"""future (tense): the situation takes place after the moment of speech; the speaker predicts that the situation in the proposition will hold."" (Bybee et al. 1994: 316)",bybee_evolution_1994
196,past-tense marker,,A verbal marker is a past-tense marker if it signals that the situation occurs before the utterance time.,,past tense,https://glossary.sil.org/term/past-tense,past tense,https://en.wikipedia.org/wiki/Past_tense,,,,,,"""Past indicates a situation which occurred before the moment of speech. In a given use of a particular gram, the meaning label past may co-occur with one or more of a range of other meaning labels, such as imperfective, habitual, and progressive, among others. In this chapter we consider only grams which have past as the sole meaning label of a use, past perfectives, and those that signal remoteness distinctions in the past. A simple past resembles a perfective in that it is the tense of narration of sequences of past events."" (Bybee et al. 1994: 54)",bybee_evolution_1994
197,direct sensory evidential construction,,A direct sensory evidential construction is a construction with grammatical marking on the verb which indicates that the information source is direct sensory evidence.,,,,,,,,,,,,
198,indirect evidential construction,,An indirect evidential construction is a construction with grammatical marking on the verb which indicates that the information source is not direct sensory evidence.,Indirect evidence most often means hearsay (reportative evidentials) or inference (inferential evidentials).,,,,,,,,,,,
199,grammatical marking,,"Grammatical marking is a cover term for marking by (i) °grammatical markers, i.e. bound non-root forms (especially affixes, but also ""clitics"" of various kinds), (ii) °reduplication, or (iii) endophony.","A quasi-synonym of ""marking"" is ""coding"", and ""grammatical"" is redundant because ""marking"" implies ""grammatical"" (there is no such thing as ""lexical marking""; however, ""lexical coding"" is sometimes used as a synonym of ""lexical expression""). ""Grammatical marking"" is broader than ""use of a grammatical marker"", because grammatical marking may also occur by root modification or reduplication (e.g. English past tense may be expressed by root modification: sing vs. sang).",,,,,,,,,,,
200,count noun,,A count noun root is a root that denotes an object or person and that can be modified by a cardinal numeral without requiring a mensurative noun.,,count noun,https://glossary.sil.org/term/count-noun,,,,,,,,,
201,mass noun,,[[A mass noun root is a °root that denotes a substance and that cannot be modified by a °cardinal numeral without requiring a mensurative noun.]],,mass noun,https://glossary.sil.org/term/mass-noun,,,,,,,,,
202,mensurative,,A mensurative form is a form denoting a measure that can be modified by an adjective like a noun and that can be used with cardinal numerals to denote a part of a mass or a plurality.,"Typical mensuratives are slice (a slice of bread), basket (a basket of apples), and kilo (a kilo of rice). See also Haspelmath (2025).",,,,,mensural term (CXN),"mensural term (CXN) = a term that measures out a quantity or unit of a referent. Mensural terms are classified in different ways; this textbook divides measure terms into meas- ure terms, container terms, form terms, group terms, piece terms, and species terms. (Section 4.1.3)",https://comparative-concepts.github.io/cc-database/cc-database.html#cxn:mensural-term,,,,haspelmath_numeratives_2025
203,in situ position,INSITU,An interrogative expression/phrase is said to occur in situ if it occurs in the same position in which the corresponding non-interrogative expression/phrase would occur in an answer.,,,,,,,,,,,"""Languages in which interrogative phrases occur in the same position as corresponding noninterrogative phrases are sometimes described as placing interrogative phrases in situ."" (Dryer 2005: Position of Interrogative Phrases in Content Questions)",
204,interrogative phrase,,[[An interrogative phrase is an °interrogative pronoun or a °nominal containing an interrogative pronoun as a °modifier.]],,,,,,,,,,,,
205,internally-headed relative clause,INTRELC,[[An internally-headed relative clause is a °relative clause whose °head occurs as a constituent of the clause.]],,internal relative clause,https://glossary.sil.org/term/internal-relative-clause,,,internally headed strategy (STR),"internally headed strategy (STR) = a strategy for the expression of the necessarily shared participant in the relative clause construction, in which the relative clause head denoting the shared participant is expressed only inside the relative clause. Example: in Imbabura Quechua [kan kwitsaman kwintuta villashka]-ka ali kwitsami ‘The girl to whom you told the story is a good girl,’ the relative clause kan kwitsaman kwintuta villashka ‘you told the story to the girl’ contains the relative clause head kwitsaman ‘(to) the girl,’ and the girl is not expressed in the matrix clause ... ali kwitsami ‘... is a good girl.’ The internally headed relative clause as a whole functions as an argument of the matrix clause predicate and may be recruited from the complement clause construction. The internally headed strategy is rare but fairly widely dispersed among the languages of the world. (Section 19.2.3)",https://comparative-concepts.github.io/cc-database/cc-database.html#str:internally-headed-strategy,,,,
206,decimal numeral system,DECIM,[[A decimal numeral system is a system of cardinal numerals in which the base is ten.]],,,,,,,,,,,,
207,correlative relative clause construction,CORRELC,"[[A correlative relative clause construction is a strategy for the relative clause in which it is juxtaposed to the matrix clause, the shared participant is expressed in the relative clause accompanied by a relative clause marking morpheme, and the shared participant is also expressed in the matrix clause, as either a noun or a pronoun.]]",The definition here is based on Croft (2022).,,,,,correlative strategy (STR),"correlative strategy (STR) = a strategy for the relative clause construction in which the relative clause is juxtaposed to the matrix clause (not unlike the adjoined strategy), the necessarily shared participant is expressed in the relative clause (not unlike the internally headed strategy) accompanied by a relative clause marking morpheme (which may be a relative pronoun form), and the shared participant is also expressed in the matrix clause, as either a noun or a pronoun. Example: Hindi [ādmī ne jis cākū se murgī ko mārāthā] us cākū ko rām ne dekhā ‘Ram saw the knife with which the man killed the chicken’ is an instance of the correlative strategy: the relative clause ādmī ne jis cākū se murgī ko mārāthā ‘The man killed the chicken with which knife’ contains the relative clause head cākū ‘knife,’ modified by the relative pronoun jis ‘which,’ and is preposed to the matrix clause us cākū ko rām ne dekhā ‘that knife Ram saw,’ which contains a second expression of the relative clause head us cākū ‘that knife.’ (Section 19.2.3)",https://comparative-concepts.github.io/cc-database/cc-database.html#str:correlative-strategy,,,,
208,head noun of relative clause,,[[The head noun of a °relative clause is the °noun whose reference is delimited by it.]],,internal relative clause,https://glossary.sil.org/term/internal-relative-clause,,,,,,,,,
209,cardinal numeral,CNUM,[[A cardinal numeral is a form that expresses the cardinality of a set of individuals.]],,cardinal numeral,https://glossary.sil.org/term/cardinal-numeral,cardinal numeral,https://en.wikipedia.org/wiki/Cardinal_numeral,cardinal numeral (CXN),"cardinal numeral (CXN) = a form that expresses the number (cardinality) of a set of individuals of the type. Examples: in one tree, two boys, three books, one/two/three are cardinal numerals. (Section 4.1.3)",https://comparative-concepts.github.io/cc-database/cc-database.html#cxn:cardinal-numeral-term,Cardinal Numeral,,,
210,present-tense marker,PRSCON,A present tense marker is marker that indicates temporal location of the event simultaneous with the utterance moment.,,present tense,https://glossary.sil.org/term/present-tense,,,,,,,,,
211,meronymy (semantic relation) [PR],,"PRIMITIVE 

(Meronymy means that two entities are related to each other as part and whole.)",,,,,,,,,,,,
214,deictic distance [PR],,PRIMITIVE (Deictic distance means distance from the speaker/producer or speech situation and is relevant to demonstratives in many languages.),,place deixis,https://glossary.sil.org/term/place-deixis,,,,,,,,,
215,deictic elevation [PR],,PRIMITIVE (Deictic elevation means upward or downward position from the speaker/producer or speech situation and is relevant to demonstratives in some languages.),,,,,,,,,,,,
216,deictic visibility [PR],,PRIMITIVE (Deictic visibility means visibility by the speaker/producer or in the speech situation and is relevant to demonstratives in some languages.),,,,,,,,,,,,
217,imperfective construction,IMPFCON,[[An imperfective construction is a construction with grammatical marking on the verb which indicates habituality or progressive reference and which is distinct from at least one other construction that does not indicate this.]],,,,,,,,,,,,
218,perfective marker,PFVCON,A verbal °marker is a perfective marker if it indicates °bounded aspectual reference and if it can be used for a sequence of successive events in a narrative.,,perfective aspect,https://glossary.sil.org/term/perfective-aspect,,,,,,,,"""Perfectives signal that the situation is viewed as bounded temporally. Perfective is the aspect used for narrating sequences of discrete events in which the situation is reported for its own sake, independent of its relevance to other situations (Hopper 1982). It is thus often used to refer to situations that occurred in the past. Anterior differs from perfective in that it would not be marked on several verbs in succession that are reporting a sequence of events but would only be used to show that some action is prior to the others in the narrative (Givón 1982)."" (Bybee et al. (1994: 54)",bybee_evolution_1994;hopper_aspect_1982
219,paucal form,,"[[A paucal form is a form that can be used for a set of between three and seven of the same kind, that cannot be used for one or two entities of this kind, and that contrasts with a non-paucal form.]]",,,,,,,,,,,,
220,passive voice construction,PASS,A passive voice construction is the coded alternant in a °passive voice alternation.,"A passive voice construction is defined here as a a strategy, not as a functionally defined construction as in Croft's (2022) definition.",passive voice,https://glossary.sil.org/term/passive-voice,passive voice,https://en.wikipedia.org/wiki/Passive_voice,passive–inverse voice construction (CXN),"passive–inverse voice construction (CXN) = a type of nonbasic voice construction that expresses a situation in which the P participant has a higher discourse salience than the A participant. Example: the English Passive Construction, as in The boys were followed by a mountain lion, is an instance of the passive–inverse voice construction. (Sections 6.3.4, 8.3)",https://comparative-concepts.github.io/cc-database/cc-database.html#cxn:passive-inverse-voice,,,"""We understand the term _passive_ here as a construction where the external argument is always present semantically, but is either implicit or expressed as an oblique or PP."" (Wood & Tyler 2025: 503)",barbiers_voice_2025
221,antipassive voice construction,,An antipassive voice construction is the coded alternant in an °antipassive voice alternation.,"The definition is from Haspelmath (2027). It is completely parallel to the definition of ""passive (voice construction)"".",antipassive voice,https://glossary.sil.org/term/antipassive-voice,,,antipassive construction (CXN),"antipassive construction (CXN) = any construction that is used for a P participant that is less salient than it usually is in the basic voice construction. Example: West Greenlandic inun-nik tuqut-si-vuq ‘He killed people,’ with an oblique flag -nik for the argu- ment phrase expressing P and an overtly coded verb form with the suffix -si, is an instance of the antipassive construction. (Section 8.4)",https://comparative-concepts.github.io/cc-database/cc-database.html#cxn:antipassive-construction,,,,haspelmath_antipassive_2027
222,nonverbal clause construction,,"A nonverbal clause construction (a cover term) is a clause that is equational, or ascriptive, or locopossessional, or hyparctic.","The term is from Haspelmath (2025). It corresponds to the earlier term ""nonverbal predication"" (Hengeveld 1992; Creissels et al. 2026), but it does not include ""predication"" because some nonverbal clauses are non-predicational. Moreover, it also includes attributional clauses (= clauses with a property predicate) that are very verb-like in a particular language.",,,,,,,,,,,haspelmath_nonverbal_2025;creissels_non-verbal_2026;hengeveld_non-verbal_1992
223,verbal clause,,A verbal clause is a clause that includes a verb that is not part of a subordinate clause.,,,,,,,,,,,,
224,imperative sentence,,"An imperative sentence is a °sentence that can express a °directive speech act, but not a °statement or °question.",,directive modality,https://glossary.sil.org/term/directive-modality,,,imperative–hortative (INF/CXN),"imperative–hortative (INF/CXN) = a speech act which requests that the action expressed in the propositional content of the imperative–hortative be carried out, prototypically by the addressee but possibly by other persons; and the construction that expresses this speech act. Example: Dance! is an example of the English imperative–hortative construction for the second person, and Let’s dance! is an example of the same for the first person plural. The term ‘hortative’ is sometimes used for a first person imperative–hortative, and ‘jussive’ for a third person imperative–hortative. A negative imperative–hortative is a prohibitive. (Sections 12.1, 12.4)",https://comparative-concepts.github.io/cc-database/cc-database.html#cxn:imperative-hortative-construction,,,"""Two classes of sentences tend to stand apart from all others by virtue of their modality. The first class comprises imperative sentences, which do not make statements at all, but express commands or instructions (Come here!, Put your coat on!, etc.)."" (Lyons 1968: 307) ❡

""Imperatives constitute one of the major clause types of human language; most if not all languages have a grammatically distinctive class of sentences which are associated closely with directive meaning."" (Portner 2016: 593)",lyons_introduction_1968;portner_imperatives_2016
225,flexible order,,[[A construction exhibits flexible order if it does not exhibit rigid  order.]],,,,(no direct counterpart),https://en.wikipedia.org/wiki/Word_order#Pragmatic_word_order,,,,,,,
226,preposition,,A preposition is an °adposition that precedes its °nominal.,,preposition,https://glossary.sil.org/term/preposition,(no direct counterpart),https://en.wikipedia.org/wiki/Adposition,preposition (STR),"preposition (STR) = an adposition which occurs before the head of the referring phrase. Example: in on the table, on is an adposition that precedes the table. (Section 4.3)",https://comparative-concepts.github.io/cc-database/cc-database.html#str:preposition,Preposition,,"""It is often claimed that prepositions are not a lexical category, but rather that they are simply case markers on noun phrases, possibly even inserted by transformations... These analyses are based on the mistaken assumption that the only possible complement to a preposition is NP; if prepositions enforce strict subcategorization restrictions and occur with such bizarre complements as PP and even NP - PP, the analysis is obviously untenable. Nevertheless, there is some relationship between prepositions and cases which we would do well to clarify at this point.
The reason for considering prepositions to be case markers is semantic: prepositions in one language often translate as case markers in another language, and vice versa. And even within a single language, prepositions and case markers often perform very similar semantic functions, as alternative realizations of indirect objects, for example."" (Jackendoff 1977: 80)",jackendoff_x-bar_1977
227,adposition,,An adposition is a °flag that is not an °affix.,"That adpositions and case affixes are functionally similar has long been recognized, but it was only after Haspelmath (2005) that the general term ""flag"" (which was coined in the 1980s) gained ground. Flags are defined as a kind of bound morphs, and the difference between case affixes and adpositions is simply that the former are affixes while the latter are not affixes. ❡

Since bound morphs that are not affixes (or roots) are clitics, one can also say that adpositions are clitic flags. Note that the definition excludes forms that are called ""adpositions"" but are actually adverbs because they can occur on their, as free forms (e.g. English _before_).",adposition,https://glossary.sil.org/term/adposition,adposition,https://en.wikipedia.org/wiki/Adposition,adposition (STR),"adposition (STR) = a flag which occurs as an independent word, in contrast to a case affix. Adpositions are distinguished by position: preposition, postposition, and circumposition. (Section 4.3)",https://comparative-concepts.github.io/cc-database/cc-database.html#str:adposition,Adposition,,"""Adpositions ... may be defined as grammatical tools which mark the relationship between two parts of a sentence: one is the element which an adposition governs. It is traditionally called its complement and is mostly represented by a noun or noun-like word or phrase. It will be called here the governed term. The other part is an entity which either functions as the predicate of this sentence, or is a non-predicative noun. Adpositions mark, therefore, the fact that, from the syntactic point of view, their governed term depends on a head."" (Hagège 2010: 1)",haspelmath_argument_2005;hagege_adpositions_2010
229,existive,EXV,"An existive is a °copula that can be used in °existential clauses but not in °equational, °predlocative or °ascriptive clauses.","Existives like Spanish ""hay"" are sometimes called ""existential predicators"" (Creissels et al. 2026: §4.4.3), even though existential clauses are not really predicational. The term ""existive"" was first used in Haspelmath (2025: 7). The term must be defined negatively because in some languages, existives can be used in predpossessive clauses.",existential marker,https://glossary.sil.org/term/existential-marker,,,,,,Existential Marker,,,
231,auxiliary,AUX,"An auxiliary is a non-°affixed °bound form cooccurring with a °verb that expresses TAMEP (°tense, °aspect, modality, °evidentiality, or polarity) meanings and that has person marking which °indexes the verb’s °subject.","The definition is from Haspelmath (2027). It does not define ""auxiliary"" as a kind of verb, but it requires the presence of subject indexing in order to distinguish auxiliaries from verb-associated particles. It does not make reference to a continuum or to grammaticalization, but defines an auxiliary as a bound form that is not an affix (i.e. a clitic).",auxiliary verb,https://glossary.sil.org/term/auxiliary-verb,auxiliary verb,https://en.wikipedia.org/wiki/Auxiliary_verb,auxiliary (CXN),"auxiliary (CXN) = the element expressing TAMP meaning in an auxiliary construction. [Example: in The cats have eaten, have is the auxiliary in the auxiliary construction have eaten.] (Section 13.4) ❡

auxiliary construction (CXN) = an eventive complex predicate construction in which one element of the construction, the auxiliary, denotes tense, aspect, modality, and/ or polarity (typically abbreviated TAMP), and the other element of the construction denotes the event whose tense, aspect, modality, and/or polarity is expressed by the first element. [Example: in English She might be sitting in the living room, might be sitting is an example of an auxiliary construction.] (Section 13.4)",https://comparative-concepts.github.io/cc-database/cc-database.html#cxn:auxiliary,Auxiliary,,"“(An auxiliary is) an item on the lexical verb–functional affix continuum, which tends to be at least somewhat semantically bleached, and grammaticalized to express one or more of a range of salient verbal categories, most typically aspectual and modal categories, but also not infrequently temporal, negative polarity, or voice categories.” (Anderson 2006: 4-5)",haspelmath_biverbal_2027;anderson_auxiliary_2006
232,converb,CVB,A converb is a form that consists of a °verb °stem and a special °affix but no °subject °person indexing and that can occur as the °predicate of a °subordinate clause that is neither a °relative clause nor a °complement clause.,"The definition here is from Haspelmath (2027). It is different from the definition in (1995) in that it does not make reference to the notions ""nonfinite"" and ""adverb"" or ""adverbial"", and in that it does not rely on a ""main function"". Instead of ""nonfinite"", it specifies the presence of a special affix and the absence of subject person indexing.",,,converb,https://en.wikipedia.org/wiki/Converb,converb (STR),"converb (STR) = a deranked predicate form in an asyndetic deranked adverbial clause construction that lacks subject person indexation. Example: in Sitting in front of his desk, he noticed a bright light out the window, sitting is a converb. Haspelmath (1995: 5) excludes from the converb category forms that are deranked with subject person indexation that is different from that found with declarative main clause predication.",https://comparative-concepts.github.io/cc-database/cc-database.html#str:converb,Converb,,"""A converb is defined here as a nonfinite verb form whose main function is to mark adverbial subordination. Another way of putting it is that converbs are verbal adverbs, just like participles are verbal adjectives."" (Haspelmath 1995: 3)",haspelmath_biverbal_2027;haspelmath_converb_1995
234,postposition,POSTP,A postposition is an °adposition that follows its complement nominal.,,postposition,https://glossary.sil.org/term/postposition,(no direct counterpart),https://en.wikipedia.org/wiki/Adposition,postposition (STR),"postposition (STR) = an adposition which occurs after the head of the referring phrase. Example: in Urarina nii banaao asae ‘under that leaf shelter,’ asae ‘under’ follows nii banaao ‘that leaf shelter.’ (Section 4.3)",https://comparative-concepts.github.io/cc-database/cc-database.html#str:postposition,Postposition,,,
235,connective,CONN,A connective (a cover term) is a °subordinator or a °coordinator.,"In earlier times, the term ""conjunction"" was used as a cover term for ""subordinating conjunctions"" and ""coordinating conjunctions"", and this usage still survives in the pedagogical literature. However, it is not clear that subordinators and coordinators are really a natural class, so it is better to use the new terms ""subordinator"" and ""coordinator"", and to define the cover term ""connective"" in terms of these two terms, rather than the other way round.",connective,https://glossary.sil.org/term/connective,,,conjunction (STR),"conjunction (STR) = a free morpheme or clitic that encodes the relation between the events 
denoted by the two clauses in a complex sentence construction. A conjunction in a coordinate clause construction is a coordinator; in an adverbial clause construction, it is an adverbializer; in a complement clause construction, it is a complementizer; and in a relative clause construction, it is a relativizer. (Section 15.2.2)",https://comparative-concepts.github.io/cc-database/cc-database.html#str:conjunction,Connective,,"""By connective we mean a linking device establishing a given relation between two clauses or phrases. In this work we will mainly focus on interclausal connectives, even though some examples of nominal conjunction and disjunction will also be provided."" (Mauri & van der Auwera 2012: 377)",
236,adverbial subordinator,,[[An adverbial subordinator is a grammatical marker that occurs on a clause and indicates that it is an adverbial clause.]],"In the earlier literature, adverbial subordinators are generally known as ""adverbial subordinating conjunctions"" (""adverbial subordinators which are separate words are referred to as subordinating conjunctions by traditional grammar""; Dryer 2005: 382). They may occur as clitics, or as affixes on the verb, and in the latter case they may also be known as ""converbal affixes"". Here the term ""subordinator"" is used equally for all such markers, regardless of their affixal or clitic status (note that Kortmann 1997 excluded affixes).",adverbializer,https://glossary.sil.org/term/adverbializer,,,adverbializer (STR),"adverbializer (STR) = a morpheme that overtly expresses the semantic relation in an adverbial clause construction. Example: in I left the party because I was tired, because is the adverbializer. An adverbial clause construction with an adverbializer is an example of syndetic subordination. If the morpheme is affixed to a predicate, it is not an adverbializer but an overt marker of deranked status. (Section 15.3.2)",https://comparative-concepts.github.io/cc-database/cc-database.html#str:adverbializer,Adverbializer,,"""The original working definition of adverbial subordinators was the following: ""free forms or bound morphemes which specify some semantic interclausal (or: circumstantial, adverbial) relation between the subordinate clause over which they operate and the modified matrix clause..."" This scope has been narrowed down to an investigation of lexical markers, i. e. free forms, thus leaving aside bound conjunctional particles"" (Kortmann 1997: 5) ❡

""[Adverbial subordinators:] morphemes which mark adverbial clauses for their semantic relationship to the main clause"" (Dryer 2005: 382)",dryer_order_2005;kortmann_adverbial_1997
238,event nominalization word,,"[[An event nominalization word is a °word derived from a verb, denoting the °event.]]","The simpler ""event nominalization"" can also refer to the entire construction, including the arguments. For this, the fuller ""event nominalization construction"" can be used.",verbal noun,https://glossary.sil.org/term/verbal-noun,,,action nominal (a.k.a. nominalization) (STR),"action nominal (a.k.a. nominalization) (STR) = a deranked predicate form that is capable of inflecting for case or of taking adpositions in the same way as nouns do, and with reasonable productivity. Example: in He remains under investigation, investigation is an action nominal. Action nominals overwhelmingly lack predicate-like tense–aspect– mood and argument indexation inflections. (Section 15.3.2)",https://comparative-concepts.github.io/cc-database/cc-database.html#str:action-nominal,Gerund,,,
241,pronoun,,"A pronoun (a cover term) is a °personal pronoun, or an °interrogative pronoun, or a °demonstrative pronoun, or an °indefinite pronoun, or a °relative pronoun.","It does not seem to be possible to define ""pronoun"" in a non-enumerative way. Note that pronouns need not be nominal, but can be adjectival, adverbial, and even verbal. Adverbial pronouns are often called ""pronominal adverbs"", or ""pro-adverbs"", and similarly for ""pro-adjectives"" and ""pro-verbs"", and if this usage is adopted, then ""pronoun"" is replaced by ""pro-form"". However, it has never been widely adopted by linguists, so here ""pronoun"" is used in a broad sense, with no relation to ""noun"". (See also this blogpost: https://dlc.hypotheses.org/2575)",pronoun,https://glossary.sil.org/term/pronoun,,,,,,Pro Form,,,
242,indefinite pronoun,,[[An indefinite pronoun is a form that can occur on its own and that stands for an indefinite referent.]],,indefinite pronoun,https://glossary.sil.org/term/indefinite-pronoun,indefinite pronoun,https://en.wikipedia.org/wiki/Indefinite_pronoun,,,,Indefinite Pronoun,,"""There is both a functional and a structural component to the definition of the subject matter of this study: From a functional point of view, the expressions investigated here can be characterized as indefinite (in the sense discussed below), and from a structural (or formal) point of view they can be characterized as pronouns, i.e. grammatical elements."" (Haspelmath 1997: 9)",haspelmath_indefinite_1997
244,adpossessive personal pronoun,,[...],"In the older tradition, the term ""possessive pronoun"" was often used for adpossessive personal pronouns, as if these were not a special kind of personal pronoun. This terminology is still current for European languages, though the older distinction between ""possessive adjectives"" (= dependent adpossessive personal pronouns) and ""possessive pronouns"" (= independent adpossessive personal pronouns) is apparently no longer used.",possessive pronoun,https://glossary.sil.org/term/possessive-pronoun,,,,,,Possessive Pronoun,,,
245,reciprocal pronoun,,[[A reciprocal pronoun is a noun-like form that occurs in the position of one of the participants in a mutual situation.]],,reciprocal pronoun,https://glossary.sil.org/term/reciprocal-pronoun,,,,,,Reciprocal Pronoun,,,
246,reflexive pronoun,,[[A reflexive pronoun is a reflexive nominal that exhibits some pronoun-like features.]],,reflexive pronoun,https://glossary.sil.org/term/reflexive-pronoun,reflexive pronoun,https://en.wikipedia.org/wiki/Reflexive_pronoun,,,,Reflexive Pronoun,,,
247,classifier,,[[A classifier is a nomifier that is not a gender marker.]],,classifier,https://glossary.sil.org/term/classifier,https://en.wikipedia.org/wiki/Classifier_(linguistics),,,,,Classifier,,,
248,numerative,NUMV,"A numerative is a °bound °morph that is one of several which occur in complementary distribution next to an °adnominal °cardinal numeral (and possibly next to other adnominal modifiers), but not next to a °predicating form, and whose choice is determined by the class of the numerated °noun rather than contributing a meaning of its own.","The definition is from Haspelmath (2025). A more common term is ""numeral classifier"", but this term is sometimes used more broadly (not only for ""sortal numeral classifiers"", but also for ""mensural numeral classifiers""), and it suggests that a numeral classifier is a kind of ""classifier"". This latter term is not well-defined, so the term ""numerative"" seems more appropriate.",,,Japanese counter word,https://en.wikipedia.org/wiki/Japanese_counter_word,sortal classifier (STR),,https://comparative-concepts.github.io/cc-database/cc-database.html#str:sortal-classifier,Numeral Classifier,,,haspelmath_numeratives_2025
250,universal quantifier,,A universal quantifier is an °adnominal modifier that indicates that the proposition holds for the entire domain.,,,,(no direct counterpart),https://en.wikipedia.org/wiki/Universal_quantification,universal pronoun (CXN),universal pronoun (CXN) = universal pronouns express when the predication applies to all referents in a set determined by the type description provided by the pronoun. Example: Everyone left the room predicates of all members of a contextually determined set of people (indicated by -one) that they left the room. (Section 3.5),https://comparative-concepts.github.io/cc-database/cc-database.html#cxn:universal-pronoun,,,,
251,quantifier,,A quantifier is a non-affixal form that provides information on the quantity of a set of objects or an amount of substance.,"The most widely discussed quantifiers in linguistics are universal quantifiers ('all', 'every') and existential quantifiers ('one', 'some'), but languages also frequently use mid-scale quantifiers ('several', 'many'), and cardinal numerals are typically regarded as quantifiers as well (e.g. Keenan & Paperno 2012). (However, Croft (2022) does not include them.) ❡ 

In logic, ""quantifier"" has a different sense, referring to formal operators such as ∀ and ∃, and this sense sometimes influences the way linguists use the term.",quantifier,https://glossary.sil.org/term/quantifier,quantifier (linguistics),https://en.wikipedia.org/wiki/Quantifier_(linguistics),quantifier (CXN),"quantifier (CXN) = forms that describe the quantity of the instances of a type, where the precise cardinality of the set is not specified. Quantifiers include vague numerals, amount terms, proportional quantifiers, and distributive quantifiers. (Section 4.1.3)",https://comparative-concepts.github.io/cc-database/cc-database.html#cxn:quantifier-term,Quantifier,,"""Quantifiers are free-standing expressions whose meanings involve the notion of quantity, such as English three, several, numerous, most, every, one hundred and twenty three, all but seventeen, and so forth."" (Gil 2001: 1275)",gil_quantifiers_2001;croft_morphosyntax_2022;keenan_handbook_2012
252,distributive numeral,DISTNUM,"[[A distributive numeral is a numeral that answers ""how many times each?""]]",,distributive numeral,https://glossary.sil.org/term/distributive-numeral,distributive numeral,https://en.wikipedia.org/wiki/Distributive_numeral,,,,Distributive Numeral,,"""The meanings of sentences containing distributive numerals can be described in terms of a binary semantic relationship of distributivity that obtains between an expression containing the distributive numeral, the distributive share, and some other expression in the sentence, the distributive key. This relationship may be expressed by means of the English preposition per, in accordance with the formula share per key."" (Gil 2005)",
253,multiplicative numeral,MULTNUM,[[A multiplicative numeral is a numeral that counts how many times its object should be multiplied.]],,multiplicative numeral,https://glossary.sil.org/term/multiplicative-numeral,multiplier (linguistics),https://en.wikipedia.org/wiki/Multiplier_(linguistics),,,,Multiplicative Numeral,,,
254,ordinal numeral,ONUM,[[An ordinal numeral is a form that indicates the position or rank in a sequential order.]],,ordinal numeral,https://glossary.sil.org/term/ordinal-numeral,ordinal numeral,https://en.wikipedia.org/wiki/Ordinal_numeral,ordinal numeral (CXN),"ordinal numeral (CXN) = a set-member term for a member in an ordered set, based on the precise position of the member in the ordering of the set. Example: in the second tree, second is an ordinal numeral. (Section 4.1.3)",https://comparative-concepts.github.io/cc-database/cc-database.html#cxn:ordinal-numeral-term,Ordinal Numeral,,,
255,question marker,QM,A question marker is a bound morph that occurs in a sentence and marks this sentence as an interrogative sentence.,"Question markers come in two types: question particles (clitics, i.e. forms which do not occur always on the verb) and question affixes (morphs that always occur on the verb).",,,,,,,,Interrogative Operator,,,
256,participle,,[[A participle is a verb form that consists of a verb stem and a participial affix.]],,participle,https://glossary.sil.org/term/participle,participle,https://en.wikipedia.org/wiki/Participle,participle (STR),"participle (STR) = a deranked relative clause predicate. Example: in The car almost hit the roadrunner [eating a grasshopper], eating is a participle in the relative clause eating a grasshopper. (Section 19.2.1)",https://comparative-concepts.github.io/cc-database/cc-database.html#str:participle,Participle,,"""participles, that is, deranked verb forms that can be employed for adnominal modification"" (Shagal 2019: 1)",shagal_participles_2019
257,ignorative pronoun,,An ignorative pronoun is a pronoun that is (used as) an interrogative pronoun or an indefinite pronoun.,,,,,,,,,,,,
259,appertentive clause,,An appertentive clause is a clause construction with a topic-comment structure with a definite subject that has a predicate that is a possessor nominal.,"An example is _This house belongs to my sister_. The definition is adapted from Haspelmath (2025: 17). Appertentive clauses have simply been called ""belong clauses"" (Stolz & Levkovych 2019), but Bickerton (1981/2016) called them ""ownership (expressions)"" (as opposed to ""possession expressions""). The predicate nominal in an appertentive clause can be called ""appertentum"". As they are clearly predicational (in contrast to predpossessive clauses, which do not have a topic-comment structure), Croft (2022: 316) calls them ""predicational possession clauses"".",,,,,,,,,,,haspelmath_nonverbal_2025;bickerton_roots_1981;croft_morphosyntax_2022;johanson_belonging_2019
260,possessor (role),,A °nominal bears a possessor role if it serves to express the controller in a possessive relation.,,,,,,possessor role (SEM),"possessor role (SEM) = the person who has control over the possessum in a possession relation. Example: in I have a car, I am the possessor. The possessor may also serve as the modifier in a possessive modification construction. (Sections 4.1.4, 10.4.2)",https://comparative-concepts.github.io/cc-database/cc-database.html#sem:possessor,,,,
261,topic-comment structure [PR],,PRIMITIVE,,,,,,topic–comment (a.k.a. categorical) (INF/CXN),"topic–comment (a.k.a. categorical) (INF/CXN) = the information packaging in which one concept (the comment) is predicated about another concept which is referred to (the topic); and the construction that expresses that information packaging. Example: The bus stopped is an instance of a topic–comment construction in which stopped is the comment and The bus is the topic. Topic–comment information pack- aging is basically synonymous with predication; the term ‘topic–comment’ high- lights the fact that a predication is a predication about a referent. (Sections 2.2.2., 10.1.2, 11.1, 11.2.1)",https://comparative-concepts.github.io/cc-database/cc-database.html#inf:topic-comment,,,,
262,ascriptive clause,,An ascriptive clause (a cover term) is a °classificational or an °attributional clause.,"The definition is from Haspelmath (2025: 17). ""Ascriptive"" is used in a somewhat different sense by Hengeveld (1992) and by Huddleston & Pullum (2002: §5.5.1). Creissels et al. (2026: §4.1) use the term ""inclusion predication” to cover both of these types.",,,,,,,,,,,haspelmath_nonverbal_2025;huddleston_cambridge_2002;hengeveld_non-verbal_1992;creissels_non-verbal_2026
263,classificational clause,,A classificational clause is a °clause with a °topic-comment structure which has a °definite subject argument and an °indefinite nominal as the °predicate.,"The definition is adapted from Haspelmath (2025: 17). The term ""class inclusion"" is sometimes used in the literature, but this is not a well-known term either.",predicate noun,https://glossary.sil.org/term/predicate-noun,,,,,,,,,creissels_non-verbal_2026;haspelmath_nonverbal_2025
264,attributional clause,,An attributional clause is a clause with a topic-comment structure in which the predicate is an adjective.,"The definition is adapted from Haspelmath (2025: 17). Note that ""adjective"" is understood here in a notional sense (""property word"").",predicate adjective,https://glossary.sil.org/term/predicate-adjective,,,,,,,,,haspelmath_nonverbal_2025
265,characterizational clause,,A characterizational clause is an °equational clause in which the °topic is a °value nominal and the °comment is a °variable nominal.,"The definition is from Haspelmath (2025: 17). An example is ""Warsaw is the capital of Poland"". Characterizational clauses contrast with  specificational clauses, where the topic is a variable nominal and the comment is a value nominal (e.g. ""The capital of Poland is Warsaw""); see Haspelmath (2025: §9). The term ""characterizational"" is used in this way by Kuno & Wongkhomthong (1981) and Hengeveld (1992: 82-83).",,,,,,,,,,,haspelmath_nonverbal_2025;hengeveld_non-verbal_1992;kuno_characterizational_1981
266,equational clause,,An equational clause is a °clause construction that puts two °nominals both of which are °definite in correspondence.,"The definition is from Haspelmath (2025: 17). ""Putting two nominals in correspondence"" is a formulation chosen to be neutral between different readings such as characterizational and specificational. How to best describe the meanings of such sentences is not quite clear (cf. den Dikken & O'Neill 2017). Creissels et al. (2016: §4.2) use ""identity predication"" for equational clauses. ❡ 

Croft's (2022) use of ""equational"" is somewhat different, and perhaps more like Grammaticon's ""tautotic"".",,,,,equational (INF/CXN),"equational (INF/CXN) = a type of identificational information packaging in which two referents that the hearer assumed were different individuals are asserted to be, in fact, one and the same individual; and the construction that expresses that information packaging. Example: in The Morning Star is the Evening Star, it is asserted that two celestial objects that were once thought to be distinct objects (and given distinct names) are one and the same, namely the planet Venus. (Section 10.1.2)",https://comparative-concepts.github.io/cc-database/cc-database.html#cxn:equational-construction,,,"""We take as instances of identity predication any clause in which the predicate and the argument phrase are equireferential, i.e. establish a correspondence between two descriptions of the same referent (or set of referents). Examples are Mary is Phil’s mother, Sam is that one, Those men are the people I mentioned. This definition is narrower than Stassen’s (1997: 101) and rather corresponds to his definition of “equational statements”."" (Creissels et al. 2026: 28)",haspelmath_nonverbal_2025;den_dikken_copular_2017;creissels_non-verbal_2026;stassen_intransitive_1997
267,topic,,A topic expression is an expression denoting an entity that a proposition is about when it has a topic-comment structure.,,topic,https://glossary.sil.org/term/topic,topic and comment,https://en.wikipedia.org/wiki/Topic_and_comment,topic phrase (CXN),"topic phrase (CXN) = a referring phrase that refers to the topic, usually applied to a phrase that is distinct in form and role from the subject phrase. Example: in Japanese Nihon wa syuto ga sumiyoi ‘As for Japan, its capital is a good place to live,’ Nihon wa [Japan TOP] is a topic phrase marked by the topic marker wa. ❡ topic (INF ) = in a topic–comment information packaging, the topic is the referent that the comment is predicated about. Example: in Bill is a teacher, being a teacher is predicated about the referent Bill. A topic is a referent; arguably, all referents are topics, although some referents are more topical and others are less topical. (Section 10.1.2)",https://comparative-concepts.github.io/cc-database/cc-database.html#sem:topic,,,,
268,value nominal [PR],,PRIMITIVE,,,,,,,,,,,,
269,variable nominal [PR],,PRIMITIVE,,,,,,,,,,,,
270,classificatory nominal,,A classificatory nominal is the °predicate °nominal in a °classificational clause.,"The definition is from Haspelmath (2025: 17). A more common term is ""predicate nominal"" (though this term is used for a predicate-like nominal in duonominal constructions in general, not just for the predicate in classificational clauses).",,,,,,,,,,,haspelmath_nonverbal_2025
271,duonominal clause,,A duonominal clause (a cover term) is a °classificational or an °equational clause.,"The term was first used by Haspelmath (2025: 2). Classificational and equational clauses share the property of putting two nominals in correspondence, without any possessional or locational meaning. They are often treated together, and often called called ""equative"" (or simply ""predicate nominal clauses""; Dixon (2010) uses ""identity clause""). The problem  for an intensional definition is that equational and classificational clauses can be semantically rather different (only the latter are always predicating).",equative clause,https://glossary.sil.org/term/equative-clause,,,,,,,,,haspelmath_nonverbal_2025
273,plural word,,A plural word is a jotic that expresses plural meaning.,"Dryer (1989: 865): ""A plural word is a morpheme whose meaning and function is similar to that of plural affixes in other languages, but which is a separate word that functions as a modifier of the noun.""",,,,,,,,,,,
274,incorporation construction,INCORP,An incorporation construction is an event-denoting verb-noun compound construction in which the noun occupies an argument slot of the verb and occurs in a position where nominal patient arguments cannot occur.,"The definition given here is from Haspelmath (2025: 2). ❡ 

Note that the term ""incorporated"" is sometimes also used for person forms that occur as affixes, e.g. ""Anaphoric agreement markers are incorporated pronouns that fulfill the function of clausal arguments."" (Siewierska 2001: 233)",,,incorporation (linguistics),https://en.wikipedia.org/wiki/Incorporation_(linguistics),,,,,,"""In [noun incorporation], a noun stem is compounded with a verb stem to yield a larger, derived verb stem."" (Mithun 1984: 847)",siewierska_argument_2001;haspelmath_compound_2025;mithun_evolution_1984
275,ambiclitic,,An ambiclitic is a °clitic that can occur at the beginning or at the end of a free form.,"The term is from Haspelmath (2023: 17), and was constructed on the analogy of ""ambiposition"" and ""ambifix"".",,,,,,,,,,,haspelmath_types_2023
276,interclitic,,An interclitic is a °clitic that can occur neither at the end of a free form nor at the beginning.,"The term is from Haspelmath (2023: 17), and was constructed on the analogy of ""interfix"".",,,,,,,,,,,haspelmath_types_2023
277,negindefinite pronoun,,"A negindefinite pronoun is an °indefinite pronoun (or determiner) which either (i) can express °negation in isolation, or (ii) always occurs in the °scope of a °clausal negation meaning.","The term was coined (abbreviated from ""negative indefinite pronoun"") by Haspelmath (2025), in order to avoid the vagueness of ""negative indefinite pronoun"" (a term used in Haspelmath 1997, but sometimes misinterpreted).",,,,,,,,,,,haspelmath_negindefinites_2025;haspelmath_indefinite_1997
278,negative concord construction,,A negative concord construction is a construction in which a negindefinite pronoun cooccurs with another negative form in the same minimal clause resulting in a simplex negation meaning.,The definition is from Haspelmath (2025: 60).,,,(no direct counterpart),https://en.wikipedia.org/wiki/Double_negative,,,,,,,haspelmath_negindefinites_2025
279,concord negindefinite,,A concord negindefinite is a pronoun (or determiner) which can occur in a negative concord construction in the scope of the negation meaning.,"The term is from Haspelmath (2025: 62). Concord negindefinites have often been called ""n-words"" (or N-words) (following Laka 1990: 108), but the precise meaning of ""n-word"" (or more recently, ""negword"") has been unclear since the beginning.",,,,,,,,,,,haspelmath_negindefinites_2025;laka_negation_1990
280,negative polarity item,,A negative polarity item is a form which may occur in the scope of a clausal negation meaning (of the same clause or of a superordinate clause) that is expressed by some other negative form and which may not occur in affirmative declarative independent clauses.,The definition is from Haspelmath (2025: 63).,,,polarity item,https://en.wikipedia.org/wiki/Polarity_item,,,,,,"""Negative polarity items are expressions (either words or idiomatic phrases) with a limited distribution, part of which always includes negative sentences."" (Hoeksema 2000: 115)",haspelmath_negindefinites_2025;horn_negative_2000
281,converbal clause,,A converbal clause is a dependent clause that is neither a °relative clause nor a °complement clause and whose °verb lacks °person indexing and includes an °affix that marks the clause as dependent.,,,,,,,,,,,,
282,construction,,A construction is a conventional schema for creating or motivating well-formed expressions in which there is at least one open slot that can be filled by one of several expressions belonging to the same form-class.,"The definition here is from Haspelmath (2023). It is different from widespread definitions adopted by Construction Grammar representative, where not only schemas, but also forms (including words) are regarded as constructions. However, these definitions are rarely applied in practice, so the definition given here actually accords well with the practice of Construction Grammar.",construction,https://glossary.sil.org/term/construction,grammatical construction,https://en.wikipedia.org/wiki/Grammatical_construction,construction,"construction = the basic unit of morphosyntactic analysis; a construction is a conventional pairing of form and function – its form is morphosyntactic structure, and its function is a combination of meaning (semantic content) and information packaging (Section 1.1). When combined with a modifier describing a specific construction, ‘[Modifier] construction’ refers to any pairing of form and function in a language (or any language) used to express a particular combination of semantic content and information packaging denoted by the modifier of ‘construction’ (Section 1.4). Example: the numeral modification construction exemplified by three tree-s consists of a form which: (i) can be described schematically as [NUM NOUN-NUMBER]; (ii) performs the function of referring to a group of objects of the type denoted by the noun (tree), and modifying that information with the additional information that the cardinality of the group is the amount denoted by the number (three). Specific constructions (a.k.a. cri- teria, tests, evidence) are used to define word classes. (Section 1.2.3)",https://comparative-concepts.github.io/cc-database/cc-database.html#cxn:construction,,,"""Over seventy years after Saussure's death, several linguists then explicitly started to explore the idea that arbitrary form-meaning pairings might not only be a useful concept for describing words or morphemes but that perhaps all levels of grammatical description involve such conventionalized form- meaning pairings. This extended notion of the Saussurean sign has become known as a 'construction' (which includes morphemes, words,idioms, and abstract phrasal
patterns) and the various linguistic approaches exploring this idea were labeled 'Construction Grammar'."" (Hoffmann & Trousdale 2013: 1)",haspelmath_what_2023;hoffmann_construction_2013
283,form-class,,A form-class is a class of forms (or expressions) that can occur in the same slot in a construction.,"The terms ""construction"" and ""form-class"" are interdefined here. This is not an ideal solution which should be considered preliminary.",,,,,,,,,,,
284,word,,"A word is (i) a °free °morph, or (ii) a °clitic, or (iii) a °root or a °compound possibly augmented by nonrequired affixes and augmented by required affixes if there are any.","The definition given here is from Haspelmath (2023). It does not define ""word"" as a ""natural"" concept, but it is largely in line with the way linguists use the term. The definition indicates that ""word"" can hardly be a basic concept of grammar, and if the morphology/syntax division is based on the ""word"" concept, it can hardly be a basic architectural division.

The notion of ""required affix"" (= an affix that must be present in a free form unless it is replaced by another affix) has not played a role in the earlier literature, but it seems to be needed to exclude stems such as Latin _lup-_ 'wolf'. This stem is a root but not a word, because a case-number affix is required (e.g. _lup-us_ 'wolf.NOM.SG', _lup-orum_ 'wolf.GEN.PL').",word,https://glossary.sil.org/term/word,word,https://en.wikipedia.org/wiki/Word,,,,,,"""The notion of ‘word’ covers a number of interrelated concepts. A ‘phonological word’ as a minimally pronounceable unit is recognized on phonological criteria. A ‘grammatical word’ is recognized on exclusively grammatical – morphological and syntactic – principles."" (Aikhenvald et al. 2020: 1)",aikhenvald_essence_2020;haspelmath_defining_2023
285,compound,,"A compound is a form consisting of two adjacent roots that instantiates, or was created by, a compound construction.",The definition is from Haspelmath (2025: 5).,compound,https://glossary.sil.org/term/compound,compound (linguistics),https://en.wikipedia.org/wiki/Compound_(linguistics),,,,,,"“In [defining compounds] we do not aim for more than a rough approximation, as it is clear that the respective criteria are not only in part language-specific, but also a matter of controversial theoretical debate.” (Finkbeiner & Schlücker 2019: 9)",haspelmath_compound_2025;finkbeiner_compounds_2019
286,compound construction,,"A compound construction is a construction consisting of two strictly adjacent slots for °roots that cannot be expanded by °full-nominal or °adjectival °modifiers, or by °degree qualifiers.",The definition is adapted from Haspelmath (2025: 1).,,,,,compounding (STR),"compounding (STR) = a strategy for encoding the relation in major propositional acts (modifier–referent, predicate–argument), in which the two elements are combined in a single word. Example: in doorknob, door and knob form an instance of compound- ing. The term ‘compounding’ or ‘compound’ is also used for the typifying construc- tion and the binominal lexeme construction. (Section 4.2)",https://comparative-concepts.github.io/cc-database/cc-database.html#str:compounding,,,,haspelmath_compound_2025
287,full nominal,,A full nominal is a °nominal that is not a °pronoun.,"An alternative term is ""lexical NP"", because pronouns have often been regarded as ""grammatical"". However, according to Boye & Harder's (2012) definition, many pronouns are not grammatical elements, so ""full nominal"" is a better term.",,,,,,,,,,,boye_usage-based_2012
289,goal (role),,A nominal bears the goal role if it serves to express the goal of a spatial motion verb ('go').,,goal as a semantic role,https://glossary.sil.org/term/goal-semantic-role,,,,,,,,,
290,semantic role [PR],,PRIMITIVE,"Other terms are ""thematic role"" (or ""theta role"") and ""participant role"".",semantic role,https://glossary.sil.org/term/semantic-role,thematic relation,https://en.wikipedia.org/wiki/Thematic_relation,participant role (SEM),"participant role (a.k.a. Frame Element, microrole) (SEM) = the role that a particular participant performs in an event – specifically, what the participant does, or has done to them, in the course of the event. Example: in the eating event, there is an ‘eater’ par- ticipant role and a ‘food’ participant role, and different things happen with the ‘eater’ and the ‘food’ in the eating event. (Sections 6.1.1, 6.1.2)",https://comparative-concepts.github.io/cc-database/cc-database.html#sem:participant-role,,,,
291,second person form,,A second person form is a form that must refer to the addressee of the current utterance or to a group of people including the addressee.,,second person deixis,https://glossary.sil.org/term/second-person-deixis,-,,,,,,,,
292,first person form,,A first person form is a form that must refer to the producer (speaker/signer) of the current utterance or to a group of people including the producer.,,first person deixis,https://glossary.sil.org/term/first-person-deixis,-,,first person pronoun (CXN),"first person pronoun (CXN) = a personal pronoun used for contextual reference to a person in their role as speaker. The term is conventionally used also for a pronoun referring to a group of persons, one of whom is the speaker. Example: I and we are first person pronouns, the former referring to the speaker and the latter to a group including the speaker. (Section 3.1.1)",https://comparative-concepts.github.io/cc-database/cc-database.html#cxn:first-person-pronoun,,,,
293,locatum (role),,A nominal bears the locatum role if it serves to express the object whose °location or °path of motion is described relative to a °spatial ground.,"In a predlocative clause, one can say that the locatum is a ""predlocatum"", and in an existential clause, one can say that the locatum is an ""existent"".",,,,,figure (SEM),"figure (SEM) = the object in a spatial scene whose location or path of motion is being described relative to a ground. Example: in Meagan ran into the cave, Meagan is the figure, and her path of motion is described relative to the location of the cave. (Sections 7.3.1, 14.5)",https://comparative-concepts.github.io/cc-database/cc-database.html#sem:figure,,,,
294,free relative clause,,[A free relative clause is a relative clause that lacks a head noun.]],,,,,,free relative clause (CXN),"free relative clause (CXN) = a relative clause construction in which the head has one of several possible indefinite functions – that is, specific, irrealis, free choice, and/or universal. Example: in Take what(ever) you like, what(ever) you like is a free relative clause using a headless strategy, and in Take anything you like, anything you like is a free relative clause using an overt head strategy. (Section 19.4)",https://comparative-concepts.github.io/cc-database/cc-database.html#cxn:free-relative-clause-construction,,,,
295,force (role),,[[A °nominal bears a force role if it serves to express the nonvolitional initiator of an event.]],,force as a semantic role,https://glossary.sil.org/term/force-semantic-role,,,force (SEM),"force (SEM) = a semantic role including participant roles for a participant that initiates an event but is not volitional (usually because it is not human), i.e. is not an agent. Example: in Lightning shattered the old tree, the lightning initiates the shattering event but is not an agent. (Section 6.1.2)",https://comparative-concepts.github.io/cc-database/cc-database.html#sem:force,,,,
296,free choice indefinite,FREECH,[[A free choice indefinite is an indefinite pronoun which expresses the idea that the referent can be chosen freely.]],,,,-,,free choice referent (INF ) / pronoun (CXN),"free choice referent (INF ) / pronoun (CXN) = an unspecified referent in certain contexts, whose identity can be freely chosen without affecting the truth value of the utterance. Example: in After the fall of the Wall, East Germans were free to travel anywhere, anywhere is a free choice pronoun expressing a referent – a place – toward which the agent in the clause, the East Germans, is free to choose to travel. (Section 3.5)",https://comparative-concepts.github.io/cc-database/cc-database.html#inf:free-choice-referent,,,,
297,synexpression,,Two meanings A and B are said to be synexpressed if they are expressed simultaneously by a minimal form (a morph).,Two subtypes of synexpression are syllexification and syngrammification. These three terms were first proposed by Haspelmath (2023).,,,,,fusion (STR),"fusion (STR) = a highly grammaticalized strategy for encoding the relation in major propositional acts (modifier–referent, predicate–argument), in which the two elements are fused in a single morpheme. Example: Lakhota ina ‘my mother’ fuses ‘my’ and ‘mother.’ (Section 4.5) ❡ cumulation = the expression of multiple “grammatical” (not lexical) meanings in a single morpheme. Example: English -s in She sing-s cumulates third person, singular number, and present tense in a single morpheme. (Sections 1.6, 4.4.1)",https://comparative-concepts.github.io/cc-database/cc-database.html#str:fusion,,,,
298,factive predicate,,[[A factive predicate is a predicate that takes a °complement clause whose truth is presupposed by the speaker.]],,,,(no direct counterpart),https://en.wikipedia.org/wiki/Presupposition#Factive_verbs,factive event (SEM),factive event (SEM) = an event in which a positive epistemic stance is taken by the speaker toward a proposition denoted by some part of that construction. Example: It is appalling that Donald won the election – an example of a commentative complement clause construction – is factive in that the speaker takes a positive epistemic stance toward the complement proposition that Donald won the election.,,,,,
299,agree/disagree polar response,,[[An agree/disagree polar response is a construction in which a polar response word expresses the truth or falsity of the proposition expressed in the polar question.]],See Enfield et al. (2019).,,,,,agree/disagree alignment strategy (STR),"agree/disagree alignment strategy (STR) = an alignment strategy for the polarity response construction in which the answer agrees/disagrees with the polarity of the question. Example: in Gulf Arabic, the answers to the negative polarity question maa ʕindik fluus, muu chidhi? ‘You don’t have any money, right?’ are naʕam ‘yes, I have no money’ (agreeing with the speaker) or bala ‘no, I do have money’ (disagreeing with the speaker). (Section 12.3.3)",https://comparative-concepts.github.io/cc-database/cc-database.html#str:agree-disagree-alignment,,,,
300,appertentum,APPUM,An appertentum is the predicate nominal of an appertentive clause.,"For example, in ""This house belongs to my mother"", the appertentum is ""my mother"". This term was first proposed by Haspelmath (2023). Hengeveld (1992: 100) refers to the appertentum as “possessive predicate”.",,,,,,,,,,,
301,extroverted action,,An extroverted action is an action not normally performed on oneself or on each other (contrasting with introverted action).,,,,,,extroverted event (SEM) / verb (CXN),"extroverted event (SEM) / verb (CXN) = an event not normally performed on oneself or on each other; and a verb expressing such an event. Examples: seeing something vs. one-self, or loving someone vs. oneself (or even each other), are instances of extroverted events, and see and love are extroverted verbs. (Section 7.2)",https://comparative-concepts.github.io/cc-database/cc-database.html#cxn:extroverted-verb,,,,
302,adnominal relative clause,ADNRELC,[[An adnominal relative clause is a relative clause that must occur adjacent to the head noun.]],"This roughly corresponds to Croft's (2022) ""externally headed"" type, but according to Croft, ""externally headed relative clauses may be prenominal, postnominal, or extraposed"", i.e. he includes extraposed relative clauses, whereas they are treated as distinct from adnominal relative clauses here.",,,,,externally headed (STR),"externally headed (STR) = a relative clause construction in which the relative clause head is expressed as an argument of the matrix clause predicate. Example: in I ate the cheesecake [that Carol baked], that Carol baked is an externally headed relative clause; the relative clause head is the cheesecake, which is the Direct Object of the matrix predicate ate. The externally headed strategy is by far the most common strategy for relative clause constructions. Externally headed relative clauses may be prenominal, postnominal, or extraposed. Externally headed relative clauses may use a gap, pronoun-retention, or relative pronoun strategy. (Section 19.2.2)",https://comparative-concepts.github.io/cc-database/cc-database.html#str:externally-headed,,,,
303,extraposed relative clause,EXTRELC,An extraposed relative clause construction is a construction in which a relative clause occurs on the margin of the matrix clause (rather than adjacent to the head noun) but is in all other respects identical to an adnominal relative clause.,,extraposition,https://glossary.sil.org/term/extraposition,extraposition,https://en.wikipedia.org/wiki/Extraposition,extraposed strategy (STR),"extraposed strategy (STR) = a word order strategy for externally headed relative clause constructions in which the relative clause, rather than being adjacent to the external relative clause head (either prenominal or postnominal), instead follows the entire matrix clause. Example: I found a linguistics book in a used bookstore last week [that I have been looking for for years] is an instance of the extraposed strategy: the relative clause that I have been looking for for years does not immediately follow the external relative clause head a linguistics book, but instead follows the entire matrix clause I found a linguistics book in a used bookstore last week. (Section 19.2.4)",https://comparative-concepts.github.io/cc-database/cc-database.html#str:extraposed-strategy,,,,
304,external possessor construction,EXTPOSS,An external possessor construction is a construction in which a notionally adnominal °possessor argument is coded like a °P-argument or °R-argument of the verb and differently from an ordinary adpossessor.,The term was first used by Vergnaud & Zubizarreta (1992) and became better known after Payne & Barshi (1999) (see also König & Haspelmath 1998).,,,,,external possessor strategy (STR),"external possessor strategy (STR) = a strategy in which a referent in a possessive relation to a participant in an event (normally in the P role or sometimes the S role of the event) is expressed as an argument of the predicate instead of in a possessive modifi- cation construction. Example: in Maasai áa-bʊak-ıtá ɔldía ‘My dog is barking,’ the portmanteau index áa- indexes the owner of the dog as the object argument of the predicate. (Section 7.5.3)",https://comparative-concepts.github.io/cc-database/cc-database.html#str:external-possessor-strategy,,,,vergnaud_definite_1992;payne_external_1999;konig_constructions_1998
305,exclusive person form,EXCL,[[An exclusive person form is a form that refers to a group including the speaker/producer but not the addressee.]],,exclusive first person deixis,https://glossary.sil.org/term/exclusive-first-person-deixis,,,exclusive pronoun (CXN),exclusive pronoun (CXN) = a first person pronoun that refers to a group including the speaker but excluding the addressee. Example: Kosraean kitɛl is a first person exclusive pronoun referring to a group that includes the speaker but not the addressee. (Section 3.1.1),https://comparative-concepts.github.io/cc-database/cc-database.html#cxn:exclusive-pronoun,,,,
306,situation [PR],EVENT,"PRIMITIVE 

(A situation, or state of affairs, or eventuality, is something that can occur in the world and that people can talk about.)","The term ""situation"" was used prominently by Comrie (1976) for this concept, but other terms are widespread, too. ""Eventuality"" is common in the formal semantics tradition (Bach 1986), and ""state of affairs"" was used by Dik (1997). Croft (2022) uses ""event"" as a cover term for actions and states.",,,(no direct counterpart),https://en.wikipedia.org/wiki/Event_(philosophy),event (SEM),"event (a.k.a. eventuality, situation, SOA, state of affairs) (SEM) = a superordinate category including both action concepts and state concepts. The term ‘event’ has other meanings, including what we call a telic event. Other terms listed above are also used for ‘event’ as it is defined here. (Sections 2.1, 6.1.1)",https://comparative-concepts.github.io/cc-database/cc-database.html#sem:event,,,"""Situations are what natural language sentences are about: events or states (real or imaginary), involving entities, their properties, and their relations to one another."" (Sag et al. 2003: 569)",comrie_aspect_1976;croft_morphosyntax_2022;bach_algebra_1986;dik_theory_1997;sag_syntactic_2003
307,ergative alignment,ERGALI,[[Ergative alignment is an argument coding pattern where the S-argument of intransitive verbs has the same argument coding as the P-argument of transitive verbs but different coding from the A-argument.]],"The term ""ergative(-absolutive) alignment"" was first used by Plank (1979) and adopted by Nichols (1992). The label ""ergative"" for the case in this alignment pattern goes back to the early 20th century.",,,ergative–absolutive alignment,https://en.wikipedia.org/wiki/Ergative%E2%80%93absolutive_alignment,ergative alignment (system) (STR),"ergative alignment system (STR) = a system in which the S and P roles are expressed with the same form, but the A role is expressed with a different form. Example: in Yuwaalaraay, argument phrases expressing the A role use the Ergative flag -gu, but argument phrases expressing both the S and P roles use the zero-coded Absolutive flag. (Section 6.3.1)",https://comparative-concepts.github.io/cc-database/cc-database.html#str:ergative-alignment,,,"""In this alignment, the case marker coding both S and P identically is referred to as absolutive, while the case marker coding A differently is called ergative (i.e. S = P ≠ A). Not surprisingly, this alignment is known as ergative–absolutive."" (Song 2018: 290)",nichols_linguistic_1992;plank_ergativity_1979;song_linguistic_2018
308,equative construction,EQCON,An equative construction is a construction which compares two entities with respect to a gradable property and in which both show the same degree of the property.,"Equative constructions are sometimes also discussed under the heading ""comparison of equality"". (And note that ""equative"" has sometimes been used in the sense ""equational"", e.g. for kinds of copula clauses.) In a basic equative construction, one of the compared entities is coded as a subject and the other as a nonsubject ('The tree is as tall as the house'; see ""basic comparative construction""). But identity of degree may also be expressed in different ways, e.g. 'The tree and the house are equally tall', or 'The height of the tree equals the house's'.",,,equative construction,https://en.wikipedia.org/wiki/Equative_construction,equative construction (CXN),"equative construction (CXN) = a construction that has the semantic function of assigning the identical position on a gradable predicative scale to two referents, the comparee and the standard. Example: The tree is as tall as the house is an instance of the equative construction: the comparee is the tree, the standard is the house, the gradable comparative scale is height, and the comparee is equal to the standard in height. (Section 17.2.4)",https://comparative-concepts.github.io/cc-database/cc-database.html#cxn:equative-construction,,,"""Equative constructions express situations in which two referents have a gradable property to the same degree... Equative constructions are in many ways similar to comparative constructions (like ‘This tree is higher than that one’), which also compare two referents with respect to a gradable property, but where one of the referents has the property to a higher degree."" (Haspelmath 2017: 10)",haspelmath_equative_2017
309,accusative alignment,ACCALI,[[Accusative alignment is an argument coding pattern where the S-argument of intransitive verbs has the same argument coding as the A-argument of transitive verbs but different coding from the P-argument.]],,,,nominative-accusative alignment,https://en.wikipedia.org/wiki/Nominative%E2%80%93accusative_alignment,accusative alignment system (STR),"accusative alignment system (STR) = a system in which the A and S roles are expressed with the same form, but the P role is expressed with a different form. Example: English argument phrases expressing the A and S roles are indexed on Present Tense verbs (Emily sing-s, Emily play-s the piano), while an argument phrase expressing the P role is not indexed (in Emily play-s the piano, the verb does not index the piano). (Section 6.3.1)",https://comparative-concepts.github.io/cc-database/cc-database.html#str:accusative-alignment,,,,
310,demonstrative pronoun,DEMPRO,A demonstrative pronoun is a demonstrative that can occur on its own.,,,,,,demonstrative pronoun (CXN),"demonstrative pronoun (CXN) = a deictic contextual expression that stands alone as a referring phrase. Example: in This is a collared lizard, This is a demonstrative pronoun. (Sections 3.1.1, 3.1.3, 3.2)",https://comparative-concepts.github.io/cc-database/cc-database.html#cxn:demonstrative-pronoun,,,,
311,adnominal demonstrative,ADDEM,An adnominal demonstrative is a demonstrative that can occur next to a noun in a nominal.,,,,,,demonstrative attributive (CXN),"demonstrative attributive (CXN) = a deictic contextual expression that combines with a common noun to form a referring phrase. Example: in This machine drives me crazy!, This is a demonstrative attributive combined with the common noun machine. (Sections 3.1.3, 3.2)",https://comparative-concepts.github.io/cc-database/cc-database.html#cxn:demonstrative-attributive,,,,
312,case affix,CASE,A case affix is an °affixal °flag.,"Case affixes can have the same kinds of meanings and functions as adpositions, so both are now regarded as kinds of flags. This terminology is fairly recent (Haspelmath 2005; 2019). In much of the literature, ""case"" is regarded as an ""inflectional category/feature"", and often, the ""case meanings"" are taken as primary.",case,https://glossary.sil.org/term/case,grammatical case,https://en.wikipedia.org/wiki/Grammatical_case,case affix (STR),"case affix (STR) = a flag which occurs as an affix. Example: in Russian kniga Ivan-a ‘John’s book,’ -a is a Genitive case marking suffixed to Ivan ‘John.’ (Section 4.3)",https://comparative-concepts.github.io/cc-database/cc-database.html#str:case-affix,,,,haspelmath_argument_2005;haspelmath_indexing_2019
313,person indexing,PXING,[[Person indexing is the use of person indexes.]],,,,,,person indexation,"person indexation (str): an indexical strategy in which the category of person is encoded in the index. Other categories, typically number and gender/class, may also be encoded in the index. Example: in Mam t-kamb’ meeb’a ‘the orphan’s prize,’ the third person prefix t- on kamb’ ‘prize’ indexes the possessor, who is also referred to by meeb’a ‘orphan.’ (Section 4.4.1)",https://comparative-concepts.github.io/cc-database/cc-database.html#str:person-indexation,,,,
314,flagging,FLING,[[Flagging refers to the use of °flags.]],"See Haspelmath (2019). Similarly, indexing refers to the use of (person) indexes.",,,,,,,,,,,haspelmath_indexing_2019
317,number marking,NBING,[...],,number,https://glossary.sil.org/term/number,,,,,https://comparative-concepts.github.io/cc-database/cc-database.html#sem:number,,,,
320,endophonic alternation,ENDALT,[[An endophonic alternation is a root alternation in which the roots show segmental or suprasegmental differences that are not phonological consequences of adjacent morphs.]],"This is also called ""morphological process"" (https://glossary.sil.org/term/morphological-process). Another term (not commonly used) is ""simulfix"" (https://glossary.sil.org/term/simulfix).",modification,https://glossary.sil.org/term/modification,,,,,,,,,
321,relator,RLTR,A relator (a cover term) is a °flag or a °subordinator.,"The term ""relator"" (as discussed by Dik 1983) is not widely used in the literature, but it does seem to be useful, so it is included here. For example, Jackendoff (1977: 78) treats adverbial subordinators (""subordinating conjunctions"") such as English _because_ as prepositions, and there are many other languages where adverbial subordinators are adposition-like or formally identical to adpositions (Kortmann 1997: 58-69).",relator,https://glossary.sil.org/term/relator,-,,,,,,,"""I define a Relator as (a) an adposition, (b) a case marker, or (c) a subordinating device."" (Dik 1983: 273)",dik_two_1983;jackendoff_x-bar_1977;kortmann_adverbial_1997
322,linker,LINKER,"A linker is a °flag, a °subordinator, or a °coordinator.","One may also say that a linker is a **connective** (coordinator or subordinator) or a **relator** (subordinator or flag). This terminology is not conventional, but the terms ""connective"" and ""relator"" have been used repeatedly in the earlier literature.",,,,,,,,,,,
323,locational clause,,A locational clause (a cover term) is a predlocative clause or an existential clause.,"The term is used in this way in Haspelmath (2025: 18). Hengeveld (1992: 94) uses ""localizing (predicate)"" in the sense of a locational clause. The term ""locational (clause)"" was used prominently by Clark (1978) as a cover term both for locational clauses (including predlocative and existential) and for possessional clauses (including appertentive and predpossessive) (in Haspelmath 2025, the cover term for these four is ""locopossessional"").",,,,,locational construction (CXN),"location clause (CXN) = a clause in which a locative relation is expressed, either predicationally or presentationally. These two types of location clauses are locative predication and presentational locative, respectively. (Section 10.4.1)",https://comparative-concepts.github.io/cc-database/cc-database.html#cxn:locational-construction,,,,haspelmath_nonverbal_2025;hengeveld_non-verbal_1992;clark_locationals:_1978
324,existential clause,,An existential clause is a °clause construction in which an °indefinite nominal is said to be in some location.,"The definition is from Haspelmath (2025: 18). The nominal that is said to be in some location can be called ""existent"" (another term found in the literature is ""pivot""). ❡ 

Note that the location can be implicit (and inferred from the context), but that ""pure existence"" is not included in the definition here (it is called ""tautotic""). ❡ 

Since existential clauses are not really about ""existence"" but rather about location, Creissels (2019) proposes the term ""inverse-locational"" (at least for a subset of existential clauses, those that have ""special syntax""). See also Creissels et al. (2016: §4.4).",existential clause,https://glossary.sil.org/term/existential-clause,existential clause,https://en.wikipedia.org/wiki/Existential_clause,existence event (SEM),existence event (SEM) = a situation in which the existence of some entity is presented. Existential situations favor a thetic construal. Example: There are apples in the kitchen expresses the existence of the relevant set of apples. (Section 11.3.1),https://comparative-concepts.github.io/cc-database/cc-database.html#sem:existence-event,,,"""Though the term “existential sentence” goes back at least as far as Jespersen (1924: 155) and is used in descriptions of many languages to refer to a designated construction, it is difficult to identify exactly what these constructions have in common crosslinguistically. Following McNally (2011: 1829), the term is used here to refer to sentence types that are “noncanonical,” whether due to some aspect of their syntax or the presence of a distinguished lexical item (e.g., Spanish hay) and that are “typically used to express a proposition about the existence or the presence of someone or something.” "" (McNally 2016: 2011)",creissels_inverse-locational_2019;haspelmath_nonverbal_2025;creissels_non-verbal_2026;mcnally_existential_2016;jespersen_philosophy_1924;mcnally_existential_2011
325,locpossessive construction,,A locpossessive construction is a strategy for a °predpossessive clause in which there is a °locative flag on the possessor.,"The  abbreviated term was introduced by Creissels (2020), shortened from ""locational possessive strategy"" (see also Haspelmath 2025: 5).",,,,,locational possessive strategy (STR),"locational possessive strategy (a.k.a. goal strategy, location strategy) (STR) = a strategy for the presentational possession construction in which the possessum is expressed in a subject phrase and the possessor in an oblique phrase which is locative, or probably locative, in origin. Example: Russian u menja mašina [at me car] ‘I have a car’ is an instance of the locational possessive strategy. The locational possessive strategy essentially recruits a locative clause, in particular a presentational locative, to express possession. (Section 10.4.2)",https://comparative-concepts.github.io/cc-database/cc-database.html#str:locational-possessive-strategy,,,,creissels_predication_2020
326,locative comparative construction,,[...],,,,,,locative comparative (STR),"locative comparative (STR) = a fixed-case strategy in comparative constructions in which there is a clause which attributes a gradable predicative scale to the comparee, and the standard is expressed as an oblique argument phrase using a spatial flag with a locative (‘on, at’) meaning. Example: Ubykh yi-gune wo-gune-n ca-qasaqa-j ‘This tree is taller than that tree’ is an instance of the locative comparative: yi-gune ca-qa- saqa-j asserts that this tree is bigger, and wo-gune-n expresses the standard, that tree, with a suffix -n meaning ‘on.’ (Section 17.2.2)",https://comparative-concepts.github.io/cc-database/cc-database.html#str:locative-comparative,,,,
327,possessional clause,,A possessional clause (a cover term) is an appertentive clause or a predpossessive clause.,This term is from Haspelmath (2025: 13).,,,,,possession clause,"possession clause (cxn): clauses in which a possession relation is expressed, either predicationally or presentationally. These two types of possession clauses are predicational possession and presentational possession, respectively. (Section 10.4.2)",https://comparative-concepts.github.io/cc-database/cc-database.html#cxn:possession-construction,,,,haspelmath_nonverbal_2025
328,adpossessive construction,,[[An adpossessive construction is a nominal that includes an adpossessive modifier.]],,,,,,possessive modification construction (CXN),"possessive (modification) (a.k.a. attributive possession) construction (CXN) = the nominal modifier construction that expresses a possession relation such that the possessor is the modifier and the possessum is the head (i.e. is the referent expression). Example: Sally’s calendar is an instance of possession – the calendar could be one that she owns, one that she gave me, one that she is holding in a photo of people with calendars, one that she designed or made, one with photos of her, and so on. Many languages have two morphosyntactically distinct possessive modification constructions, an alienable possession construction and an inalienable possession construction (or constructions). (Section 4.1.4)",https://comparative-concepts.github.io/cc-database/cc-database.html#cxn:possessive-modification-construction,,,,
329,property (concept) [PR],,PRIMITIVE,,,,property (philosophy),https://en.wikipedia.org/wiki/Property_(philosophy),property concept (SEM),,https://comparative-concepts.github.io/cc-database/cc-database.html#sem:property-concept,,,,
330,vocative marker,,[[A vocative marker is a marker that occurs on an address nominal and that indicates that the nominal denotes the addressee.]],,vocative case,https://glossary.sil.org/term/vocative-case,vocative case,https://en.wikipedia.org/wiki/Vocative_case,,,,,,,
331,translative flag,,[[A translative flag is a °flag indicating that the referent of the noun that it marks is the result of a process of change.]],"""Translative case"" is a term well-known from Finnish linguistics, but sometimes also used elsewhere.",translative case,https://glossary.sil.org/term/translative-case,translative case,https://en.wikipedia.org/wiki/Translative_case,,,,,,,
332,superessive flag,,[[A superessive flag is a °flag that expresses location on the referent of the noun it marks.]],,superessive case,https://glossary.sil.org/term/superessive-case,,,,,,,,,
333,prolative flag,,[[A prolative flag is a °flag that expresses motion along or by the referent of the noun it marks.]],,prolative case,https://glossary.sil.org/term/prolative-case,,,,,,,,,
334,participant [PR],,"PRIMITIVE 

(An event participant is an entity that plays a role in an event.)",,,,,,participant (SEM),"participant (sem) = entities that play a role in an event. Example: in Janet set the books on the floor, Janet, the books, and the floor are participants in the setting event. (Section 6.1.1)",,,,,
335,particle comparative construction,,[...],,,,,,particle comparative (STR),"particle comparative (STR) = a derived-case comparative strategy that consists of two clauses which assert that the gradable predicative scale applies to the comparee and the standard, but the second clause uses the zero strategy for predicate identity, and the conjunction is a particle with diverse etymological origins. Example: Randy is older than Tom (is) is an instance of the particle strategy: the clause Randy is older is followed by the particle than which introduces the standard phrase Tom without its own predicate (only an optional auxiliary is). (Section 17.2.2)",https://comparative-concepts.github.io/cc-database/cc-database.html#str:particle-comparative,,,,
336,partitive construction,,[[A partitive construction is a nominal that denotes a subset quantity of a larger quantity and in which the subset quantity is expressed by a quantified expression and the larger quantity is also expressed.]],,partitive case,https://glossary.sil.org/term/partitive-case,,,partitive construction (CXN),partitive construction (CXN) = an anchoring construction that has a piece noun as the head referent and an anchor as the modifier. Example: a piece of the cake is a partitive construction in that the object modifier of the cake is a particular individual and hence functions as an anchor. (Section 5.2.2),https://comparative-concepts.github.io/cc-database/cc-database.html#cxn:partitive-construction,,,"""Partitives are grammatical constructions that may be used to encode the true- partitive relation without relying on contextual inferences. Partitives obligatory encode (i) a quantifier and (ii) the restrictor. Partitives are often encoded by (iii) a special partitive marker or lexically."" (Seržant 2021: 886)",serzant_typology_2021
337,possessed (role),,A °nominal bears a possessed role if it serves to express the controlled object in a °possessive relation.,,,,,,possessum (SEM),"possessum role (a.k.a. possessed role, possessee role) (SEM) = the object that is controlled by the possessor in a possession relation. Example: in I have a car, the car is the possessum. The possessum may also serve as the head in a possessive modification construction. (Sections 4.1.4, 10.4.2)",https://comparative-concepts.github.io/cc-database/cc-database.html#sem:possessum,,,,
338,compossessive construction,,A compossessive construction is a strategy for a °predpossessive clause in which the °possessum nominal bears a °flag that is also used as a °comitative flag.,"The definition is from Haspelmath (2025: 17), and the term is from Creissels (2020).",,,,,with-possessive strategy,"with-possessive strategy (a.k.a. companion strategy) (STR) = a strategy for the pres- entational possession construction in which the possessor is expressed in a subject phrase, and the possessum is expressed in a comitative phrase. Example: Amele ija sigin ca [I knife with] ‘I have a knife’ [lit. ‘I am with a knife’] is an instance of the with-possessive strategy. (Section 10.4.2)",https://comparative-concepts.github.io/cc-database/cc-database.html#str:with-possessive-strategy,,,,creissels_predication_2020;haspelmath_nonverbal_2025
339,beneficiary (role),,A °nominal bears a beneficiary role if it serves to express a participant that is positively affected by the outcome of the °event.,,beneficiary as a semantic role,https://glossary.sil.org/term/beneficiary-semantic-role,-,,beneficiary (SEM),"beneficiary (SEM) = a semantic role including participant roles for a participant that is positively affected by the outcome of the event. Example: in Terry made lunch for Sandy, Sandy is positively affected by the outcome of the event.",https://comparative-concepts.github.io/cc-database/cc-database.html#sem:beneficiary,,,,
340,maleficiary (role),,A °nominal bears a maleficiary role if it serves to express a participant that is negatively affected by the outcome of the °event.,,,,-,,maleficiary (SEM),"maleficiary (SEM) = a semantic role including participant roles for a participant that is negatively affected by the outcome of the event. Example: in My car broke down on me, I am a maleficiary: I am negatively affected by the outcome of the event.",https://comparative-concepts.github.io/cc-database/cc-database.html#sem:maleficiary,,,,
341,predication [PR],,"PRIMITIVE 

(Predication is one of the three major propositional acts reference, predication, modification.)",,,,predication (philosophy),https://en.wikipedia.org/wiki/Predication_(philosophy),predication (INF),,https://comparative-concepts.github.io/cc-database/cc-database.html#inf:predication,,,,
342,modification [PR],,"PRIMITIVE 

(Predication is one of the three major propositional acts reference, predication, modification.)",,,,-,,modification (INF),"modification (INF) = provides additional information about the referent and enriches the specification of the referent for the hearer. Example: in a furry cat, the speaker enriches the specification of the referent in the cat category by the property of being furry. In the file metaphor for describing propositional acts, modification enriches the discourse file; the information it adds to the discourse file is secondary in comparison to predication.",https://comparative-concepts.github.io/cc-database/cc-database.html#inf:modification,,,,
343,reference [PR],,"PRIMITIVE 

(Predication is one of the three major propositional acts reference, predication, modification.)",,,,sense and reference,https://en.wikipedia.org/wiki/Sense_and_reference,reference (INF),,https://comparative-concepts.github.io/cc-database/cc-database.html#inf:reference,,,,
344,manipulative verb,,A manipulative verb is a °verb expressing an event where an agent acts to bring about the event expressed by the complement clause.,,,,,,manipulative construction (CXN),"manipulative event (SEM) / predicate (CXN) = an event where an agent acts to bring about the event expressed by the complement; and the predicate expressing such an event. Example: in Bruce convinced Greg to take him to San Rafael, convinced denotes a manipulative event. Manipulative events include causative and permissive events, and manipulative complement clause constructions overlap with causative constructions. The complement event of manipulative events has dependent time reference. (Section 18.2.2)",https://comparative-concepts.github.io/cc-database/cc-database.html#cxn:manipulative-construction,,,,
345,manner verb,,A manner verb is a verb expressing an event described in terms of the manner by which it happens.,,,,,,manner verb (CXN),"manner event (SEM) / verb (CXN) = an event that is described in terms of the manner by which the process progresses (or is brought about by an external cause). Example: in She smeared jam on the toast, the event is described in terms of the manner by which the jam is applied to the toast. (Section 7.3.2)",https://comparative-concepts.github.io/cc-database/cc-database.html#cxn:manner-verb,,,,
346,manner of motion verb,,A manner of motion verb is a °manner verb expressing a motion event described in terms of how the °figure travels.,,,,,,manner of motion event verb (CXN),"manner of motion event (SEM) / verb (CXN) = an event that describes motion of a figure in terms of how the figure travels; and the verb expressing such an event. Example: in Sam strode into the room, stride is a manner of motion verb expressing a manner of motion event. (Sections 7.3.1, 14.2)",https://comparative-concepts.github.io/cc-database/cc-database.html#cxn:manner-of-motion-verb,,,,
347,causal clause,,A causal clause is a °clause that expresses a °causal circumstance of the °event described by the °matrix clause.,,causal relation,https://glossary.sil.org/term/causal-relation,(no direct counterpart),https://en.wikipedia.org/wiki/Adverbial_clause,,,,,,,
348,means clause,,A means clause is a subordinate clause that indicates the means by which the event described by the matrix clause happens.,"also called ""circumstantial clause""",causal relation,https://glossary.sil.org/term/causal-relation,,,means (SEM),"means (a.k.a. positive circumstantial) (SEM) = the semantic relation between two events where one event accompanies the other event and further characterizes the other event in some way. Example: He got into the army by lying about his age is a figure–ground construal of the means relation in an adverbial clause construction, and He lied about his age and got into the army is a complex figure construal of the relation in a coordinate clause construction. In the figure–ground construal, the accompanying event is construed as the ground.",https://comparative-concepts.github.io/cc-database/cc-database.html#sem:means,,,"""Clauses expressing the circumstances by which a given state of affairs comes to be can be introduced by either affirmative or negative morphemes. In English these are by and without, both of which take the participial form of the verb: He got into the army by lying about his age."" (Thompson et al. 2007: 253)",thompson_adverbial_2007
349,middle voice marker,mi,"[[A middle voice marker is the marker of the coded alternant in a passive, anticausative, reflexive, reciprocal, or antipassive voice alternation if it also has a meaning unrelated to these alternations.]]",,middle voice,https://glossary.sil.org/term/middle-voice,mediopassive voice,https://en.wikipedia.org/wiki/Mediopassive_voice,middle voice (STR),"middle voice (STR) = a strategy for the intransitive construction that recruits a reflexive or reciprocal construction, for the expression of a subset of monovalent events. Example: Ancient Greek pete-sthai ‘fly’ is an example of a middle voice form, using the suffix -sthai. The middle voice construction may be a more grammaticalized form of the original construction.",https://comparative-concepts.github.io/cc-database/cc-database.html#str:middle-voice,,,"""As a working definition, I propose that a middle marker be defined as a construction (that is, as a form–meaning pairing in the technical the sense of Construction Grammar) with the following characteristics: (i) it occurs with bivalent (or more) verbs to encode one or more of the following valency changing operations: passive, anticausative, reflexive, reciprocal, antipassive; (ii) the same construction is also obligatory with some (at least monovalent) verbs that cannot occur without middle marker; (iii) the semantics of(at least some of) the verbs in (i) does not match that of those in (ii) or vice versa."" (Inglese 2022: 494)",inglese_towards_2022
351,monovalent,,A verbal lexeme is monovalent if it has only a single °argument position in its °valency.,"""Monovalent"" is defined with respect to ""valency"" here, i.e. with respect to arguments, not semantic roles (as in Croft's definition).",,,,,monovalent event (SEM),"monovalent event (SEM) = an event with a valency of one – that is, with one central participant role. Example: sleeping is a monovalent event. (Section 6.1.2) morphological causative",https://comparative-concepts.github.io/cc-database/cc-database.html#sem:monovalent,,,,
352,stem,,A stem is a contiguous segment string that consists of at least one °root and possibly some °affixes and that can be combined with an affix.,"The definition is from Haspelmath (2025), and is similar to Aronoff & Fudeman's (2011: 2): ""a stem is a base unit to which another morphological piece is attached"". It implies that stems can contain inflectional affixes (not only derivational affixes), that only nouns, verbs and adjectives have stems, and that stems can contain stems.",stem,https://glossary.sil.org/term/stem,word stem,https://en.wikipedia.org/wiki/Word_stem,,,,,,"""It might be clearer to say that a stem is something to which an inflectional affix can be added... That would mean that /book/ has a stem because -s can be added, while uninflected words such as /because/ do not have one."" (Mugdan 2015: 259)",haspelmath_roots_2025;mugdan_units_2015;aronoff_what_2011
353,neutral ditransitive alignment,,[[Neutral ditransitive alignment is an argument coding pattern where the P-argument of monotransitive verbs has the same argument coding as the R-argument and the T-argument of ditransitive verbs.]],,,,,,neutral ditransitive alignment system (a.k.a. double object) (STR),"neutral ditransitive alignment system (a.k.a. double object) (STR) = a system in which all three of the P, T, and R roles are expressed with the same form. Example: the English Double Object Construction, as in Carol sent the landlord the check, expresses the T and R roles (the check and the landlord, respectively) in the same way as the P role in Carol wrote the check – namely, as postverbal argument phrases without a flag. (Section 7.5.2)",https://comparative-concepts.github.io/cc-database/cc-database.html#str:neutral-ditransitive-alignment,,,,
354,basic comparative construction,,A basic comparative construction is a °comparative construction with a °gradable adjective in °predication function and two °nominals of which one (the °comparee) is encoded as a °subject and the other (the °standard) is encoded as a nonsubject or as a subject of a second predication.,,,,comparative,https://en.wikipedia.org/wiki/Comparative,,,,,,,
355,gradable property,,"[[A gradable property is a property that an object may have to different degrees, i.e. that can be thought of as a scale.]]",,,,,,,,,,,,
356,parameter of comparison,,[...],,,,,,,,,,,,
357,theme (role),THMRL,A °nominal bears a theme role if it serves to express a participant that undergoes a change of state or change of location.,,,,(no direct counterpart),https://en.wikipedia.org/wiki/Thematic_relation,theme (SEM),"theme (SEM) = a semantic role including participant roles for a participant that is the transferred entity in a transfer event. Example: in I sent the forms to the accountant, the entity transferred is the forms. The term ‘theme’ is also used for the participant functioning as the figure in motion, application, removal, and other events involving the movement of the participant. (Section 6.1.2)",https://comparative-concepts.github.io/cc-database/cc-database.html#sem:theme,,,,
358,patient (role),PATRL,An °argument expression has the patient role if it denotes the affected object of a physical-effect °action.,,patient as a semantic role,https://glossary.sil.org/term/patient-semantic-role,patient (grammar),https://en.wikipedia.org/wiki/Patient_(grammar),,,,,,,
359,argument alignment,ALIGN,[[An argument alignment pattern is the pattern of argument coding coexpression of two types of verb valency.]],,,,,,alignment system (STR),"alignment system (STR) = a system defined by the co-expression of arguments of predicates in intransitive, transitive, and ditransitive constructions. Example: English expresses the one argument of an intransitive verb construction (The cats slept) in the same way as the semantically agentive argument of a transitive verb (The cats clawed the sofa): both arguments are expressed preceding the verb. (Sections 1.4, 6.3.1)",https://comparative-concepts.github.io/cc-database/cc-database.html#str:alignment-system,,,,
360,reflexive construction,REFLC,A reflexive construction is a construction that can only be used when two °argument positions of a °clause require °coreference and that contains a special form (a °reflexivizer) that signals this coreference.,"The definition here is adapted from Haspelmath (2023: 20). It should be noted that a reflexive construction is defined here as a construction-strategy, not in functional terms, so that a clause such as ""He shaved"" is not reflexive (though it shows agent-patient coreference).",,,,,reflexive construction,"reflexive event (sem) / construction (cxn): an event type in which a participant acts upon themself – that is, the participant is both the initiator and endpoint of trans- mission of force; and the construction expressing such an event. Examples: reflexive events may be direct, when there is no other participant, as in I saw myself; or indirect, when there is another participant in an intermediate position in the causal chain, as in Sally baked a cake for herself, whose causal structure is Sally → cake → Sally. (Section 7.2)",https://comparative-concepts.github.io/cc-database/cc-database.html#cxn:reflexive-construction,,,,
361,reciprocal construction,RECPC,[[A reciprocal construction is a construction expressing a mutual situation.]],,,,,,reciprocal construction (CXN),"reciprocal event (SEM) / construction (CXN) = an event type in which one participant acts upon another participant, and the second participant acts on the first in the same way; and the construction expressing such an event. That is, each participant is both the initiator and endpoint of transmission of force for the same type of action. Example: in Mary and Sue praised each other, Mary praises Sue and Sue praises Mary. (Section 7.2)",https://comparative-concepts.github.io/cc-database/cc-database.html#cxn:reciprocal-construction,,,,
362,interrogative sentence,QUC,An interrogative sentence is a °sentence that can express a °question speech act but not a °statement.,,question,https://glossary.sil.org/term/question,interrogative,https://en.wikipedia.org/wiki/Interrogative,interrogative (CXN),"interrogative (a.k.a. question) (INF/CXN) = a speech act which requests information, usu- ally of the addressee, regarding uncertain or unknown information that is part of the propositional content of the question; and the construction that expresses this speech act. Interrogatives are divided into polarity questions, information questions, and alternative questions. (Sections 12.1, 12.3)",https://comparative-concepts.github.io/cc-database/cc-database.html#cxn:interrogative-construction,,,,
363,constituent question construction,CQUC,[[A constituent question construction is an °interrogative sentence in which the unknown piece of the propositional content requested of the addressee is a semantic component of the proposition other than its polarity.]],,wh-question,https://glossary.sil.org/term/wh-question,(no direct counterpart),https://en.wikipedia.org/wiki/Question#wh,information question (CXN),"information question (a.k.a. content question, WH question) (INF/CXN) = an interrogative in which the unknown piece of the propositional content requested of the addressee is a semantic component of the proposition other than its polarity; and the construction expressing this function. Example: Who is coming? is an instance of the English information question construction, expecting an answer identifying the person(s) who is/are coming. Information questions, unlike polarity questions, contain an interrogative pronoun. (Section 12.3.1)",https://comparative-concepts.github.io/cc-database/cc-database.html#cxn:information-question-construction,,,"""We will refer to [the] three types as ‘polar interrogatives’, ‘constituent interrogatives’ and ‘alternative interrogatives’ respectively, but it should be noted that there is a multiplicity of labels to be found in the literature. Polar interrogatives have also been called ‘closed’ or ‘yes-no’ interrogatives/questions and the set of labels used for constituent interrogatives includes items such as ‘open’, ‘special’, ‘partial’, ‘question-word’, ‘wh’ and ‘information’ interrogatives."" (Siemund 2001: 1011)",siemund_interrogative_2001
364,alternative question construction,ALTQUC,[[An alternative question construction is an °interrogative sentence in which the speaker offers a closed list of alternatives to fill in the unknown piece of information in the propositional content.]],,alternative question,https://glossary.sil.org/term/alternative-question,,,alternative question (INF/CXN),"alternative question (INF/CXN) = an interrogative in which the speaker offers a closed list of alternatives to fill in the unknown piece of information in the propositional content; and the construction expressing this function. Example: Do you prefer beer or wine? is an instance of an alternative question construction, where the alternatives offered are beer and wine. (Section 12.3.1)",https://comparative-concepts.github.io/cc-database/cc-database.html#cxn:alternative-question-construction,,,,
365,productivity [PR],PROD,PRIMITIVE,,,,productivity (linguistics),https://en.wikipedia.org/wiki/Productivity_(linguistics),,,,,,,
366,self-intensifier,SELFINT,A self-intensifier is a form that accompanies a °nominal and indicates that the nominal’s referent is the central referent in a centre-periphery configuration.,"This definition is from Haspelmath (2023: 53). The term ""self-intensifier"" is chosen here because ""intensifier"" is also used for certain kinds of degree qualifiers.",,,intensive pronoun,https://en.wikipedia.org/wiki/Intensive_pronoun,,,,,,"""The term intensifier is here used for expressions like English himself /herself / itself when they are used in an adjunct position (e.g., the president himself ), for Latin ipse/ipsa/ipsum, Italian stesso/stessa, Russian sam/samá/samó, German selbst, etc., and their counterparts in other languages."" (König & Gast 2006: 223)",janic_comparing_2023;konig_focused_2006
367,reflexivizer,REFLZR,A reflexivizer (a cover term) is a °reflexive nominal or a °reflexive voice marker.,The definition is adapted from Haspelmath (2023: 53).,,,,,,,,,,,janic_comparing_2023
368,reflexive voice marker,REFLVC,"A reflexive voice marker is a °grammatical marker that occurs on a °transitive verb and indicates that its °A-argument is coreferential with its °P-argument, without exhibiting similarities to °person indexes.",The definition is adapted from Haspelmath (2023: 53).,,,,,,,,,,,janic_comparing_2023
369,focus marker,FOCM,[[A focus marker is a marker that occurs on a free expression and that indicates that it is a focused expression.]],,,,,,focus marker (STR),"focus marker (STR) = expression by a separate morpheme of the information in an identificational construction that is the focus. Example: in Rendille iìnam-eì y-imi ‘The BOY came,’ the suffix -eì marks the Noun iìnam- ‘(the) boy’ as the focus. (Section 11.4.2) ❡ 

focus operator (CXN) = a construction that indicates the range of the focus of an identificational construction. Focus operators may be additive or restrictive. (Section 11.4.1)",https://comparative-concepts.github.io/cc-database/cc-database.html#str:focus-marker,,,,
370,echo question,,[[An echo question is a question that seeks to confirm or clarify another speaker's utterance by repeating it back in some form.]],,echo question,https://glossary.sil.org/term/echo-question12.01.2025,echo question,https://en.wikipedia.org/wiki/Echo_question,,,,,,"""Somewhat different from their central use is the use of questions for the purpose of seeking clarification on a preceding utterance. Although both polar interrog- atives and constituent interrogatives easily lend themselves to this purpose, echoing something previously uttered in the form of a question often precludes the use of the standard interrogative constructions and necessitates a more indi- rect way of asking questions."" (König & Siemund 2007: 318)",konig_speech_2007
372,anaphoric construction,,An anaphoric construction is a construction in which a referent is not expressed by a full nominal but in such a way that the interpretation must rely on another expression (the antecedent) in the context.,"Anaphoric constructions are sometimes contrasted with ""cataphoric constructions"" (or ""cataphoric uses"" of anaphoric forms) in which the antecedent follows the expression in which a referent is not expressed fully. However, ""anaphora"" is more often used more broadly, to encompass both situations. (For the broader sense, some authors use ""endophora."" To make the narrower sense clear, one could use ""exanaphora"", as ""exana-"" means 'again'.)

Anaphoric constructions often involve [anaphoric forms]°, but constructions such as [control constructions]° in which there need not be any form are also anaphoric.

Anaphoric constructions cannot be defined in terms of ""coreference of an expression with its antecedent"" because full nominals may be coreferential with full nominals in another clause (e.g. ""My mother was a teacher. The school children loved my mother."")",endophora,https://glossary.sil.org/term/endophora,anaphora (linguistics),https://en.wikipedia.org/wiki/Anaphora_(linguistics),,,,,,"""Anaphora (/əˈnæfərə/) is the use of an expression whose interpretation depends upon another expression in context (its antecedent)."" (English Wikipedia, 2025-02-04) 

""Anaphora: The relation between a pronoun and another unit, in the same or in an earlier sentence, that supplies its referent."" (Matthews 2007)",
373,equative standard marker,,[...],,equative case,https://glossary.sil.org/term/equative-case,,,,,,,,,
374,functive flag,,[[A functive flag is a °flag that expresses the temporary state of the referent specified by a noun.]],,essive case,https://glossary.sil.org/term/essive-case,essive case,https://en.wikipedia.org/wiki/Essive_case,,,,,,"""In this paper, the term ‘functive’ is used with the following definition: (1) A functive phrase is either a noun phrase headed by a noun N normally used to refer to concrete entities (animate beings or concrete things), or the combination of such a noun phrase with an adposition. (2) A functive phrase is syntactically a direct dependent of the verbal head of the clause. (3) A functive phrase does not refer to a participant identifiable as an N and distinct from the participants referred to by the other noun phrases in the construction of the same verb, but predicates the property of fulfilling the role of an N, taking one of the participants as its argument."" (Creissels 2014: 606)",creissels_functive_2014
375,quotative evidential construction,,[...],,quotative evidential,https://glossary.sil.org/term/quotative-evidential,,,,,,,,,
376,sensory evidential construction,,[...],,sensory evidential,https://glossary.sil.org/term/sensory-evidential,,,,,,,,,
377,exclamative sentence,,"[[An exclamative sentence is a sentence that contains an °interrogative phrase and, rather than expressing a °question, expresses surprise at the degree or extent of a phenomenon.]]","""Exclamative/exclamation"" is often treated as a kind of speech act, but the core use, the expression of surprise, does not require exclamative sentences. Thus, the term is defined here with respect to the non-question use of interrogative phrases.",exclamation,https://glossary.sil.org/term/exclamation,(no direct counterpart),https://en.wikipedia.org/wiki/Sentence_(linguistics)#By_function_or_speech_act,exclamative (CXN),"exclamative (INF/CXN) = a speech act which expresses a strong emotional reaction to the propositional content that it conveys; and the construction that expresses this speech act. More precisely, the exclamative speech act expresses the speaker’s surprise toward the degree of a scalar property contained in the propositional content of the speech act; the rest of the propositional content consists of a presupposed open proposition. Example: What a beautiful house! is an instance of an English exclamative construction. (Sections 12.1, 12.5)",https://comparative-concepts.github.io/cc-database/cc-database.html#cxn:exclamative-construction,,,,
378,exophoric reference,,[[An expression has exophoric reference if it °refers directly to an extralinguistic referent.]],,exophora,https://glossary.sil.org/term/exophora,exophora,https://en.wikipedia.org/wiki/Exophora,,,,,,"""[There is] more or less general agreement that the deictic (gestural, exophoric) use of demonstratives is basic and that endophoric (anaphoric
and cataphoric) uses are derived from this basic source."" (König 2020: 22)",konig_beyond_2020
379,experiencer (role),,A °nominal bears an experiencer role if it serves to express the participant that experiences an °experiential event.,,experiencer semantic role,https://glossary.sil.org/term/experiencer-semantic-role,(no direct counterpart),https://en.wikipedia.org/wiki/Thematic_relation#Major_thematic_relations,experiencer (SEM),"experiencer (SEM) = the person who experiences the internal mental phenomenon or bodily sensation in an experiential event. Example: in Freddy saw the bear, Freddy is the experiencer. The experiencer is almost always human. (Sections 6.1.2, 7.4)",https://comparative-concepts.github.io/cc-database/cc-database.html#sem:experiencer,,,,
380,experiential aspect marker,,A verbal marker is an experiential aspect marker if it indicates a situation prior to the utterance time that is not part of a sequence of events.,"The best-known case of an experiential aspect marker is the Mandarin Chinese suffix -guo. Linguists often mention an ""experiential use"" of the English Perfect, but this is not an experiential marker.",experiential perfect aspect,https://glossary.sil.org/term/experiential-perfect-aspect,,,,,,,,,
381,asyndetic coordination construction,,An asyndetic coordination construction is a coordination construction that lacks a coordinator.,,,,asyndeton,https://en.wikipedia.org/wiki/Asyndeton,asyndetic (STR),"asyndetic (STR) = the combination of clauses in complex sentence constructions, and of coordinands in coordinate constructions (whether the coordinands are clauses or not), by simple juxtaposition. [Example: in Lavukaleve ngabakala ngauia tula [my:paddle my:knife small] ‘my paddle and my small knife,’ the coordinate construction is asyndetic.] (Section 15.2.2)",https://comparative-concepts.github.io/cc-database/cc-database.html#str:asyndetic,,,,
382,voice construction,,A voice construction is a verb-coded alternant in a °voice alternation.,"The best-known voice construction type is the passive voice construction, but given the broader understanding of Zúñiga & Kittilä (2019) and related work, there are quite a few others, including applicative, causative, and anticausative.",voice,https://glossary.sil.org/term/voice,voice (grammar),https://en.wikipedia.org/wiki/Voice_(grammar),voice construction (CXN),"voice construction (CXN) = an argument structure construction that expresses the relationship between the participant roles of an event expressed in a clause and their relative salience (topicality). Examples: The grizzlies ate the salmon and The salmon were eaten by the grizzlies are instances of contrasting voice constructions, the basic voice construction and the nonbasic voice construction (specifically, the passive–inverse construction), which are appropriate in different discourse contexts, depending on whether the grizzlies or the salmon is the more salient participant at that point in the discourse. (Section 6.1.1)",,,,,zuniga_grammatical_2019
383,long-distance reflexivizer,,[[A long-distance reflexivizer is a reflexivizer whose antecedent does not occur in the same minimal clause.]],,,,,,long-distance reflexive (STR),"long-distance reflexive (STR) = a strategy in which a reflexive pronoun is used where the referring phrase denoting the referent with which the reflexive pronoun is coreferential does not occur in the same clause (more or less; the precise definition of ‘local’ uses of the reflexive pronoun varies). In particular, in the context of this textbook, a reflexive pronoun is used in a logophoric construction. Example: in Japanese Takasi wa Taroo ni Yosiko ga zibun o nikundeiru koto o hanasita ‘Takasii told Taroo that Yosiko hated himi,’ the reflexive pronoun zibun in the utterance complement Yosiko ga zibun o nikundeiru koto o is coreferential with the speaker participant Takasi in the matrix clause. It appears that use of a long-distance reflexive in a logophoric construction is part of a larger range of uses of long-distance reflexives, and may not represent a true logophoric system. (Section 18.4.2)",https://comparative-concepts.github.io/cc-database/cc-database.html#str:long-distance-reflexive,,,,
384,oblique nominal,,"An oblique nominal is a °nominal that bears a flag that is not a °nominative, °accusative, °ergative or °absolutive °flag.",,oblique object,https://glossary.sil.org/term/oblique-object,,,oblique phrase (CXN ),"oblique argument (INF ) = an argument that is less salient than the core arguments of the same predication. Example: in Sally threw the letter into the wastebasket, the wastebasket is an oblique argument; it is less salient than Sally or the letter. (Sections 6.1.1, 6.2.1)",https://comparative-concepts.github.io/cc-database/cc-database.html#cxn:oblique-phrase,,,,
385,quotative marker,,[[A quotative marker is a form that indicates that an expression represents reported speech.]],,,,quotative,https://en.wikipedia.org/wiki/Quotative,quotative marker (STR),"quotative marker (STR) = a complementizer used with direct reports. Example: in Kobon ban nöp hagöp [yad ram arabin] a göp ‘Who said to you, “I am going home”?,’ a is a quotative marker used with the direct report utterance complement yad ram arabin ‘I am going home.’ Like the direct report strategy it accompanies, a quotative marker originates with utterance complement clause constructions but is extended to other complement clause constructions lower in the Binding Hierarchy. (Section 18.3.2)",https://comparative-concepts.github.io/cc-database/cc-database.html#str:quotative-marker,,,,
386,referent [PR],,PRIMITIVE,,,,,,"reference, referent (INF )","reference, referent (INF ) = what the speaker is talking about. Example: in Masha is nice, the speaker is referring to a person named Masha, and Masha is the referent. In the file metaphor for describing propositional acts, reference opens or accesses a discourse file for the referent. (Sections 1.3, 2.1)",https://comparative-concepts.github.io/cc-database/cc-database.html#inf:reference,,,,
387,restrictive focus marker,,[[A restrictive focus marker is a marker indicating that a proposition applies to a particular referent against the background of other possible referents and not to more.]],"Another term is ""exclusive focus marker"" (König 1991: Chapter 5)",,,,,restrictive (focus) operator (a.k.a. exclusive focus operator) (CXN),"restrictive (focus) operator (a.k.a. exclusive focus operator) (CXN) = a focus operator that indicates that the focus is the restricted information in a restricting counterpresuppositional contrast. Example: in the exchange John bought apples and peaches. No, he only bought PEACHES, only is a restrictive operator. (Section 11.4.1)",,,,,konig_meaning_1991
388,focused expression,,"In a clause that does not have presentational information structure, the focused expression is the expression which could be the answer to a preceding constituent question.","Note that the noun ""focus"" does not have a stable meaning in linguistics. On the one hand, it may refer collectively to focus constructions, as in Krifka's (2008) well-known statement: ""Focus indicates the presence of alternatives that are relevant for the interpretation of linguistic expressions."" Here ""focus"" refers to constructions that ""indicate"" something, i.e. to kinds of forms or expressions. On the other hand, linguists often say that a construction ""indicates focus"", i.e. an information-structural meaning.",focus,https://glossary.sil.org/term/focus,focus (linguistics),https://en.wikipedia.org/wiki/Focus_(linguistics),focus (INF),"focus (INF) = in identificational information packaging, the information which is identified as the “filler” for the open part of the presupposed open proposition. Example: in It was Jack who stole my cookies!, the presupposed open proposition is ‘X stole my cookies,’ and the filler of X is Jack – i.e. X = Jack. The focus may be any part of the information in the clause, not just an argument. The term ‘focus construction’ is sometimes used as a synonym for ‘identificational construction,’ but we avoid that usage here. (Section 11.4.1)",https://comparative-concepts.github.io/cc-database/cc-database.html#inf:focus,,,,
389,adverbial clause,,An adverbial clause is a °clause that is an °adverbial.,,adverbial clause,https://glossary.sil.org/term/adverbial-clause,adverbial clause,https://en.wikipedia.org/wiki/Adverbial_clause,adverbial dependent clause (CXN),"adverbial dependent clause (CXN) = the dependent clause in an adverbial clause construction; it is construed as the ground in the figure–ground information packaging of the construction. Example: in I left early because I was bored, I was bored is the adverbial dependent clause. (Section 15.3.1)",https://comparative-concepts.github.io/cc-database/cc-database.html#cxn:adverbial-dependent-clause,,,,
390,generic nominal,,[[A generic nominal is a nominal that refers to a whole class or to any member of a class as a representative of its class.]],,generic term,https://glossary.sil.org/term/generic-term,,,,,,,,,
391,given information,,[...],,given information,https://glossary.sil.org/term/given-information,,,active referent,,https://comparative-concepts.github.io/cc-database/cc-database.html#inf:active-referent,,,,
392,inflectional meaning-category,,[...],,grammatical category,https://glossary.sil.org/term/grammatical-category,,,,,,,,,
393,habitual (aspectuality),,A situation has habitual aspectual reference if it occurs at reasonably regular intervals and serves to characterize the subject referent.,,habitual aspect,https://glossary.sil.org/term/habitual-aspect,,,,,,,,,
394,head,,The head of an expression consisting of a °noun and its °modifiers is the noun; the head of an expression consisting of a °verb and its °arguments and °adjuncts is the verb; and the head of an expression consisting of an °adjective and its °degree qualifiers is the adjective.,"The ""head"" notion is typically defined in a more general way, so that any kind of phrase (or even a word) can have a head. However, it is unclear how ""phrase"" can be defined, and how the head of any phrase can be identified, and there is no consensus (see",,,head (linguistics),https://en.wikipedia.org/wiki/Head_(linguistics),head (CXN),head (CXN) = the most contentful word that most closely denotes the same function as the phrase (or clause) as a whole. Example: the head of the phrase an ancient watch is watch. (Section 2.2.1),https://comparative-concepts.github.io/cc-database/cc-database.html#cxn:head,,,,
395,hesternal past marker,,A verbal marker is a hesternal past marker if it signals that the situation occurs on the day before the utterance time.,,hesternal past tense,https://glossary.sil.org/term/hesternal-past-tense,,,,,,,,,
396,hodiernal past marker,,A verbal marker is a hodiernal past marker if it signals that the situation occurs on the same day before the utterance time.,,hodiernal past tense,https://glossary.sil.org/term/hodiernal-past-tense,,,,,,,,,
397,honorific marker,,[[An honorific marker is a grammatical marker that expresses the relative social status of the speaker and another person in the speech situation.]],,honorific,https://glossary.sil.org/term/honorific,,,,,,,,,
398,idiom,,An idiom is an expression or a construction that contains multiple forms and whose meaning is not compositionally derivable from the meanings of the parts.,,idiom,https://glossary.sil.org/term/idiom,,,,,,,,"""The criterion used most often to define idioms is the one related to their non- compositionality. In other words, the meaning of idioms cannot be predicted from the meaning of their constituent parts."" (Grant & Bauer 2004: 40)",
399,immediate past marker,,A verbal marker is an immediate past marker if it signals that the situation occurs immediately before the utterance time.,,immediate past tense,https://glossary.sil.org/term/immediate-past-tense,,,,,,,,,
400,action (concept) [PR],,"PRIMITIVE 

(An action is a situation which is controlled by an agent.)",,,,,,action (concept) (SEM),"action (concept) (SEM) = a concept belonging to a semantic class that is relational, dynamic, and transitory. Example: motion events such as running, or transfer events such as giving, are action concepts – they involve change but come to an end. (Section 2.1; Chapters 6–7 cover a wide range of action concepts.)",https://comparative-concepts.github.io/cc-database/cc-database.html#sem:action-concept,,,,
403,object (concept) [PR],,PRIMITIVE,,,,,,,,,,,,
406,completive (aspectuality),,A situation has completive aspectual reference if it is occurs or is carried out in a thorough manner or to completion.,,,,,,,,,,,"""Our working definition of completive is 'to do something thoroughly and to completion', as is expressed, for example, in 'to shoot someone dead' or 'to eat up'. Grams labeled as denoting a ""completed action"" by the reference grammar were not necessarily coded as completive. Unless the author's characterizations and translations included expressions such as 'thoroughly, completely, to completion' or the like, we regarded grams of this sort as perfective."" (Bybee et al. 1994: 54)",bybee_evolution_1994
407,perfect marker,,A verbal marker is a perfect marker if it indicates that the event occurs prior to the topic time and its effects persist at topic time and if it cannot be used for a sequence of successive events in a narrative.,"An alternative term is ""anterior"" (Bybee et al. 1994: 54).

Note that the persistence of effects is clearly noticeable with telic situations (because the result state must obtain at topic time), but not necessarily with atelic situations.

Note that I replaced ""situation"" by ""event"", because perfects are only defined for events (not states).",perfect,https://glossary.sil.org/term/perfect,,,,,,,,"""Anteriors (or ""perfects,"" as they are often called) differ from completives in being relational: an anterior signals that the situation occurs prior to reference time and is relevant to the situation at reference time. Anteriors are typically translated with the English perfect and often accompanied by the relational adverbs 'already' and 'just'. Anteriors may occur with past or future tense marking."" (Bybee et al. 1994: 54)",bybee_evolution_1994
408,resultative marker,,A verbal marker is a resultative marker if it signals that the situation denotes a state resulting from the past event denoted by the verb root.,"According to Nedjalkov's (1988) definition, the subject of a resultative verb must be its patient argument, but this is not included in the definition here.",,,,,,,,,,"""Resultatives signal that a state exists as a result of a past action. The resultative is often similar to the passive in that it usually makes the patient the subject of the clause but differs in that a resultative may apply intransitive verb, as in He is gone, without a change of subject. Resultatives are compatible with the adverb 'still' and are used only with telic verbs, that is, verbs which describe events which have inherent endpoints."" (Bybee et al. 1994: 54)",bybee_evolution_1994
411,spatial ground [PR],,"PRIMITIVE 

(the reference point for locating a figure in a spatial scene)",,,,,,ground (SEM),"ground (SEM) = the reference point for locating a figure in a spatial scene. Example: in Meagan ran into the cave, the cave serves as the ground for locating the path of motion of Meagan. (Sections 7.3.1, 14.5)",https://comparative-concepts.github.io/cc-database/cc-database.html#sem:ground,,,,
413,generic pronoun,,[[A generic pronoun is a pronoun used for generic reference.]],,,,,,generic pronoun (CXN),"generic pronoun (CXN) = a pronoun used for generic reference. Example: in One always works too much, one is functioning as a generic pronoun. (Section 3.6)",https://comparative-concepts.github.io/cc-database/cc-database.html#cxn:generic-pronoun,,,,
414,general extender,,[[A general extender is a form used as part of a non-exhaustive coordination construction that indicates the non-exhaustiveness of the list.]],,,,,,general extender (STR),"general extender (STR) = a form used as part of a non-exhaustive coordination construction that indicates the non-exhaustiveness of the list. Example: in the non-exhaustive coordination construction in She sold baskets, pots, and stuff / and everything, and stuff or and everything are general extenders. (Section 15.2.2)",https://comparative-concepts.github.io/cc-database/cc-database.html#str:general-extender,,,,
415,aspectuality [PR],,PRIMITIVE,,,,,,,,,,,,
416,ongoing (aspectuality),,A situation has ongoing aspectual reference if its runtime temporally includes the topic time.,"Ongoing aspectuality is commonly called ""progressive"" for dynamic situations, and it is sometimes called ""continuous"" for static situations.",,,,,,,,,,,
417,imperfective marker,,An imperfective marker is a verbal marker that can indicate (= is compatible with) ongoing aspectual reference and habitual aspectual reference but that is incompatible with bounded aspectual reference.,"According to this definition, a purely habitual marker is not a subtype of imperfective marker, and a purely progressive marker is not a subtype either. Imperfective markers must be like the Russian and French imperfective constructions and occur both with ongoing and habitual reference.",imperfective aspect,https://glossary.sil.org/term/imperfective-aspect,imperfective aspect,https://en.wikipedia.org/wiki/Imperfective_aspect,,,,,,"""Imperfective aspectual reference is commonly divided into two subtypes: progressive and habitual (e.g., Bybee et al. _x000E_1994: 151_x000E_). To establish that a form is an imperfective aspect, then, we need to determine that it can have both progressive meaning and habitual meaning, depending on context."" (Cover & Tonhauser 2015: 324)",cover_theories_2015
418,progressive marker,,A progressive marker is a verbal marker that can indicate (= is compatible with) ongoing aspectual reference and that is incompatible with habitual aspectual reference and bounded aspectual reference.,,progressive aspect,https://glossary.sil.org/term/progressive-aspect,,,,,,,,,
419,bounded (aspectuality),,A situation has bounded aspectual reference if the topic time temporally includes its runtime.,"""For [perfective aspectual reference], a common definition is that the topic time temporally includes the eventuality time: ET ⊆ TT.""",,,,,,,,,,"""For [perfective aspectual reference], a common definition is that the topic time temporally includes the eventuality time: ET ⊆ TT."" (Cover & Tonhauser 2015: 323)",
421,state (situation),,A state is a situation that involves no change.,"The adjective is ""static"", contrasting with ""dynamic"" (which corresponds to the noun ""process""). There is also a term ""stative"", which is often used for subclasses of verbs, but sometimes also for situation types. There is no difference between ""static"" and ""stative"".",stative verb,https://glossary.sil.org/term/stative-verb,(no direct counterpart),https://en.wikipedia.org/wiki/Stative_verb,state (SEM),"state (SEM) = a concept which is relational and stative but transitory. Example: being sick or being happy are examples of states – they are stative, but the states of the object they apply to come and go. (Section 2.1)",,,,,
422,process (situation),,"A process is a dynamic situation, i.e. a situation that involves some change.","Processes (dynamic situations) contrast with states (non-dynamic situations). Sometimes ""event"" is used broadly instead of ""process"", but both terms have also been used more narrowly (e.g. ""event"" for telic processes, or ""process"" for non-controlled dynamic situations as opposed to ""action""). In the current terminology, ""event"" is not used, as it is unclear whether it should be treated as synonymous with ""eventuality/situation"" (e.g. Croft 2022) or with ""process"" (e.g. Dik 1997.1: 114).",,,(no direct counterpart),https://en.wikipedia.org/wiki/Dynamic_verb,dynamic (SEM),"dynamic (SEM) = a concept construed as involving change over the time course of the event. Example: walking involves change over the time course of the walking event. (Sections 2.1, 6.2.1)",https://comparative-concepts.github.io/cc-database/cc-database.html#sem:dynamic,,,,croft_morphosyntax_2022;dik_theory_1997
423,accomplishment (situation),,An accomplishment is a situation with a natural endpoint (i.e. a telic situation) that has some duration.,,,,(no direct counterpart),https://en.wikipedia.org/wiki/Lexical_aspect#Vendler's_classification,,,,,,,
424,achievement (situation),,An achievement is a situation with a natural endpoint (i.e. a telic situation) that has no duration (i.e. that is punctual).,,,,(no direct counterpart),https://en.wikipedia.org/wiki/Lexical_aspect#Vendler's_classification,,,,,,,
425,telic situation,,A telic situation is a situation with a natural endpoint.,"A situation that is not telic is called ""atelic."" Telic situations are typically identified by cooccurrence with certain times adverbial expressions such as ""in three hours"", or ""it took three hours"", but these do not occur in all languages in the way they occur in English and other European languages. As noted by Boland (2006: 39), the best test is to ask the question: ""If X is interrupted in the course of VERB-ing, has she then VERB-ed?"" With telic events the answer is no, whereas with atelic events the answer is yes.",,,telicity,https://en.wikipedia.org/wiki/Telicity,telic (SEM),"telic (SEM) = an event in which the relevant participant ends up in a “natural” result state. Example: in I crossed the street, the natural result state is reaching the other side of the street, and the event is telic. (Section 6.2.1)",https://comparative-concepts.github.io/cc-database/cc-database.html#sem:telic,,,,boland_aspect_2006
426,activity (situation),,An activity is a dynamic situation that has no natural endpoint (i.e. that is atelic rather than telic).,,,,(no direct counterpart),https://en.wikipedia.org/wiki/Lexical_aspect#Vendler's_classification,,,,,,,
427,iamitive marker,,A marker is a iamitive marker if it indicates a change of state when occurring in static situations and 'already' when occurring in processes (i.e. dynamic situations).,,,,,,,,,,,,
428,differential object marking,,Differential object marking is a pattern in which different subtypes of P-arguments are marked differently.,"Strictly speaking, differential object marking (DOM) should be called ""differential P marking"", because ""object"" must be taken to mean ""direct object"" (= P-argument). There are two subtypes of DOM: differential object flagging (DOF) and differential object indexing (DOI) (Haspelmath 2026). ❡ 

The term DOM became well-known through Bossong (1985; 1991), though it was first used in Bossong (1982), building on Moravcsik (1978).",,,differential object marking,https://en.wikipedia.org/wiki/Differential_object_marking,differential object marking (STR),"differential object marking (STR) = a strategy that is marginal for the passive–inverse voice construction in which there is a distinct, overt flag of higher animacy / higher information status – that is, higher-salience – Ps. Example: in Spanish, El director busca a un empleado ‘The director is looking for a [specific] clerk,’ the phrase un empleado ‘a clerk,’ referring to the P participant, uses the overt flag a. Differential object marking is not usually considered a strategy of the passive–inverse construction because the A participant is not reduced in salience, although the P participant is higher in salience. (Section 8.3)",https://comparative-concepts.github.io/cc-database/cc-database.html#str:differential-object-marking,,,"""Differential object marking, also known as Prepositional Accusative in
Romance linguistics, is a variation in the encoding of direct objects, whereby only a subset of direct objects receives overt marking."" (Iemmolo 2010: 239)",haspelmath_non-unity_2026;iemmolo_topicality_2010;bossong_historische_1982;bossong_differentielle_1985;bossong_differential_1991
429,imperative marker,,A °verbal °marker is an imperative marker if it signals that the °clause is an °imperative sentence.,"Imperative is commonly treated as a value of the category/feature ""mood"", which cannot be easily be defined independently. There are also many situations where ""imperative"" has been restricted to 2nd person forms, with other labels (""hortative"" and ""jussive"") used for 1st and 3rd person forms. Here the term ""imperative"" is used in the broad sense, including non-2nd person forms.",imperative mood,https://glossary.sil.org/term/imperative-mood,imperative mood,https://en.wikipedia.org/wiki/Imperative_mood,,,,,,,
430,impersonal construction,,An impersonal clause construction is a construction that lacks a °subject argument or whose °subject argument is an °impersonal-argument form.,,impersonal verb,https://glossary.sil.org/term/impersonal-verb,impersonal verb,https://en.wikipedia.org/wiki/Impersonal_verb,,,,,,"""The term ‘impersonal’, as used in the linguistic literature, has received both a structural and a communicative-functional characterization. From the structural point of view impersonalization is associated with the lack of a canonical subject, from the functional perspective with agent defocusing."" (Siewierska 2008: 116)",siewierska_introduction:_2008
431,inalienable noun,,An inalienable noun (a cover term) is a noun that denotes a kinship relation or a body part.,,inalienable noun,https://glossary.sil.org/term/inalienable-noun,(no direct counterpart),https://en.wikipedia.org/wiki/Inalienable_possession,,,,,,,
432,inclusive person form,,[[An exclusive person form is a form that refers to a group including the speaker/producer and the addressee(s).]],,inclusive first person deixis,https://glossary.sil.org/term/inclusive-first-person-deixis,clusivity,https://en.wikipedia.org/wiki/Clusivity,inclusive pronoun (CXN),inclusive pronoun (CXN) = a first person pronoun that refers to a group including both speaker and addressee. Example: Kosraean kʌt is a first person inclusive pronoun referring to a group that includes both the speaker and the addressee. (Section 3.1.1),https://comparative-concepts.github.io/cc-database/cc-database.html#cxn:inclusive-pronoun,,,,
433,concessive clause,,A concessive clause is a °clause that expresses a °concessive circumstance of the °event described by the °matrix clause.,,concession relation,https://glossary.sil.org/term/concession-relation,(in German Wikipedia),https://de.wikipedia.org/wiki/Konzessivsatz,concessive construction (CXN),"concessive relation (SEM) / construction (CXN) = a relation between two events such that there is an expected causal relation between the two events, but the opposite of the sec- ond event, expressed in the apodosis, unexpectedly occurs. Example: Although it was raining, I went out is an instance of a concessive relation and construction: the expected causal relation is that rain would lead to my staying in; but in fact I went out. The speaker has a positive epistemic stance toward the concessive construction. A concessive may express a content, epistemic, or speech act causal relation. (Section 17.3.2)",https://comparative-concepts.github.io/cc-database/cc-database.html#cxn:concessive-construction,,,,
434,concessive conditional clause,,A concessive conditional clause is a conditional clause which express a contextually exhaustive set of antecedent values.,,,,,,concessive conditional construction (CXN),"concessive conditional relation (SEM) / construction (CXN) = a causal relation between a set of events that are associated with a scalar model on the one hand, and another event, such that the other event would occur under the entire range of conditions described in the scalar model associated with the first set of events; and the construc- tion that expresses that relation. Example: However much advice you give him, he does exactly what he wants to do is an instance of the concessive conditional relation and construction – the protasis However much advice you give him introduces a scalar model of your giving him a full range of amounts of advice; and the apodosis he does exactly what he wants to do describes the event that occurs or would occur under any of those conditions. The speaker has a neutral epistemic stance toward the range of events associated with the scalar model. The apodosis has an unexpected causal relation with respect to the set of events that make up the protasis. A concessive conditional may express a content, epistemic, or speech act causal relation. (Section 17.3.3)",https://comparative-concepts.github.io/cc-database/cc-database.html#cxn:concessive-conditional-construction,,,"""Concessive conditionals share certain functional-conceptual properties with both conditionals and concessives. Like prototypical conditionals, they link a protasis to an apodosis, but whereas the protasis of prototypical conditionals normally expresses one antecedent value (‘if p, then q’), the protasis of concessive conditionals expresses a partially ordered set of antecedent values: ‘if {p1, p2, p3, ...}, then q’ ... This set usually exhausts all contextually relevant possibilities, causing the consequent q in the apodosis to be entailed. Concessive conditionals are thus defined as conditional constructions which express a contextually exhaustive set of antecedent values in the protasis."" (Bossuyt 2023)",bossuyt_concessive_2023
435,universal concessive conditional clause,,[[A universal concessive conditional clause is a concessive conditional clause in which the exhaustive set of antecedent values is suggested by free-choice quantification over instantiations of a variable.]],,indefinite concessive relation,https://glossary.sil.org/term/indefinite-concessive-relation,,,universal concessive conditional strategy (STR),"universal concessive conditional strategy (STR) = a strategy for expressing a concessive conditional construction where the protasis, which specifies the set of conditions for the concessive conditional, quantifies over all the alternatives possible in the scalar model; the apodosis expresses that the outcome is the same under all conditions. Example: However much advice you give him, he does exactly what he wants to do uses the universal concessive conditional strategy: the protasis quantifies over all amounts of advice that you could give him, and the apodosis asserts that he does exactly what he wants to do under any of those conditions. (Section 17.3.3)",https://comparative-concepts.github.io/cc-database/cc-database.html#str:universal-concessive-conditional-strategy,,,,
436,mirative marker,,A verbal marker is a mirative marker if it signals that the speaker is surprised about the proposition.,,,,mirativity,https://en.wikipedia.org/wiki/Mirativity,mirative (SEM),"mirative (SEM) = a speaker attitude of surprise toward the propositional content in the speaker’s utterance. Example: Lhasa Tibetan has a distinct construction for expressing the mirative function with the form ’dug: nga-rdngul tog=tsam ’dug ‘I have some money’ expresses not only that the speaker has money, but that she is surprised to find this out. (Sections 12.1, 12.5.2)",https://comparative-concepts.github.io/cc-database/cc-database.html#sem:mirative,,,,
438,adjunct,,"An adjunct is an expression that (i) can be °focused, and (ii) that is not a °nominal or °clausal °argument, a part of a nominal, a °verb, or a °nonverbal predicate.",,adjunct,https://glossary.sil.org/term/adjunct,adjunct (grammar),https://en.wikipedia.org/wiki/Adjunct_(grammar),(adjunct),"adjunct = a term that is sometimes used for an oblique argument phrase denoting certain participants that are more peripheral than other participants denoted by oblique phrases, and which is therefore syntactically “optional.” Semantically, there is no clear division between peripheral participants that motivates an (oblique) argu- ment / adjunct distinction. Also, the phrases expressing even central participants that are highly salient may be morphosyntactically “optional,” as is found with zero anaphora. There is no clear comparative concept of ‘adjunct,’ and the term is not used in this textbook.",https://comparative-concepts.github.io/cc-database/cc-database.html#def:adjunct,,,"""At the beginning of the discussion of the argument/adjunct distinction stands a simple observation: some linguistic expressions in a clause are central to the predicate, i.e. they ‘complete’ the predicate, and their referents are equally central to the situation referred to by the predicate. In contrast, other linguistic expressions are peripheral to the predicate and the participants they denote pertain to the situation as a whole (cf. Dowty 2000). The former type of linguistic expression is often called ‘arguments’ (or ‘complements’), and the latter type ‘adjuncts’ (or ‘modifiers’)."" (Forker 2014: 27)",forker_canonical_2014;dowty_dual_2000
439,definite zero anaphora,,Definite zero anaphora is an anaphoric construction in which a referent is not expressed by a form but can be inferred from the context.,"Other terms are ""null anaphora"" and ""definite null instantiation (DNI)"". Definite zero anaphora must be distinguished from indefinite zero anaphora, which exists in many languages but has not been widely studied (e.g. _Did you buy potatoes? Yes, I bought Ø_.)",zero anaphora,https://glossary.sil.org/term/zero-anaphora,,,zero anaphora (CXN),"zero anaphora (a.k.a. definite null instantiation, DNI, null anaphora) (CXN) = the absence of a referring phrase for a referent in a construction. Zero anaphora is frequently used when the referent is active. (Section 3.3.1)",https://comparative-concepts.github.io/cc-database/cc-database.html#str:zero-anaphora,,,"""Zero anaphora is one of the most natural, universal, ancient and functionally-coherent grammatical devices in the tool-kit of natural language. Not only is it an integral part of all mature grammars, but it is also one of the most robust pre-grammatical communicative devices found in the language of early child-hood, second-language pidgin and Broca’s aphasia."" (Givón 2017: 3)",givon_story_2017
440,experiential event,,[[An experiential event is an event that involves a human internal mental or bodily experience and a verb that expresses such an event.]],,,,,,experiential event (SEM),"experiential event (SEM) / verb (CXN) = an event that involves a human internal mental or bodily experience; and a verb that expresses such an event. Experiential events include perception events, cognition events, emotion events, and (bodily) sensation events; ingestion events also exhibit some semantic similarities to experiential events. (Sections 6.1.2, 7.4)",https://comparative-concepts.github.io/cc-database/cc-database.html#sem:experiential-event,,,,
441,indirect reported speech,,[[Indirect reported speech is a strategy for the complement of an utterance event in which only the content of an utterance is expressed.]],,indirect speech,https://glossary.sil.org/term/indirect-speech,indirect speech,https://en.wikipedia.org/wiki/Indirect_speech,indirect report (STR),"indirect report (STR) = a strategy for the complement of an utterance event in which only the content of an utterance is expressed. Example: in Sandy said that she was buying the house, only the content of Sandy’s utterance is reported (contrast with the direct report strategy in Sandy said, ‘I’m buying the house’). (Section 18.2.2)",https://comparative-concepts.github.io/cc-database/cc-database.html#str:indirect-report,,,,
442,reported speech construction,,[A reported speech construction is a complement of an utterance verb.]],,,,quotation,https://en.wikipedia.org/wiki/Quotation,,,,,,,
443,inessive flag,,[[An inessive flag is a °flag that indicates a specific subtype of  °location where the locatum is inside the °spatial ground.]],,inessive case,https://glossary.sil.org/term/inessive-case,,,,,,,,,
444,inflectional affix,,An inflectional affix is an affix that expresses an inflectional meaning.,,inflectional affix,https://glossary.sil.org/term/inflectional-affix,,,,,,,,"""An inflectional construction is a construction in which an inflectional meaning (role, person, number, gender, tense, mood, evidentiality, polarity) is expressed by an affix or nonconcatenatively."" (Haspelmath 2024: 65)",
445,interrogative affix,,An interrogative affix is an affix that is a question marker.,,interrogative mood,https://glossary.sil.org/term/interrogative-mood,,,,,,,,,
446,irrealis reference,,[...],,irrealis modality,https://glossary.sil.org/term/irrealis-modality,,,,,,,,,
447,iterative aspectual reference,,[...],,iterative aspect,https://glossary.sil.org/term/iterative-aspect,,,,,,,,,
448,jussive marker,,[[A °verbal °marker is a jussive marker if it signals that the °clause is an °imperative sentence and the °subject is third person.]],A jussive marker is thus a special kind of imperative marker.,jussive mood,https://glossary.sil.org/term/jussive-mood,,,,,,,,"""In many languages, non-addressee-oriented command forms – or non-canonical imperatives – stand apart from canonical imperatives in their expression and evolution. Alternative terms are available. The term ‘jussive’ can be used to cover commands to third person, and ‘hortative’ describes commands to first person."" (Aikhenvald 2010: 396)",aikhenvald_imperatives_2010
449,lexeme,,"A lexeme is the set of forms that minimally contain the same lexeme-stem, or one of its suppletive counterparts, and that may only contain inflectional affixes in addition.",,lexeme,https://glossary.sil.org/term/lexeme,lexeme,https://en.wikipedia.org/wiki/Lexeme,,,,,,,
451,locative (role),,A nominal bears the locative role if it serves to express the °ground place in a description of the °location of an object.,,locative as a semantic role,https://glossary.sil.org/term/locative-semantic-role,,,figure–ground spatial relation (SEM),"figure–ground spatial relation (a.k.a. locative relation) (SEM) = a spatial relation that holds between two objects such that the ground object functions as a reference point for locating the figure. Example: the bicycle in the garage is a locative modification construction that expresses a figure–ground spatial relation between the bicycle and the garage. (Sections 4.1.4, 10.4.1)",https://comparative-concepts.github.io/cc-database/cc-database.html#sem:figure-ground-spatial-relation,,,,
453,relative clause gap strategy,,[[A relative clause gap strategy is a strategy for the expression of the necessarily shared participant in the relative clause of an externally headed relative clause construction in which the participant is not expressed at all in the relative clause.]],,,,,,gap strategy (STR),"gap strategy (STR) = a strategy for the expression of the necessarily shared participant in the relative clause of an externally headed relative clause construction, in which the participant is not expressed at all in the relative clause. Example: I ate the cheesecake [that Carol baked] uses the gap strategy because the shared participant, the cheesecake, is expressed only as the external relative clause head, and not at all in the relative clause that Carol baked. (Section 19.2.2)",https://comparative-concepts.github.io/cc-database/cc-database.html#str:gap-strategy,,,,
455,masculine gender,,[[Masculine gender refers to a gender class that includes male-denoting nouns and no female-denoting nouns.]],,masculine gender,https://glossary.sil.org/term/masculine-gender,(no direct counterpart),https://en.wikipedia.org/wiki/Grammatical_gender#Masculine%E2%80%93feminine_contrast,,,,,,,
457,measure degree expression,,A measure degree expression is an expression that accompanies a gradable property word and specifies its degree numerically.,"Typical examples are _The shelf is 80 cm wide_, or _The yoghurt is fifty cents cheaper than the cream_, and in_He weighs 70 kilos_, _weigh_is also gradable property word. The most common term in the literature is ""measure phrase"" (e.g. Klooster 1973; Schwarzschild 2005), but ""measure degree expression"" is more precise. ""Measure"" is also often used for mensuratives (or even numeratives), so ""measure degree"" is clearer.",measure as a semantic role,https://glossary.sil.org/term/measure-semantic-role,,,,,,,,,
458,degree qualifier,,[[A degree qualifier is a form that combines with an °adjective expressing a °gradable property to express a degree.]],,intensifier,https://glossary.sil.org/term/intensifier,,,degree modifier (STR),"degree modifier (a.k.a. degree adverb) (STR) = a scalar admodifier expressed by an independent word. Example: very in very happy is a degree modifier. (Section 4.1.2) ❡ admodification (INF ) =the information packaging function of qualifying a modifier, usually via semantically expressing degree or hedging of the property denoted by the modifier. Example: in very slow, the degree admodifier very intensifies the value of the speed dimension denoted by slow. (Section 2.2.2)",https://comparative-concepts.github.io/cc-database/cc-database.html#str:degree-modifier,,,,
459,mood,,[...],,mood and modality,https://glossary.sil.org/term/mood-and-modality,,,,,,,,,
460,new information,,[...],,new information,https://glossary.sil.org/term/new-information,,,,,,,,,
461,event nominalization construction,,[[An event nominalization construction is a °construction that contains a °verb and denotes an °event or a proposition and that can be °flagged like a °nominal.]],,nominalization,https://glossary.sil.org/term/nominalization,nominalization,https://en.wikipedia.org/wiki/Nominalization,,,,,,,
462,appositive relative clause,,[[An appositive relative clause is a clause that is formally identical to a relative clause but does not serve to restrict the reference of the nominal of which it is part.]],"Another widely used term is ""nonrestrictive relative clause"".",nonrestrictive relative clause,https://glossary.sil.org/term/nonrestrictive-relative-clause,(no direct counterpart),https://en.wikipedia.org/wiki/Relative_clause#Restrictive_and_non-restrictive,,,,,,"""Alongside of [relative clause]s, languages normally have a variety of structures that resemble [relative clause]s in various ways, without meeting the definition in (1). In English and many other languages, there is, for example, the so-called ‘nonrestrictive’ relative clause, which makes a comment about an NP or other constituent, without delimiting its reference."" (Andrews 2007: 207)",andrews_relativeclauses_2007
463,nonvisual evidential construction,,[...],,nonvisual evidential,https://glossary.sil.org/term/nonvisual-evidential,,,,,,,,,
465,nondumitive marker,,[...],,not-yet tense,https://glossary.sil.org/term/not-yet-tense,,,,,,,,,
466,polar response word,,[[A polar response word is a special morph that can be used as a polar response.]],"Such morphs are also called ""response particles"" (e.g. Krifka 2013) or ""polarity particles"" (e.g. Farkas & Roelofsen 2019). Since they are not particles (in the sense of ""clitics that are not person forms or linkers""), it is better to call them ""(polar) response words"".",,,,,,,,,,,krifka_response_2013;farkas_polarity_2019
467,polar response,,[[A polar response is a an expression that can be used conventionally to answer a polar question.]],,,,,,,,,,,,
468,conditional clause,COND,A conditional clause is a °clause that expresses a °conditional circumstance of the °event described by the °matrix clause.,"A complex clause containing a conditional subordinate clause may be called ""conditional complex"", though the simple term ""conditional"" is often used in this way (e.g. Traugott et al. (eds) 1986). ❡ 

A conditional clause is also called ""protasis"", and the matrix clause (or clause fragment) is called ""apodosis"".",conditional relation,https://glossary.sil.org/term/conditional-relation,,,conditional relation (SEM) / construction (CXN),"conditional relation (SEM) / construction (CXN) = a semantic relation between two events that involves a logical material implication relation between their corresponding propositions, some type of causal relation between the corresponding events, and non-positive epistemic stance; and the construction that expresses that relation. Example: If you press this button, the door will open is an instance of the conditional relation and construction. The causally antecedent proposition is the protasis, and the causally consequent proposition is the apodosis. A conditional may express a content, epistemic or speech act causal relation. (Section 17.3.1)",https://comparative-concepts.github.io/cc-database/cc-database.html#cxn:conditional-construction,,,,traugott_conditionals_1986
469,comparative standard,STAN,"[[In a comparative construction, the standard is the expression that serves as the reference point for the topical expression whose gradable property is in the foreground.]]",,,,,,standard (SEM),,https://comparative-concepts.github.io/cc-database/cc-database.html#sem:standard,,,,
472,monoclausal construction,,"A monoclausal construction is a clausal construction that can have only one predicate °negation, even if there are multiple °predicate forms.",The definition is from Haspelmath (2027).,,,,,,,,,,,haspelmath_biverbal_2027
473,antipassive voice alternation,,"In an antipassive voice alternation, the uncoded alternant is °transitive (with A- and P-arguments), whereas in the coded alternant, the basic P is downgraded, and the basic A corresponds to S.",,,,,,,,,,,,
474,voice alternation,,A voice alternation is a °valency alternation in which the °verb is coded in at least one of the alternant constructions.,"The definition is from Haspelmath (2026), based on Zúñiga & Kittilä (2019), Kulikov (2011), and ultimately Mel'čuk & Xolodovič (1970).",,,,,,,,,,,haspelmath_valency_2026;zuniga_grammatical_2019;kulikov_voice_2011;melcuk_k_1970
475,obviative pronoun,,An obviative pronoun is an °anaphoric °pronoun that cannot be °coreferential with a °coargument.,"This definition is from Haspelmath (2023: 53), following authors such as Kiparsky (2012). ❡

The term ""obviative"" originally comes from Algonquian linguistics.",obviative person deixis,https://glossary.sil.org/term/obviative-person-deixis,obviative,https://en.wikipedia.org/wiki/Obviative,,,,,,"""Morphologically marked Obviation, at least as instantiated in Algonquian languages such languages as Cree and Ojibwa..., is also a manifestation of coargument disjoint reference, but one that falls
within “syntax” as traditionally demarcated. These languages distinguish between
two sets of pronominal affixes, obviative (the morphologically marked category), and
proximate. Above the clausal level, the use of proximates and obviatives is determined by discourse structure, the basic generalization being that proximate forms are reserved for the current discourse topic (or topics, since in certain cases there may be more than one concurrent topic). A switch of obviation serves, typically, to foreground another topic. Within a clause, obviation is rigorously controlled by the constraint that there can be at most one proximate third person argument."" (Kiparsky 2002: 23) ❡

""In many (or perhaps most) languages, nonsubject anaphoric personal pronouns are obviative (Kiparsky 2002; 2012), i.e. they cannot be coreferential with a coar- gument."" (Haspelmath 2023: 42)",haspelmath_comparing_2023;kiparsky_disjoint_2002;kiparsky_greek_2012
476,question speech act [PR],,PRIMITIVE,,,,,,interrogative (INF),"interrogative (INF) = a speech act which requests information, usually of the addressee, regarding uncertain or unknown information that is part of the propositional content of the question. Interrogatives are divided into polarity questions, information questions, and alternative questions. (Sections 12.1, 12.3)",https://comparative-concepts.github.io/cc-database/cc-database.html#inf:interrogative,,,"""From a pragmatic perspective, questions are essentially events in a discourse or dialogue. In response to the utterance of an interrogative sentence one may legitimately ask “Was that a question?” Questions, then, are certain acts in a conversation the very performance of which is subject to linguistic and pragmatic rules. According to Fregean speech act theorists, simple sentences just have some propositional content as their semantic value, and a question is the act of bringing it up with a request of determining whether the proposition is true."" (Aloni et al. 2016: 561)",
478,statement speech act [PR],,PRIMITIVE,,statement,https://glossary.sil.org/term/statement,,,declarative (INF),declarative (INF) = a speech act which simply asserts its propositional content. Example: The English sentence Sandra picked up the children is an instance of a declarative speech act. (Section 12.1),https://comparative-concepts.github.io/cc-database/cc-database.html#inf:declarative,,,,
479,directive speech act [PR],,PRIMITIVE,,,,,,imperative-hortative (INF),"imperative-hortative (INF) = a speech act which requests that the action expressed in the propositional content of the imperative–hortative be carried out, prototypically by the addressee but possibly by other persons. Example: Dance! is an example of the English imperative–hortative construction for the second person, and Let's dance! is an example of the same for the first person plural. The term ""hortative"" is sometimes used for a first person imperative–hortative, and ""jussive"" for a third person imperative–hortative. A negative imperative–hortative is a prohibitive. (Sections 12.1, 12.4)",https://comparative-concepts.github.io/cc-database/cc-database.html#inf:imperative-hortative,,,"""A directive is a particular kind of semantic object, characteristically associated with imperative sentences. It is the kind of object that can be issued by uttering such a sentence, and fullfilled by causing the conditions associated with the sentence to be met."" (Sag et al. 2003: 560)",sag_syntactic_2003
480,optative marker,,A °verbal °marker is an optative marker if it signals that the clause expresses a wish of the speaker.,,optative mood,https://glossary.sil.org/term/optative-mood,optative mood,https://en.wikipedia.org/wiki/Optative_mood,,,,,,,
481,anaphora,,Anaphora is the use of linguistic forms or constructions to signal °coreference within the discourse or within a clause.,The definition is from Haspelmath (2023: 52).,anaphora,https://glossary.sil.org/term/anaphora,anaphora (linguistics),https://en.wikipedia.org/wiki/Anaphora_(linguistics),,,,,,,janic_comparing_2023
482,antecedent,,"In an °anaphoric relationship, the antecedent of an °anaphoric form or of an unexpressed anaphoric referent is the referent which determines its reference.",The definition is from Haspelmath (2023: 52).,antecedent,https://glossary.sil.org/term/antecedent,,,,,,,,,janic_comparing_2023
483,coreference,,[[Coreference is reference to a referent that recurs in different occasions in a stretch of discourse.]],,coreference,https://glossary.sil.org/term/coreference,coreference,https://en.wikipedia.org/wiki/Coreference,coreference (INF ),"coreference (INF ) = the act of referring to a referent that recurs in different occasions in a stretch of discourse. The stretch of discourse may constitute a single construction, such as a complex sentence construction. This is the primary context in which coref- erence is discussed in this book. Example: in Jaredi praised hisi father, but hisi father ignored himi, the referent Jared recurs four times in the sentence, and so represents an example of coreference. In linguistic analysis, coreference is often notated by sub- script indexes such as i in the example. (Section 16.1)",https://comparative-concepts.github.io/cc-database/cc-database.html#inf:coreference,,,,
484,coargument,,A coargument of an argument is an °argument that occurs in the same minimal clause.,,,,,,,,,,,,
485,definite article,DEF,[[A definite article is a bound morph that occurs in a nominal and indicates that the nominal is definite.]],,,,(no direct counterpart),https://en.wikipedia.org/wiki/Article_(grammar)#Definite_article,definite article (CXN),"definite pronoun/article (CXN) = this term is applied to referring phrases – pronouns and articles combined with nouns – that are associated with the top end of the information status continuum, where the identity of the referent is already known to both speaker and hearer. This includes active, semi-active, inactive, and inferrable referents. Example: the glass bowl is an example of a definite referring phrase, used in a context where the individual glass bowl in question is identifiable by both speaker and hearer (Table 3.4, Section 3.3.1)",https://comparative-concepts.github.io/cc-database/cc-database.html#cxn:definite-article,,,"""Whenever we
use a definite article, ... we presuppose that reference is made to an object
or entity that is unique and therefore clearly identifiable in a given context."" (König 2018: 168)",konig_definite_2018
486,coexpression,,[[A form coexpresses two or more meanings if it can express them in different contexts or on different occasions.]],"Coexpression is similar to ""polysemy"", but it does not entail that the meanings are different as language-particular meanings; it merely says that the form can express two identifiable comparison meanings. The term ""coexpression"" is a generalization of François's (2008) term ""colexification"", applying to all kinds of forms, not only lexical roots and lexemes. It was introduced by Hartmann et al. (2014).",,,,,,,,,,,
487,purpose clause,,A purpose clause is a °clause that expresses a °purpose circumstance of the °event described by the °matrix clause.,,,,,,,,,,,,
488,path (role),,A nominal bears the path role if it serves to express the path of a spatial motion verb ('go').,,path,https://glossary.sil.org/term/path,,,,,,,,,
489,prohibitive marker,,A °verbal °marker is a prohibitive marker if it signals that the clause is a °negated °imperative sentence.,,,,,,,,,,,,
490,causal-noncausal alternation,,[...],"In Haspelmath (1993), this type of valency alternation was called ""causative-inchoative alternation"". Some authors called it ""(anti)causative"" alternation in the past.",,,,,,,,,,"""The noncausal/causal alternation refers to an opposition between two predicates that denote the same
event but differ with respect to causation. The causal predicate describes an event with a causer, specifically an agent or force. The noncausal predicate describes the same event without the involvement
of a causer."" (Dom et al. 2022)",haspelmath_universals_2016;haspelmath_more_1993;dom_noncausalcausal_2022
491,additive focus marker,ADDIT,[...],,,,,,additive (focus) operator (CXN),"additive (focus) operator (a.k.a. inclusive focus operator) (CXN) = a focus operator that indicates that the focus is the added information in an expanding counterpresupposi- tional contrast construction. Example: in the exchange John bought apples. He also bought PEACHES, also is an additive operator. (Section 11.4.1)",,,,,
492,realis (meaning),,[...],,realis modality,https://glossary.sil.org/term/realis-modality,,,,,,,,,
493,remote past-tense marker,,[...],,remote past tense,https://glossary.sil.org/term/remote-past-tense,,,,,,,,,
494,stance satellite,,[...],,sentence adverb,https://glossary.sil.org/term/sentence-adverb,,,,,,,,,
495,singulative affix,,[[A singulative affix is an affix that marks a noun as denoting a single entity when there is a corresponding affixless form that can denote a multiplicity of entities.]],,singulative,https://glossary.sil.org/term/singulative,singulative number,https://en.wikipedia.org/wiki/Singulative_number,,,,,,,
496,source (role),,A °nominal bears a source role if it serves to express the source of a spatial motion verb ('go').,,source as a semantic role,https://glossary.sil.org/term/source-semantic-role,,,,,,,,,
497,binominal construction,,[...],,,,,,binominal lexeme (CXN),"binominal lexeme construction (CXN) = a typifying (non-anchoring) construction that expresses a unitary concept by means of two object concepts. Example: in French moulin aÌ vent and its English translation windmill, two object concepts, vent/wind and moulin/mill, combine syntactically to express a unitary concept. (Section 5.2.1) ❡ typifying (a.k.a. non-anchoring) construction (CXN): a nominal modification construction that is not an anchoring construction, in that the object modifier is only type identifiable, the modifier–head combination refers to a subclass of a broader class, and the head cannot be identified via its relation to the modifier. Example: women’s magazine is an instance of a typifying construction: women does not refer to a specific set of women; the phrase as a whole denotes a particular subclass of magazines; and the referent of magazine cannot be identified by the modifier women’s. (Section 5.2.1)",https://comparative-concepts.github.io/cc-database/cc-database.html#cxn:binominal-lexeme,,,,
498,bisyndetic coordination,,[...],,,,,,bisyndetic (STR),"bisyndetic (STR) = a strategy used in syndetic coordination where there are as many coordinators as coordinands. Example: in Upper Kuskokwim dineje ʔɨɬ midzish ʔɨɬ ‘moose and caribou’, the coordinator ʔɨɬ occurs with each coordinand. In some cases, the two coordinators are different, as in English Either...or..., as in Either you leave or I leave. (Section 15.2.2)",https://comparative-concepts.github.io/cc-database/cc-database.html#str:bisyndetic,,,,
499,causative voice construction,,A causative voice construction is the coded alternant in a °causative voice alternation.,,,,,,causative (STR),"causative (STR) = a system of strategies in which a noncausal event and its counterpart causal event are expressed such that the causal event predicate adds overt coding to the noncausal event predicate. Example: in Turkish, the causal event predicate öl-dür- ‘kill’ is formed by the noncausal event predicate öl ‘die’ plus the overt causative suffix -dür. (Section 6.3.4)",https://comparative-concepts.github.io/cc-database/cc-database.html#cxn:causative-construction,,,,
500,circumpositional construction,,A circumpositional construction is a nominal that is flagged both by a preposition and a postposition.,"Many authors alternatively use the term ""circumposition"", treating it as a subtype of adposition. But an adposition is defined as a single morph, and a circumpositional construction by definition includes two adpositions.",,,,,circumposition (STR),"circumposition (STR) = an adposition which occurs as two morphemes, one before and one after the modifier or argument head. Example: in Pashto ter maktaba poori ‘as far as the school,’ the meaning ‘as far as’ is expressed by the combination of ter preceding maktaba ‘school’ and poori following it. (Section 4.3)",https://comparative-concepts.github.io/cc-database/cc-database.html#str:circumposition,,,"""[The notion of] circumposition ... does not refer to the possibility of a morpheme occupying either of two positions, but to the fact that it is made of two parts, which occur simultaneously in a phrase, one at its beginning and one at its end, just as one speaks of circumfixes when the bearing unit is not a phrase but a word."" (Hagège 2010: 114-115)",hagege_adpositions_2010
501,switch-reference system,,A switch-reference system is a pair of minimally contrasting affixally marked dependent verb form types of which one is very largely restricted to same-subject situations and the other one very largely to different-subject situations.,,switch reference,https://glossary.sil.org/term/switch-reference,,,,,,,,,
502,companion (role),,A °nominal bears a comitative role if it serves to express a participant that is said to accompany the °agent of the °event.,,accompaniment as a semantic role,https://glossary.sil.org/term/accompaniment-semantic-role,comitative case,https://en.wikipedia.org/wiki/Comitative_case,,,,,,,
504,dependent,,The dependent of an expression consisting of a °noun and its °modifiers is the modifier; the dependents of an expression consisting of a °verb and its °arguments and °adjuncts are the arguments and adjuncts; and the dependent of an expression consisting of an °adjective and its °degree qualifiers is the degree qualifier.,"Basically, the dependent constituents in a construction are those constituents that are not the head. The term was introduced by Nichols (1986), who was inspired by the dependency grammar tradition (Tesnière 1959; Hays 1964; and subsequent work).",dependent of a phrase,https://glossary.sil.org/term/dependent-phrase,,,dependent (CXN),"dependent (CXN) = any element of a construction that is not the head. Example: in the phrase an ancient watch, ancient and an are dependents. (Section 2.2.1)",https://comparative-concepts.github.io/cc-database/cc-database.html#cxn:dependent,,,,nichols_head-marking_1986;tesniere_elements_1959;hays_dependency_1964
505,dependent clause,,A dependent clause is a °clause that cannot occur on its own in non-elliptical contexts.,"All subordinate clauses are dependent, but not all dependent clauses are subordinate. A form that cannot occur on its own is a bound form, so one could also say that a dependent clause is a ""bound clause"".",,,,,dependent clause (CXN),"dependent clause (CXN) = a clause that is a dependent of a matrix clause in a complex sentence construction. Adverbial clauses, complement clauses, and relative clauses are all examples of dependent clauses. Example: in She watered the plants before she ate lunch, before she ate lunch is an instance of an (adverbial) dependent clause. Dependent clauses are often, but not always, subordinate clauses. (Section 15.1.2)",https://comparative-concepts.github.io/cc-database/cc-database.html#cxn:dependent-clause,,,,
506,differential object flagging,,Differential object flagging is a subtype of °differential object marking in which different subtypes of °P-arguments are °flagged differently.,"Since differential object flagging (DOF) is the best-known subtype of differential object marking (DOM), the term DOM is sometimes taken to refer primarily (or only) to DOF. However, differential object indexing (DOI) is another common type of DOM (Haspelmath 2026).",,,,,,,,,,,haspelmath_non-unity_2026
507,bipartite negation construction,,A bipartite negation construction is a strategy in which °negation is expressed by two °negators.,"See Haspelmath (2025: 67) for this term. Bipartite negation (often exemplified by French ne...pas) is often called ""double negation"", but this latter term is also used for negative concord constructions or duplex negation interpretations.",,,,,double negation strategy (STR),"double negation strategy (STR) = a strategy found in negation constructions, particularly 
declarative negation constructions, in which there are two morphemes that express negative polarity. Example: in the French sentence Je ne vois pas la lune ‘I do not see the moon,’ negative polarity is expressed by both ne and pas. (Section 12.2)",https://comparative-concepts.github.io/cc-database/cc-database.html#str:double-negation-strategy,,,,haspelmath_negindefinites_2025
508,duplex negation,,A duplex negation reading is a reading of a clause in which two negative forms within the same minimal clause cancel each other out.,"The term and the definition is from Haspelmath (2025: 66). A more common term is ""double negation"", but this term is also commonly used for bipartite negation (so it should probably be avoided).",,,double negative,https://en.wikipedia.org/wiki/Double_negative,,,,,,,
509,adverb,,"An adverb is an adverbial that is either a single morph that is not an adjective, or an adjective-plus-affix combination that can be used in adverbial function but not attributively or predicatively.",,adverb (grammar),https://glossary.sil.org/term/adverb-grammar,,,,,,,,,
510,alienable noun,,An alienable noun is a noun that denotes an artifact or a food item.,"Animals and plants that are not food items are not included here, because in some languages, they are treated still differently (Haspelmath (2017) uses the term ""super-alienable"").",alienable noun,https://glossary.sil.org/term/alienable-noun,,,,,,,,,
511,apposition,,[[Apposition is a strategy for object reference in which two or more separate referring phrases juxtaposed to each other refer to the same referent.]],,apposition,https://glossary.sil.org/term/apposition,apposition,https://en.wikipedia.org/wiki/Apposition,apposition (STR),"apposition (STR) = a strategy for object reference in which two or more separate referring phrases juxtaposed to each other refer to the same referent. Example: in my brother, the geophysicist, two separate referring phrases, my brother and the geophysicist, are juxtaposed and refer to the same individual. (Section 5.4)",https://comparative-concepts.github.io/cc-database/cc-database.html#cxn:apposition,,,,
512,derivational construction,,A derivational construction is a construction in which a meaning other than an inflectional meaning is expressed by an affix or endophonically.,"The definition is adapted from Haspelmath (2024: 66). It defines derivational constructions as affixal (or endophonically marked) constructions where the affix does not denote an inflectional meaning. (Inflectional and derivational constructions are thus defined as kinds of functionally defined constructions, not as kinds of strategies.) ❡ 

Note that ""derivation"" is often defined in terms of the notion of ""lexeme"", but it seems that the directionality must be different (""lexeme"" must be defined in terms of ""derivational construction"").",derivational affix,https://glossary.sil.org/term/derivational-affix,morphological derivation,https://en.wikipedia.org/wiki/Morphological_derivation,,,,,,"""New lexemes that are formed with prefixes and suffixes on a base are often referred to as derived words, and the process by which they are formed as derivation."" (Lieber 2009: 33) ❡ ""Derivation is part of the much wider phenomenon of lexical relatedness. It is often assumed that derivation takes a lexeme (the base lexeme) as input and delivers another lexeme (the derivate)."" (Spencer 2015: 301)",haspelmath_inflection_2024;spencer_derivation_2015;lieber_introducing_2009
513,lexeme-stem,,"A lexeme-stem is a root, or a compound, plus possibly derivational affixes, that can combine with inflectional affixes if the language has any but does not contain any inflectional affixes.","This definition is from Haspelmath (2024: 68), where it is pointed out that ""lexeme"" (an abstract notion denoting the a set of related forms) must be defined in terms of the concrete notion of ""lexeme-stem"" (a kind of form). ❡ 

Note that this is not a very natural notion (similar to the ""word"" notion), and that it may not be helpful to use it as the foundation of an architectural distinction between inflection and word formation.",,,,,,,,,,,
514,word-formation construction,,A word-formation construction (a cover term) is a compound construction or a derivational construction.,"Note that ""word formation"" is sometimes thought to involve the creation of ""novel words"". However, many word-formation constructions are productive and their regular application does not lead to new inventorial items. And ""novel words"" may be created by other means, e.g. by abbreviation.",,,word formation,https://en.wikipedia.org/wiki/Word_formation,,,,,,,
515,inventorium,,The inventorium of a language is the set of forms and constructions that cannot be predicted from other forms or constructions.,"This definition is from Haspelmath (2024: 79). Since Bloomfield (1933), the set of unpredictable elements has also been called ""lexicon"", but this term has also been used for an individual's ""mental lexicon"" (or mentalicon), or for the set of all lexemes (or lexemicon). But these are very different notions, because a mental lexicon may contain a lot more than the unpredictable elements, and it is not only lexemes that are unpredictable (many inflected forms are unpredictable, as well as many larger idiomatic expressions). Moreover, the term ""lexicon"" rarely includes the constructions of a language (though Jackendoff & Audring 2020 use ""extended lexicon"" in this way).",lexicon,https://glossary.sil.org/term/lexicon,lexicon,https://en.wikipedia.org/wiki/Lexicon,,,,,,,haspelmath_four_2024;bloomfield_language_1933;jackendoff_relational_2020
516,comparee,,[...],,,,,,,,,,,,
517,specificational clause,,A specificational clause is an °equational clause in which the °topic is a °variable nominal and the °comment is a °value nominal.,"An example is ""The capital of Poland is Warsaw"". Specificational clauses contrast with characterizational clauses, where the topic is a value nominal and the comment is a variable nominal (e.g. ""Warsaw is the capital of Poland""); see Haspelmath (2025: §9). The term ""specificational"" appears to go back to Higgins (1973). ❡ 

Croft's ""identificational"" is similar, using a notion of ""presupposed open presupposition"" for the notion of ""variable"" used here.",,,,,identificational (CXN),"identificational (INF/CXN) = information packaging in which a particular piece of information (the focus) is equated with the “open slot” in a presupposed open proposition; and the construction that expresses that information packaging. The presupposed open proposition may be evoked by an alternative proposition that differs from the identificational construction by only the focus. Example: in It was Ollie who was play- ing the piano, the information in the identificational construction is divided into the presupposed open proposition ‘X was playing the piano,’ and the focused information Ollie, and what is being asserted is ‘X = Ollie.’ The term ‘focus’ is sometimes used as a synonym for ‘identificational,’ but this term is used differently here. (Sections 10.1.2, 11.1, 11.4.1)",https://comparative-concepts.github.io/cc-database/cc-database.html#cxn:identificational-construction,,,,haspelmath_nonverbal_2025;higgins_pseudo-cleft_1973
518,comment,,[...],,,,,,,,,,,,
519,valency alternation,,A valency alternation is a pair of related valency constructions with correspondences between argument positions.,"In Haspelmath (2026), this is described as ""a pair of sister valency constructions"", using the expression ""sister constructions"" for a set of paradigmatically related constructions (Jackendoff & Audring 2020).",,,,,,,,,,,haspelmath_valency_2026;jackendoff_relational_2020
520,causative voice alternation,,"In a causative voice alternation, the coded alternant includes an additional A-argument (the causer), and one of the base arguments (S, A, or P) is treated as P.",,,,,,,,,,,,
521,participial affix,,A participial affix is an affix that can combine with a verb stem and serve as relativizer.,,,,,,,,,,,,
522,evidentiality,,[[Evidentiality is the grammatical marking of information source.]],,evidentiality,https://glossary.sil.org/term/evidentiality,,,,,,,,,
523,clause chain,,A clause chain is a sentence that contains at least one dependent clause that has a dependent verb form and that is not a subordinate clause.,,clause chain,https://glossary.sil.org/term/clause-chain,,,,,,,,,
524,trial affix,,[[[[A trial affix is an affix that indicates that a noun denotes three entities.]],,trial number,https://glossary.sil.org/term/trial-number,(no direct counterpart),https://en.wikipedia.org/wiki/Grammatical_number#Trial,,,,,,,
525,ideophone,,"[[An ideophone is a marked word that depict sensory imagery, e.g. glimmer, twiddle, tinkle.]]",,,,,,ideophones (STR),"ideophones (a.k.a. mimetics) (STR) = a strategy in which a concept is expressed by a phonologically distinctive word, in which there is argued to be some sort of sound- symbolic relationship between the phonological form and its meaning. A common function for which ideophones are used is as the stative component of a stative com- plex predicate; they are probably next most commonly used as property predica- tions or as property modifiers in referring phrases. Example: in Emai ó o hian oí dúdúdú ‘He cuts it [wood] energetically,’ dúdúdú ‘energetically’ is an ideophone that describes the manner of cutting using a reduplicated form; reduplication is a common characteristic of ideophones. (Section 14.4)",https://comparative-concepts.github.io/cc-database/cc-database.html#str:ideophones,,,,
526,circumstantial meaning,,"Circumstantial meaning is a cover term for a °temporal circumstance, a °spatial circumstance, a °contingency circumstance, or a °manner circumstance.","""Circumstants"" were introduced to grammatical terminology by Tesnière (1959), as opposed to ""actants"" (= arguments). The term was used for a syntactic function by Tesnière, corresponding to ""adjunct"". Here it is used for a set of semantic notions that are not necessarily coherent but are very often treated together by linguists.",,,(no direct counterpart),https://en.wikipedia.org/wiki/Lucien_Tesni%C3%A8re#Actants_vs._circumstants,,,,,,"“Les circonstants expriment les circonstances de temps, lieu, manière, etc ... dans lesquelles se déroule le procès. Ainsi dans la phrase _Alfred fourre toujours son nez partout_, il y a deux circonstants, un de temps (toujours) et un de lieu (partout). Les circonstants sont toujours des adverbes (de temps, de lieu, de manière, etc.) ou des équivalents d’adverbes. Inversement les adverbes assument en principe toujours dans la phrase la fonction de circonstants.” (Tesnière 1959: 102-103) ❡

""In the interpretation of a given sentence one distinguishes (i) those entities which are seen as participating in an event or state of affairs expressed by the sentence, and (ii) circumstances surrounding or accompanying the state of affairs such as its time of occurrence, its general spatial setting, aspects of manner, the participants’ intentions, and the like."" (Fillmore 2004: 1117)",tesniere_elements_1959;fillmore_circumstance_2004
527,temporal circumstance,,[[time-related properties of an event]],,,,,,,,,,,,
528,spatial circumstance,,[[space in which an event happens]],,,,,,,,,,,,
529,contingency circumstance,,"A contingency circumstance (a cover term) is a causal, a concessive, a conditional, or a purpose circumstance.",,,,,,,,,,,,
530,manner circumstance,,[[manner in which an event happens]],,,,,,,,,,,,
531,temporal clause,,A temporal clause is a °clause that denotes a °temporal circumstance.,,,,,,,,,,,,
532,conditional (circumstance),,[[condition under which an event can happen]],,,,,,,,,,,,
533,causal (circumstance),,[[cause of an event]],,,,,,,,,,,,
534,concessive (circumstance),,[[circumstance that would normally cause the event not to happen]],,concession relation,https://glossary.sil.org/term/concession-relation,,https://de.wikipedia.org/wiki/Konzessivsatz,concessive relation (SEM),"concessive relation (SEM) / construction (CXN) = a relation between two events such that there is an expected causal relation between the two events, but the opposite of the sec- ond event, expressed in the apodosis, unexpectedly occurs. Example: Although it was raining, I went out is an instance of a concessive relation and construction: the expected causal relation is that rain would lead to my staying in; but in fact I went out. The speaker has a positive epistemic stance toward the concessive construction. A concessive may express a content, epistemic, or speech act causal relation. (Section 17.3.2)",https://comparative-concepts.github.io/cc-database/cc-database.html#sem:concessive-relation,,,,
535,purpose (circumstance),,[[purpose of an action]],,,,,,,,,,,"""A purpose construction is regarded as one encoding a particular relation between events. This relation is such that one of the linked events (the one coded by the main clause, or the main event) is performed with the goal of obtaining the realization of another one (the one coded by the purpose clause, or the dependent event)."" (Cristofaro 2005: 506)",cristofaro_purpose_2005
536,event [PR],,PRIMITIVE,"Another common term for ""event"" is ""situation"" (e.g. Comrie 1976). The use of ""event"" as a cover term for both stative and dynamic situations here follows Croft (2022).",,,event (philosophy),https://en.wikipedia.org/wiki/Event_(philosophy),event (SEM),"event (a.k.a. eventuality, situation, SOA, state of affairs) (SEM) = a superordinate category including both action concepts and state concepts. The term ‘event’ has other meanings, including what we call a telic event. Other terms listed above are also used for ‘event’ as it is defined here. (Sections 2.1, 6.1.1)",https://comparative-concepts.github.io/cc-database/cc-database.html#sem:event,,,"""Event: An action or a state and the participants in that action or state. In formal semantics, this concept is instead referred to with the term “eventuality” (and the term “event” denotes an action, specifically excluding states), but this textbook uses the term “event” to cover both actions and states."" (Diercks et al. 2025: 568)",croft_morphosyntax_2022;comrie_aspect_1976;diercks_syntax_2025
537,argument position [PR],,PRIMITIVE,"Instead of ""argument position"", one can also say ""argument slot"".",,,,,,,,,,,
538,deictic-identificational clause,,A deictic-identificational clause is an °equational clause in which one of the two °nominals is a °demonstrative.,"The term is from Haspelmath (2025: 17). An example is ""That is my sister"".",,,,,,,,,,,haspelmath_nonverbal_2025
539,existent,,The existent is the indefinite nominal in an existential clause.,"The term was apparently first used in Haspelmath (2025: 4). Another term that has been used in the literature is ""pivot"".",,,,,,,,,,,
540,hyparctic clause,,A hyparctic clause is a °clause with a single argument that expresses existence regardless of location.,"The term was introduced in Haspelmath (2025: 12) for expressions of ""pure existence"" such as ""God exists"". It is based on the Greek word _hyparxis_ 'existence'. ❡

Such clauses have often been regarded as a subtype of existential clauses, but it is better to define existential clauses as a subtype of locational clause.",,,,,,,,,,,haspelmath_nonverbal_2025
541,specific article,,[[A specific article is a bound morph that occurs in a nominal and indicates the specific reference of the nominal.]],,,,,,,,,Article,article,,
542,meaning [PR],,PRIMITIVE,,,,,,,,,,,,
543,locopossessional clause,,A locopossessional clause (a cover term) is a locational clause or a possessional clause.,"The term for the four types predlocative, existential, predpossessive, and appertentive is from Haspelmath (2025: 13). Clark (1978) used ""locationals"" for these.",,,,,,,,,,,haspelmath_nonverbal_2025;clark_locationals:_1978
545,tautotic clause,,A tautotic clause is a °clause that expresses the identity of what appear to be two individuals known by different °names.,"An example is ""Dr. Jekyll is Mr. Hyde"". The term was introduced in Haspelmath (2025) (on the basis of Greek _tautótēs_ 'identity'), for what is elsewhere called ""equative clause"" (e.g. Mikkelsen 2011: 1806).",,,,,,,,,,,haspelmath_nonverbal_2025;mikkelsen_copular_2011
546,transpossessive clause,,[[A transpossessive clause is a °clause that uses a °transitive strategy for a °predpossessive clause.]],"An example is ""They have money"" (see Creissels (2020) and Haspelmath (2025: 5)).",,,,,have-possessive strategy (STR),"have-possessive strategy (a.k.a. action strategy) (STR) = a strategy for the presentational 
possession construction in which the possessor is expressed in a subject phrase, and the possessum in an object phrase. Example: English Kerry has a laptop is an instance of the have-possessive strategy. (Section 10.4.2)",https://comparative-concepts.github.io/cc-database/cc-database.html#str:have-possessive-strategy,,,,haspelmath_nonverbal_2025;creissels_predication_2020
547,downgrading,,[[Downgrading refers to a change in the status of an argument slot in a coded valency alternation: either suppression or demotion to oblique.]],,,,,,,,,,,,
548,suppression,,[[Suppression refers to the removal of an argument slot in a coded valency alternation.]],,,,,,,,,,,,
549,coordination construction,,A coordination construction is a construction consisting of two or more °forms of the same type that have the same semantic relations with other surrounding forms.,"The components of a coordination construction are called ""coordinands"".",coordinate clause,https://glossary.sil.org/term/coordinate-clause,coordination (linguistics),https://en.wikipedia.org/wiki/Coordination_(linguistics),coordinate construction (CXN),"coordinate construction (a.k.a. coordination) (CXN) = a construction in which two entities are construed as part of a complex figure information packaging. Example: in John, Paul, George, and Ringo, the four referring phrases are combined into a coordinate construction that construes the four referents as part of a complex whole.",https://comparative-concepts.github.io/cc-database/cc-database.html#cxn:coordinate-construction,,,"""The term coordination refers to syntactic constructions in which two or more units of the same type are combined into a larger unit and still have the same semantic relations with other surrounding elements. The units may be words ..., phrases ..., subordinate clauses ... or full sentences."" (Haspelmath 2007: 1)",haspelmath_coordination_2007
550,coordinand,,The components of a °coordination construction that have the same semantic relation to the surrounding forms are called coordinands.,,,,,,coordinand (CXN),"coordinand (a.k.a. conjunct) (CXN) = a component of a coordinate construction. Example: in Jerry played the guitar and Billy was on drums, Jerry played the guitar is one of the coordinands and Billy was on drums is the other coordinand. Since coordination constructions link entities other than events and the clause constructions that express them, coordinands may also be other constructions than clauses – in particular, coordinands are often referring phrases. (Section 15.2.1)",https://comparative-concepts.github.io/cc-database/cc-database.html#cxn:coordinand,,,,
551,deontic modality,,[...],,,,,,deontic modality (SEM),"deontic modality (SEM) = a type of modality which expresses the attitude of a speaker or other conceiver toward performing an action (i.e. making the action come true). Example: Jerry must get his hair cut is an instance of deontic modality: the speaker expresses her attitude that the situation necessarily will come about. Deontic modality is construed broadly in this textbook, to include wishes as well as intentions and commands, attitude toward oneself performing the action as well as toward others performing the action, and to include objective as well as subjective characterization of the attitude. (Sections 12.1, 12.4)",https://comparative-concepts.github.io/cc-database/cc-database.html#sem:deontic-modality,,,,
552,detached topic,,[...],,,,,,detached (topic phrase) (STR),"detached (topic phrase) (STR) = a strategy for expressing a topic in which the topic referring phrase differs from the expression of a prototypical subject phrase. Example: in German Peter, ich habe ihn heute nicht getroffen ‘Peter, I have not met him today,’ the topic phrase Peter is in intial position, prosodically separated from the rest of the clause, and there is a pronoun ihn ‘him’ referring to Peter in the clause. Not all detached topics have all three of the morphosyntactic properties of the German example; there is a continuum from the prototypical subject/topic phrase and a “fully” detached topic phrase. (Section 11.2.2)",https://comparative-concepts.github.io/cc-database/cc-database.html#str:detached-topic-phrase,,,,
553,direct reported speech,,[[Direct reported speech is a strategy for the complement of an utterance event in which the form as well as the content of an utterance is expressed.]],,direct speech,https://glossary.sil.org/term/direct-speech,(no direct counterpart),"https://en.wikipedia.org/wiki/Quotation#Comparison_between_direct,_indirect,_and_free_indirect_speech",direct report (STR),"direct report (STR) = a strategy for the complement of an utterance event in which the form as well as the content of an utterance is expressed. Example: in Sandy said, ‘I’m buying the house,’ the complement I’m buying the house is presented in its original form – the speaker is not asserting that s/he is buying the house. A direct report strategy may be accompanied by a quotative marker. Although the direct report strategy originates with utterance complement clause constructions, it is also used with other com- plement clause constructions lower in the Binding Hierarchy. (Sections 18.2.2, 18.3.2)",https://comparative-concepts.github.io/cc-database/cc-database.html#str:direct-report,,,,
554,disjunction construction,,[[Disjunction refers to a subtype of coordination that involves an 'or' relation.]],,,,(no direct counterpart),https://en.wikipedia.org/wiki/Logical_disjunction#Natural_language,disjunctive coordination (CXN),"disjunctive coordination (CXN) = a type of coordinate construction typically equated with coordination by ‘or’, representing alternatives in the relevant context. Example: I will take the bus or ride my bicycle is an instance of disjunctive coordination of clauses; an apple or an orange in I'll have an apple or an orange is an instance of disjunctive coordination of referring phrases. Disjunctive coordination can be divided into inclusive disjunction and exclusive disjunction. (Section 15.2.1)",https://comparative-concepts.github.io/cc-database/cc-database.html#cxn:disjunctive-coordination,,,,
555,distal deixis,,[[deictic reference to something that is distant from the location of the speech event]],,,,,,distal (deixis) (SEM),distal (deixis) (SEM) = a contextual category of deixis defined as away from the location of the speaker in the speech event. (Section 3.1.1),https://comparative-concepts.github.io/cc-database/cc-database.html#sem:distal,,,,
556,proximal deixis,,[[deictic reference to something that is close to the location of the speech event]],,,,,,proximal (deixis) (SEM),proximal (deixis) (SEM) = a contextual category of deixis defined as near the location of the speaker in the speech event. (Section 3.1.1),https://comparative-concepts.github.io/cc-database/cc-database.html#sem:proximal,,,,
557,deictic reference,,"[[Deictic reference (or deixis) is the use of linguistic expressions which refer to a particular time (e.g. then), place (e.g. here), or person (e.g. you) relative to the context of the utterance.]]",,,,deixis,https://en.wikipedia.org/wiki/Deixis,,,,,,,
558,discourse marker,,[[A discourse marker is a bound form that does not have reference and is not a linker but that serves to indicate relationships in discourse.]],,,,discourse marker,https://en.wikipedia.org/wiki/Discourse_marker,discourse marker (CXN),"discourse markers (CXN) = a construction that serves a variety of discourse functions, 
including linking sections of discourse together. Example: in the discourse passage ... all you gotta do is put the outdoor condensing unit, ...and refrigerant piping to that coil. So it .. saves-- .. it saves additional work in the future, the word so is a discourse marker that links the preceding section of discourse to the following section. Discourse markers are not discussed in this book except as sources of conjunctions. (Section 15.1.1)",https://comparative-concepts.github.io/cc-database/cc-database.html#cxn:discourse-markers,,,,
559,epistemic modality,,[...],,epistemic modality,https://glossary.sil.org/term/epistemic-modality,epistemic modality,https://en.wikipedia.org/wiki/Epistemic_modality,epistemic modality (SEM),"epistemic modality (SEM): a type of modality that expresses the attitude of a speaker or other conceiver toward the truth of the situation described in the clause – that is, degree of certainty that the situation is true. Example: Jerry might get his hair cut is an instance of epistemic modality – the speaker is expressing a relatively neutral attitude toward whether the future situation will actually come about. Epistemic modality is construed broadly in this textbook, to include objective as well as subjective characterization of the epistemic modal attitude. (Sections 12.1, 12.3.4)",https://comparative-concepts.github.io/cc-database/cc-database.html#sem:epistemic-modality,,,,
560,exceed comparative construction,,[...],,,,,,exceed comparative (STR),"exceed comparative (STR) = a fixed-case strategy in comparative constructions in which there are two predicates, one which attributes a gradable predicative scale to the comparee, and another which asserts that the comparee exceeds the standard on that scale. Example: Swahili mti huu ni mrefu ku-shinda ule ‘This tree is taller than that (tree)’ is an instance of the exceed comparative: the first part mti huu ni mrefu ‘this tree is big’ attributes a degree of height to this tree, and the second part ku-shinda ule ‘exceed [INF] that (tree)’ asserts that this tree exceeds that tree in height. (Section 17.2.2)",https://comparative-concepts.github.io/cc-database/cc-database.html#str:exceed-comparative,,,,
561,independent clause,MAINCS,An independent clause is a °clause that can occur on its own in non-elliptical contexts.,"Independent clauses are often called ""main clauses"", but this latter term is more often used for matrix clauses, i.e. in contrast to subordinate clauses which are contained in them. A sequence of independent clauses making up a paragraph is rarely called a sequence of ""main clauses"". ❡ 

Independent clauses are typically called ""sentences"", but a sentence is just a special kind of clause (a maximal clause).",main clause,https://glossary.sil.org/term/main-clause,independent clause,https://en.wikipedia.org/wiki/Independent_clause,main clause (CXN),"main clause (CXN) = a clause that is pragmatically asserted, typically in the context of identifying the pragmatically asserted clause in a complex sentence construction. Example: in Jerry played the guitar while Phil played the bass, the clause Jerry played the guitar is the main clause, whereas while Phil played the bass is a subordinate clause. Main clauses are generally matrix clauses, but matrix clauses need not be main clauses, and dependent clauses may be pragmatically asserted – i.e. function as main clauses.",https://comparative-concepts.github.io/cc-database/cc-database.html#cxn:main-clause,,,,
562,inalienable adpossessive construction,,An inalienable adpossessive construction is a construction that occurs when the possessed noun is an inalienable noun and that contrasts with another adpossessive construction that can only be used with alienable nouns.,,,,inalienable possession,https://en.wikipedia.org/wiki/Inalienable_possession,inalienable possession (CXN),"inalienable possession (CXN) = a possessive modification construction that always includes either body part relations or kinship relations (but not necessarily both), and contrasts in the language with an alienable possession construction. Example: Crow ba-apé ‘my nose’ is an instance of inalienable possession, using the distinct index b- (cf. the alienable index bas-). (Sections 4.1.4, Section 5.2.3).",https://comparative-concepts.github.io/cc-database/cc-database.html#cxn:inalienable-possession-modification-construction,,,,
563,alienable adpossessive construction,,An alienable adpossessive construction is a construction that occurs when the possessed noun is an alienable noun and that contrasts with another adpossessive construction that can only be used with inalienable nouns.,,,,(no direct counterpart),https://en.wikipedia.org/wiki/Inalienable_possession#Comparison_to_alienable_possession,alienable possession (CXN),"alienable possession (CXN) = a possessive modification construction that always includes the ownership relation, and contrasts in the language with an inalienable possession con- struction. Example: Crow bas-oìosshee ‘my food’ is an instance of alienable possession, using the distinct index bas- (cf. the inalienable index b-). (Section 4.1.4)",https://comparative-concepts.github.io/cc-database/cc-database.html#cxn:alienable-possession-modification-construction,,,,
564,syndetic coordination,,[...],,,,,,syndetic (STR),"syndetic (STR) = the combination of clauses in complex sentence constructions, and of coordinands in coordinate constructions (whether the coordinands are clauses or not), by an overt free or clitic morpheme. Example: She picked up the pieces and dumped them in the wastebasket is an instance of syndetic clause coordination, due to the presence of the coordinator and. Syndetic coordination may be monosyndetic or bisyndetic. (Section 15.2.2)",https://comparative-concepts.github.io/cc-database/cc-database.html#str:syndetic,,,,
565,apprehensional clause,,An apprehensional clause is a °clause that expresses a negative °purpose circumstance of the °event described by the °matrix clause.,,,,,,apprehensional (SEM),"apprehensional (SEM) = the semantic relation between two events where one event serves 
as the opposite of the intended outcome of bringing about the other event. In this respect, the apprehensional relation is a “negative” version of the purpose relation. Examples: I grabbed a stick lest he attack me is a figure–ground construal of the simultaneous relation in an adverbial clause construction, and Grab a stick or he will attack you is a complex figure construal of the relation in a coordinate clause construction. In the figure–ground construal, the “negatively intended” event is construed as the ground. As with the purpose relation, the apprehensional event is unrealized; the complex figure construal is possible because the matrix clause event is also unreal- ized. (Section 15.3.1)",https://comparative-concepts.github.io/cc-database/cc-database.html#cxn:apprehensional-construction,,,,
566,anticausative voice construction,,An anticausative voice construction is the coded alternant in an °anticausative voice alternation.,,,,,,anticausative (STR),"anticausative (STR) = a system in which a noncausal event and its counterpart causal event are expressed such that the noncausal event predicate adds overt coding to the causal event predicate. Example: in Yagua, the noncausal event supataì-y ‘come out’ is formed by the causal event predicate supataì ‘pull out’ plus the overt anticausative suffix -y. (Section 6.3.4)",,,,,
568,alternative concessive conditional clause,,An alternative concessive conditional clause is a concessive conditional clause in which two exhaustive antecedent values are contrasted.,,,,,,alternative concessive conditional strategy (STR),"alternative concessive conditional strategy (STR) = a strategy for expressing a concessive conditional construction where the protasis, which specifies the set of conditions for the concessive conditional, invokes the two polar alternatives possible in the scalar model; the apodosis expresses the unexpected opposite of the expected causal relation between either alternative and the outcome, and so implies the same outcome no mat- ter what. Example: Whether he is right or not, we must support him uses the alternative concessive conditional strategy – either he is right or he is wrong, and under either of those conditions that make up the scalar model, we must support him. (Section 17.3.3)",https://comparative-concepts.github.io/cc-database/cc-database.html#str:alternative-concessive-conditional-strategy,,,,
569,echo polar response,,[[An echo polar response is a construction in which no special polar response word is used but part of the polar question is repeated.]],See Enfield et al. (2019).,,,,,echo strategy (STR),"echo strategy (STR) = a strategy for the polarity response construction in which the answer to a polarity question repeats part of the question. Example: in Welsh, the answers to the polarity question A welwch chwi hwy? [q see you them] ‘Do you see them?’ are either Gwelaf ‘I see (them)’ or Na gwelaf ‘I don’t see (them).’ (Section 12.3.3)",https://comparative-concepts.github.io/cc-database/cc-database.html#str:echo-strategy,,,,
570,adversative coordination construction,,[[An adversative coordination construction is a coordination construction that involves a 'but' relation.]],,,,,,adversative coordination (CXN),"adversative coordination (CXN) = a type of coordinate clause construction typically equated with coordination by ‘but,’ representing some sort of contrast in the relevant context. Adversative coordination is prototypically with simple contrast, but often may also express an unexpected co-occurrence. Example: Petja is diligent but Vanja is lazy is an instance of adversative coordination, with a simple contrast between the 
two events. (Section 15.2.1)",https://comparative-concepts.github.io/cc-database/cc-database.html#cxn:adversative-coordination,,,,
571,indirective alignment,,[[Indirective alignment is an argument coding pattern where the P-argument of monotransitive verbs has the same argument coding as the T-argument of ditransitive verbs.]],,,,,,indirective alignment system (STR),"indirective alignment system (STR) = a system in which the P and T roles are expressed with the same form, but the R role is expressed with a different form. Example: in Randy gave the car to his daughter, the T role (the car) is expressed in the same way as the P role in Randy started the car, and the R role is expressed distinctly, with the flag to. (Section 7.5.2)",https://comparative-concepts.github.io/cc-database/cc-database.html#str:indirective-alignment,,,,
572,interrogative subordinate clause,,[...],,,,,,interrogative complement (CXN),"interrogative complement (CXN) = a complement that expresses a proposition which contains information that is unknown. Interrogative complements commonly occur in certain types of propositional attitude complement clause constructions. Examples: in I wonder who is going to the party or John wondered whether he would go to the party, who is going to the party and whether he would go to the party are interrogative complements. Interrogative complements are often found in the objective construal of epistemic modality. (Sections 12.3.4, 18.3.1)",https://comparative-concepts.github.io/cc-database/cc-database.html#cxn:interrogative-complement,,,,
573,introverted action,,An introverted event is an action that is normally performed on oneself or on each other (contrasting with extroverted action).,,,,,,introverted event (SEM) / verb (CXN),"introverted event (sem) / verb (cxn): an event typically performed on oneself or by oneself, but that could be performed on someone else; and a verb expressing such an event. Examples: shaving oneself vs. shaving someone else, laying down vs. laying someone else down, or quarreling (with each other) are instances of introverted events, and shave, lay (down), and quarrel are introverted verbs. (Section 7.2)",https://comparative-concepts.github.io/cc-database/cc-database.html#cxn:introverted-verb,,,,
574,anticausative voice alternation,,"In an anticausative voice alternation, the uncoded alternant is °transitive (with A- and P-arguments), whereas in the coded alternant, the basic P becomes an S, and the basic A is removed.",,,,,,,,,,,,
575,differential object indexing,,[...],There are two subtypes of DOM: differential object flagging (DOF) and differential object indexing (DOI) (Haspelmath 2026).,,,,,,,,,,,haspelmath_non-unity_2026
576,yes/no polar response,,[...],,,,,,yes/no alignment strategy (STR),"yes/no alignment strategy (STR) = an alignment strategy for the polarity response 
construction in which the answer to a negative polarity question aligns the polarity of the answer, not the polarity of the speaker’s question. Example: in English, the answer to the negative polarity question Do you not have any money? where the addressee does not have any money is No; the polarity of the response matches the polarity of the answer (that the addressee does not have any money). (Section 12.3.3)",https://comparative-concepts.github.io/cc-database/cc-database.html#str:yes-no-alignment,,,,
577,thetic clause,,[...],,,,,,thetic (INF/CXN),"thetic (a.k.a. all new) (INF/CXN) = information packaging that does not split the infor- mation into a topic and a comment, as is done in the topic–comment information packaging; and the construction that expresses that information packaging. Instead, the information is presented as a single whole, hence the alternative name ‘all new.’ Example: TRUMP was elected! (with accent on Trump), uttered on November 9, 2016, is thetic, in that this information is expressed as all new – in this case because it was unexpected at the time. (Sections 10.1.2, 11.1, 11.3.1)",https://comparative-concepts.github.io/cc-database/cc-database.html#inf:thetic,,,,
578,feminine gender,,[[Feminine gender refers to a gender class that includes female-denoting nouns and no male-denoting nouns.]],,feminine gender,https://glossary.sil.org/term/feminine-gender,(no direct counterpart),https://en.wikipedia.org/wiki/Grammatical_gender#Masculine%E2%80%93feminine_contrast,,,,,,,
580,mutual situation,,A mutual situation is a situation with two participants A and B in which the relation between A and B is the same as the relation between B and A.,,,,,,reciprocal (SEM),,https://comparative-concepts.github.io/cc-database/cc-database.html#sem:reciprocal,,,"""A mutual situation can be defined as a situation with two or more participants (A, B, . . . ) in which for at least two of the participants A and B, the relation between A and B is the same as the relation between B and A."" (Haspelmath 2007: 2088)",haspelmath_further_2007
581,applicative voice alternation,,"In an applicative alternation, the verb-coded alternant is transitive with an A and a P, the A corresponds to the S in the uncoded alternant, and the P corresponds to an oblique argument in the uncoded alternant or it has no counterpart.",,,,,,,,,,,,
582,passive voice alternation,,"A passive voice alternation is an asymmetrical voice alternation in which the uncoded alternant is transitive (with A and P), and the coded alternant is intransitive, with the basic A °downgraded and the basic P corresponding to S.",,,,,,,,,,,,
583,proposition [PR],,PRIMITIVE,,proposition,https://glossary.sil.org/term/proposition,proposition,https://en.wikipedia.org/wiki/Proposition,,,,,,,
584,minimal clause,,Two °forms occur in the same minimal clause if neither of them occurs in a °subordinate clause or in a higher matrix clause.,,,,,,,,,,,,
585,impersonal-argument form,,[[An impersonal-argument form is a pronoun-like form such as English _one_ and German _man_ that does not refer to a specific person but is interpreted as human.]],,,,,,,,,,,,
586,hortative marker,,[[A °verbal °marker is a hortative marker if it signals that the °clause is an °imperative sentence and the °subject is first person.]],A hortative marker is thus a special kind of imperative marker.,,,hortative,https://en.wikipedia.org/wiki/Hortative,,,,,,"""In many languages, non-addressee-oriented command forms – or non-canonical imperatives – stand apart from canonical imperatives in their expression and evolution. Alternative terms are available. The term ‘jussive’ can be used to cover commands to third person, and ‘hortative’ describes commands to first person."" (Aikhenvald 2010: 396)",aikhenvald_imperatives_2010
587,dislocation construction,,"A dislocation construction is a °sentence construction in which one of the forms occurs at the margin, necessarily as a separate intonational unit, but could alternatively occur integrated into the clause.","In the European languages, ""dislocation"" has generally been used for constructions in which the dislocated expression is taken up in the core part of the clause by a ""resumptive pronoun"". However, not all languages have such resumptive pronouns, and these are not excluded by the current definition.",,,,,,,,,,"“Dislocations are constituents in the periphery of the clause – or, depending on the
analysis, outside the structure of the clause proper. In the canonical cases, they are doubled by a functional bundle and they are separated from the core clause by an intonational phrase boundary.” (López 2016)

""Dislocations are constructions in which some phrasal constituent appears at the (outer) left or right edge of a complete clause, that is, a clause without a gap."" (Fernández-Sánchez & Ott 2020)",fernandez-sanchez_dislocations_2020;lopez_dislocations_2016
